file,sheet,row,date,date_raw,time_raw,auction_name_raw,contract_raw,status_raw,venue_raw,V,B,bid_count,successful_bid_count,mean_bids_per_bidder,mean_bid_size,mu_B,sd_B,mu_W,sd_W,R,N,S,candidate,exclusion_reasons,reported_numeric_eligible,B_over_N_delta,B_over_N_tolerance,B_over_N_consistent,V_over_S_delta,V_over_S_tolerance,V_over_S_consistent,V_over_N_delta,V_over_N_tolerance,V_over_N_consistent,B_over_V_delta,B_over_V_tolerance,B_over_V_consistent,B_over_bid_count_delta,B_over_bid_count_tolerance,B_over_bid_count_consistent,bids_over_N_delta,bids_over_N_tolerance,bids_over_N_consistent,p_success,reported_CV_B,reported_CV_W,X_reported,Y_reported,mean_submission_population,mean_won_population,SD_population,SD_ddof
emission-spot-primary-market-auction-report-2020-data.xlsx,Primary Market Auction,7,2020-12-14,2020-12-14 00:00:00,2020-12-14 11:01:45.492000,Auction 3. Period CAP2-EU,T3PA,successful,EU,3959500.0,7125500.0,98.0,50.0,3.92,72709.0,285020.0,592590.0,172152.0,279648.0,1.8,25.0,23.0,True,,True,0.0,0.52,True,-0.17391304348711856,0.5217391304347826,True,13772.0,0.52,False,0.0004040914256850936,0.005000353528998084,True,-0.18367346939339768,0.5051020408163265,True,0.0,0.005,True,0.92,2.0791172549294785,1.6244249268088666,1.1246429503638884,0.9648617965416599,consistent-but-unverified:all N bidders,consistent-but-unverified:successful S bidders,unknown,unknown
emission-spot-primary-market-auction-report-2020-data.xlsx,Primary Market Auction,8,2020-12-11,2020-12-11 00:00:00,2020-12-11 11:01:27.341000,Auction 3. Period DE,T3PA,successful,DE,2598500.0,4595500.0,80.0,20.0,3.2,57444.0,183820.0,230716.0,185607.0,235489.0,1.77,25.0,14.0,True,,True,0.0,0.52,True,-0.14285714286961593,0.5357142857142857,True,81667.0,0.52,False,0.0014796998268231665,0.005000532715151139,True,0.25,0.50625,True,0.0,0.005,True,0.56,1.2551191382874551,1.2687506397926802,0.81320280450247,0.8192293010332674,consistent-but-unverified:all N bidders,consistent-but-unverified:successful S bidders,unknown,unknown
emission-spot-primary-market-auction-report-2020-data.xlsx,Primary Market Auction,9,2020-12-10,2020-12-10 00:00:00,2020-12-10 11:01:03.201000,Auction 3. Period CAP2-EU,T3PA,successful,EU,3951500.0,5872500.0,104.0,51.0,4.0,56466.0,225865.0,351387.0,188167.0,321720.0,1.49,26.0,21.0,True,,True,-0.38461538462433964,0.5192307692307693,True,0.3333333333430346,0.5238095238095238,True,36186.23076923078,0.5192307692307693,False,0.0038554979121852018,0.0050003145823978405,True,-0.3461538461560849,0.5048076923076923,True,0.0,0.005,True,0.8076923076923077,1.5557390476612136,1.7097578215096165,0.938341437274079,0.9968592661417427,consistent-but-unverified:all N bidders,consistent-but-unverified:successful S bidders,unknown,unknown
emission-spot-primary-market-auction-report-2020-data.xlsx,Primary Market Auction,10,2020-12-08,2020-12-08 00:00:00,2020-12-08 11:00:46.658000,Auction 3. Period CAP2-EU,T3PA,successful,EU,3951500.0,6804000.0,88.0,44.0,3.83,77318.0,295826.0,323633.0,197575.0,250030.0,1.72,23.0,20.0,True,,True,-0.08695652172900736,0.5217391304347826,True,0.0,0.525,True,25770.652173913055,0.5217391304347826,False,-0.0018777679362267374,0.005000344410728307,True,-0.18181818182347342,0.5056818181818182,True,0.003913043478260825,0.005,True,0.8695652173913043,1.0939978230446277,1.2654941161584208,0.7390750728320586,0.8177928879724539,consistent-but-unverified:all N bidders,consistent-but-unverified:successful S bidders,unknown,unknown
emission-spot-primary-market-auction-report-2020-data.xlsx,Primary Market Auction,11,2020-12-07,2020-12-07 00:00:00,2020-12-07 11:00:43.846000,Auction 3. Period CAP2-EU,T3PA,successful,EU,3951500.0,5814500.0,93.0,46.0,3.72,62522.0,232580.0,350435.0,197575.0,313674.0,1.47,25.0,20.0,True,,True,0.0,0.52,True,0.0,0.525,True,39515.0,0.52,False,-0.0014665316968240916,0.00500031272513196,True,0.49462365591170965,0.5053763440860215,True,0.0,0.005,True,0.8,1.5067288674864563,1.5876198911805643,0.9189786631426037,0.9507384922738396,consistent-but-unverified:all N bidders,consistent-but-unverified:successful S bidders,unknown,unknown
emission-spot-primary-market-auction-report-2020-data.xlsx,Primary Market Auction,12,2020-12-04,2020-12-04 00:00:00,2020-12-04 11:00:28.693000,Auction 3. Period DE,T3PA,successful,DE,2593000.0,4164000.0,86.0,21.0,3.58,48419.0,173500.0,213046.0,172867.0,247842.0,1.61,24.0,15.0,True,,True,0.0,0.5208333333333334,True,0.3333333333430346,0.5333333333333333,True,64825.33333333333,0.5208333333333334,False,0.004138064018511578,0.005000502480186201,True,0.3953488372062566,0.5058139534883721,True,-0.0033333333333334103,0.005,True,0.625,1.2279308357348704,1.4337149369168205,0.8010732783762171,0.8894188705812075,consistent-but-unverified:all N bidders,consistent-but-unverified:successful S bidders,unknown,unknown
emission-spot-primary-market-auction-report-2020-data.xlsx,Primary Market Auction,13,2020-12-03,2020-12-03 00:00:00,2020-12-03 11:01:07.321000,Auction 3. Period CAP2-EU,T3PA,successful,EU,3951500.0,5509500.0,94.0,39.0,3.36,58612.0,196768.0,256098.0,164646.0,223987.0,1.39,28.0,24.0,True,,True,0.14285714286961593,0.5178571428571429,True,0.1666666666569654,0.5208333333333334,True,23521.0,0.5178571428571429,False,-0.004280652916613947,0.005000302958475179,True,0.297872340423055,0.5053191489361702,True,0.0028571428571426694,0.005,True,0.8571428571428571,1.301522605301675,1.3604156797006912,0.8335709062133131,0.8588377389938833,consistent-but-unverified:all N bidders,consistent-but-unverified:successful S bidders,unknown,unknown
emission-spot-primary-market-auction-report-2020-data.xlsx,Primary Market Auction,14,2020-12-02,2020-12-02 00:00:00,2020-12-02 11:01:56.378000,Auction 3. Period CAP2-PL,T3PA,successful,PL,6398500.0,9157500.0,108.0,35.0,4.5,84792.0,381563.0,528087.0,492192.0,543299.0,1.43,24.0,13.0,True,,True,0.5,0.5208333333333334,True,-0.3076923076878302,0.5384615384615384,True,225587.8333333333,0.5208333333333334,False,-0.0011948112838946479,0.005000189981630314,True,0.3333333333284827,0.5046296296296297,True,0.0,0.005,True,0.5416666666666666,1.384009980003302,1.1038354950913465,0.8687839354373369,0.743762105075064,consistent-but-unverified:all N bidders,consistent-but-unverified:successful S bidders,unknown,unknown
emission-spot-primary-market-auction-report-2020-data.xlsx,Primary Market Auction,15,2020-12-01,2020-12-01 00:00:00,2020-12-01 11:00:34.031000,Auction 3. Period CAP2-EU,T3PA,successful,EU,3951500.0,5357000.0,89.0,60.0,3.71,60191.0,223208.0,353786.0,197575.0,370024.0,1.36,24.0,20.0,True,,True,-0.3333333333430346,0.5208333333333334,True,0.0,0.525,True,32929.16666666666,0.5208333333333334,False,0.004312286473491245,0.005000298075146788,True,-0.011235955054871738,0.5056179775280899,True,0.0016666666666664831,0.005,True,0.8333333333333334,1.5850059137665318,1.8728280399848158,0.9497277956817725,1.0552969243892092,consistent-but-unverified:all N bidders,consistent-but-unverified:successful S bidders,unknown,unknown
emission-spot-primary-market-auction-report-2020-data.xlsx,Primary Market Auction,16,2020-11-30,2020-11-30 00:00:00,2020-11-30 11:01:31.327000,Auction 3. Period CAP2-EU,T3PA,successful,EU,3951500.0,6265000.0,97.0,47.0,3.73,64588.0,240962.0,367099.0,207974.0,312850.0,1.59,26.0,19.0,True,,True,0.46153846153174527,0.5192307692307693,True,0.3157894736796152,0.5263157894736842,True,55993.23076923078,0.5192307692307693,False,0.004526129317980576,0.005000327150964355,True,0.371134020620957,0.5051546391752577,True,-0.0007692307692308553,0.005,True,0.7307692307692307,1.5234725807388716,1.5042745727831364,0.9256359611710382,0.917999100893715,consistent-but-unverified:all N bidders,consistent-but-unverified:successful S bidders,unknown,unknown
emission-spot-primary-market-auction-report-2020-data.xlsx,Primary Market Auction,17,2020-11-27,2020-11-27 00:00:00,2020-11-27 11:01:00.335000,Auction 3. Period DE,T3PA,successful,DE,2593000.0,4269500.0,79.0,44.0,3.04,54044.0,164212.0,206781.0,117864.0,134731.0,1.65,26.0,22.0,True,,True,0.46153846153174527,0.5192307692307693,True,0.36363636363239493,0.5227272727272727,True,18133.230769230766,0.5192307692307693,False,0.0034516004627842545,0.005000510325629972,True,-0.3037974683538778,0.5063291139240507,True,0.0015384615384617106,0.005,True,0.8461538461538461,1.2592319684310525,1.1431056132491686,0.8150249185491126,0.7622559981744967,consistent-but-unverified:all N bidders,consistent-but-unverified:successful S bidders,unknown,unknown
emission-spot-primary-market-auction-report-2020-data.xlsx,Primary Market Auction,18,2020-11-26,2020-11-26 00:00:00,2020-11-26 11:00:35.497000,Auction 3. Period CAP2-EU,T3PA,successful,EU,3951500.0,6075000.0,97.0,29.0,3.73,62629.0,233654.0,422885.0,219528.0,413389.0,1.54,26.0,18.0,True,,True,0.1538461538439151,0.5192307692307693,True,0.22222222221898846,0.5277777777777778,True,67547.23076923078,0.5192307692307693,False,0.002609135771226123,0.0050003210668175075,True,0.13402061855595093,0.5051546391752577,True,-0.0007692307692308553,0.005,True,0.6923076923076923,1.8098769976118534,1.8830809737254472,1.0331407092957177,1.058859504881839,consistent-but-unverified:all N bidders,consistent-but-unverified:successful S bidders,unknown,unknown
emission-spot-primary-market-auction-report-2020-data.xlsx,Primary Market Auction,19,2020-11-24,2020-11-24 00:00:00,2020-11-24 11:00:49.736000,Auction 3. Period CAP2-EU,T3PA,successful,EU,3951500.0,5933500.0,103.0,49.0,3.55,57607.0,204603.0,357664.0,164646.0,284094.0,1.5,29.0,24.0,True,,True,-0.44827586205792613,0.5172413793103449,True,0.1666666666569654,0.5208333333333334,True,28387.37931034484,0.5172413793103449,False,-0.0015816778438566548,0.0050003165357291966,True,0.20388349514541915,0.5048543689320388,True,-0.0017241379310348748,0.005,True,0.8275862068965517,1.7480877601990195,1.725483765168908,1.0109053098760028,1.0026459408612391,consistent-but-unverified:all N bidders,consistent-but-unverified:successful S bidders,unknown,unknown
emission-spot-primary-market-auction-report-2020-data.xlsx,Primary Market Auction,20,2020-11-23,2020-11-23 00:00:00,2020-11-23 11:00:29.589000,Auction 3. Period CAP2-EU,T3PA,successful,EU,3951500.0,6090000.0,105.0,53.0,3.39,58000.0,196452.0,301268.0,158060.0,227874.0,1.54,31.0,25.0,True,,True,0.3870967741822824,0.5161290322580645,True,0.0,0.52,True,30592.258064516136,0.5161290322580645,False,-0.001186891054030026,0.00500032154714489,True,0.0,0.5047619047619047,True,0.002903225806451637,0.005,True,0.8064516129032258,1.5335450898947325,1.4416930279640643,0.9296195432472255,0.8926916626125345,consistent-but-unverified:all N bidders,consistent-but-unverified:successful S bidders,unknown,unknown
emission-spot-primary-market-auction-report-2020-data.xlsx,Primary Market Auction,21,2020-11-20,2020-11-20 00:00:00,2020-11-20 11:00:32.382000,Auction 3. Period DE,T3PA,successful,DE,2593000.0,7079000.0,101.0,15.0,3.37,70089.0,235967.0,579888.0,199462.0,299472.0,2.73,30.0,13.0,True,,True,0.3333333333430346,0.5166666666666667,True,0.46153846153174527,0.5384615384615384,True,113028.66666666667,0.5166666666666667,False,-4.2421905129153004e-05,0.005000719252400373,True,-0.10891089108190499,0.504950495049505,True,0.0033333333333334103,0.005,True,0.43333333333333335,2.4574961753126496,1.5013987626715866,1.2405446783559184,0.916850080478188,consistent-but-unverified:all N bidders,consistent-but-unverified:successful S bidders,unknown,unknown
emission-spot-primary-market-auction-report-2020-data.xlsx,Primary Market Auction,22,2020-11-19,2020-11-19 00:00:00,2020-11-19 11:00:39.009000,Auction 3. Period CAP2-EU,T3PA,successful,EU,3951500.0,5548000.0,99.0,60.0,3.41,56040.0,191310.0,308262.0,151981.0,252560.0,1.4,29.0,26.0,True,,True,-0.34482758620288223,0.5172413793103449,True,0.23076923078042455,0.5192307692307693,True,15722.37931034484,0.5172413793103449,False,-0.004023788434771802,0.005000304191315461,True,-0.4040404040424619,0.5050505050505051,True,-0.0037931034482756587,0.005,True,0.896551724137931,1.6113219382154618,1.6617866707022588,0.9598565828496934,0.9789975780322109,consistent-but-unverified:all N bidders,consistent-but-unverified:successful S bidders,unknown,unknown
emission-spot-primary-market-auction-report-2020-data.xlsx,Primary Market Auction,23,2020-11-18,2020-11-18 00:00:00,2020-11-18 11:00:42.631000,Auction 3. Period CAP2-PL,T3PA,successful,PL,6398500.0,8631000.0,91.0,56.0,3.79,94846.0,359625.0,563682.0,290841.0,471963.0,1.35,24.0,22.0,True,,True,0.0,0.5208333333333334,True,0.09090909088263288,0.5227272727272727,True,24236.833333333314,0.5208333333333334,False,0.0010900992420099787,0.005000183551614142,True,-0.1538461538439151,0.5054945054945055,True,-0.0016666666666664831,0.005,True,0.9166666666666666,1.5674160583941605,1.622752638039341,0.942899968379268,0.9642243914584596,consistent-but-unverified:all N bidders,consistent-but-unverified:successful S bidders,unknown,unknown
emission-spot-primary-market-auction-report-2020-data.xlsx,Primary Market Auction,24,2020-11-17,2020-11-17 00:00:00,2020-11-17 11:00:30.043000,Auction 3. Period CAP2-EU,T3PA,successful,EU,3951500.0,5871000.0,90.0,35.0,3.33,65233.0,217444.0,345180.0,207974.0,302066.0,1.49,27.0,19.0,True,,True,-0.4444444444379769,0.5185185185185185,True,0.3157894736796152,0.5263157894736842,True,61622.148148148146,0.5185185185185185,False,0.004235100594710772,0.005000314534365102,True,-0.33333333333575865,0.5055555555555555,True,-0.0033333333333334103,0.005,True,0.7037037037037037,1.5874432037674069,1.4524219373575542,0.950670208115759,0.8970760821271743,consistent-but-unverified:all N bidders,consistent-but-unverified:successful S bidders,unknown,unknown
emission-spot-primary-market-auction-report-2020-data.xlsx,Primary Market Auction,25,2020-11-16,2020-11-16 00:00:00,2020-11-16 11:01:49.809000,Auction 3. Period CAP2-EU,T3PA,successful,EU,3951500.0,5799500.0,94.0,31.0,3.62,61697.0,223058.0,343217.0,232441.0,326064.0,1.47,26.0,17.0,True,,True,0.3076923076878302,0.5192307692307693,True,-0.1764705882233102,0.5294117647058824,True,80460.23076923078,0.5192307692307693,False,0.0023294951284322796,0.005000312244804578,True,0.19148936169949593,0.5053191489361702,True,0.004615384615384688,0.005,True,0.6538461538461539,1.538689488832501,1.402781781183182,0.9316479986042729,0.876627141637498,consistent-but-unverified:all N bidders,consistent-but-unverified:successful S bidders,unknown,unknown
emission-spot-primary-market-auction-report-2020-data.xlsx,Primary Market Auction,26,2020-11-13,2020-11-13 00:00:00,2020-11-13 11:00:39.865000,Auction 3. Period DE,T3PA,successful,DE,2593000.0,4218000.0,81.0,26.0,3.12,52074.0,162231.0,245073.0,152529.0,212632.0,1.63,26.0,17.0,True,,True,0.23076923078042455,0.5192307692307693,True,-0.411764705873793,0.5294117647058824,True,52798.230769230766,0.5192307692307693,False,0.0033127651369069255,0.005000506495863582,True,-0.07407407407299615,0.5061728395061729,True,0.004615384615384688,0.005,True,0.6538461538461539,1.5106422323723578,1.3940431000006557,0.9205385898857411,0.8729836103156846,consistent-but-unverified:all N bidders,consistent-but-unverified:successful S bidders,unknown,unknown
emission-spot-primary-market-auction-report-2020-data.xlsx,Primary Market Auction,27,2020-11-12,2020-11-12 00:00:00,2020-11-12 11:00:50.277000,Auction 3. Period CAP2-EU,T3PA,successful,EU,3951500.0,6111500.0,83.0,29.0,3.32,73633.0,244460.0,408261.0,219528.0,349311.0,1.55,25.0,18.0,True,,True,0.0,0.52,True,0.22222222221898846,0.5277777777777778,True,61468.0,0.52,False,0.0033721371631025843,0.005000322235614138,True,0.4698795180738671,0.5060240963855421,True,0.0,0.005,True,0.72,1.6700523603043442,1.5911911009074013,0.9820980828207508,0.9521176545172023,consistent-but-unverified:all N bidders,consistent-but-unverified:successful S bidders,unknown,unknown
emission-spot-primary-market-auction-report-2020-data.xlsx,Primary Market Auction,28,2020-11-10,2020-11-10 00:00:00,2020-11-10 11:03:44.751000,Auction 3. Period CAP2-EU,T3PA,successful,EU,3951500.0,6337000.0,85.0,32.0,3.04,74553.0,226321.0,369697.0,219528.0,332859.0,1.6,28.0,18.0,True,,True,-0.42857142857974395,0.5178571428571429,True,0.22222222221898846,0.5277777777777778,True,78403.0,0.5178571428571429,False,-0.0036947994432492415,0.005000329456535792,True,0.0588235294126207,0.5058823529411764,True,0.004285714285714448,0.005,True,0.6428571428571429,1.6335072750650625,1.5162484967748988,0.9683165224455841,0.9227691005647901,consistent-but-unverified:all N bidders,consistent-but-unverified:successful S bidders,unknown,unknown
emission-spot-primary-market-auction-report-2020-data.xlsx,Primary Market Auction,29,2020-11-09,2020-11-09 00:00:00,2020-11-09 11:00:53.944000,Auction 3. Period CAP2-EU,T3PA,successful,EU,3951500.0,5359500.0,79.0,43.0,3.16,67842.0,214380.0,325880.0,197575.0,305772.0,1.36,25.0,20.0,True,,True,0.0,0.52,True,0.0,0.525,True,39515.0,0.52,False,0.003679615335948405,0.005000298155201352,True,0.22784810126177035,0.5063291139240507,True,0.0,0.005,True,0.8,1.5201044873588954,1.5476249525496646,0.9243003639014126,0.9351615339990845,consistent-but-unverified:all N bidders,consistent-but-unverified:successful S bidders,unknown,unknown
emission-spot-primary-market-auction-report-2020-data.xlsx,Primary Market Auction,30,2020-11-06,2020-11-06 00:00:00,2020-11-06 11:02:43.992000,Auction 3. Period DE,T3PA,successful,DE,2593000.0,6322500.0,85.0,32.0,3.54,74382.0,263438.0,584333.0,152529.0,217304.0,2.44,24.0,17.0,True,,True,0.5,0.5208333333333334,True,-0.411764705873793,0.5294117647058824,True,44487.33333333333,0.5208333333333334,False,0.0017045892788276618,0.005000662995734842,True,-0.3529411764757242,0.5058823529411764,True,-0.0016666666666664831,0.005,True,0.7083333333333334,2.2181044496238203,1.424673340807322,1.1687925059750228,0.8856968104942142,consistent-but-unverified:all N bidders,consistent-but-unverified:successful S bidders,unknown,unknown
emission-spot-primary-market-auction-report-2020-data.xlsx,Primary Market Auction,31,2020-11-05,2020-11-05 00:00:00,2020-11-05 11:00:56.454000,Auction 3. Period CAP2-EU,T3PA,successful,EU,3951500.0,7277000.0,100.0,27.0,3.33,72770.0,242567.0,394367.0,246969.0,352551.0,1.84,30.0,16.0,True,,True,0.3333333333430346,0.5166666666666667,True,0.25,0.53125,True,115252.33333333334,0.5166666666666667,False,-0.0015791471593065154,0.005000359557051776,True,0.0,0.505,True,-0.0033333333333334103,0.005,True,0.5333333333333333,1.625806478210144,1.427511145123477,0.9653880786525186,0.8868665123668208,consistent-but-unverified:all N bidders,consistent-but-unverified:successful S bidders,unknown,unknown
emission-spot-primary-market-auction-report-2020-data.xlsx,Primary Market Auction,33,2020-11-04,2020-11-04 00:00:00,2020-11-04 11:00:48.557000,Auction 3. Period CAP2-PL,T3PA,successful,PL,6398500.0,9626500.0,102.0,42.0,3.92,94377.0,370250.0,552668.0,319925.0,445266.0,1.5,26.0,20.0,True,,True,0.0,0.5192307692307693,True,0.0,0.525,True,73828.84615384616,0.5192307692307693,False,-0.00449324060326628,0.005000195709413001,True,-0.4509803921537241,0.5049019607843137,True,-0.003076923076922977,0.005,True,0.7692307692307693,1.4926887238352464,1.3917824490114872,0.9133619366716439,0.8720388825423235,consistent-but-unverified:all N bidders,consistent-but-unverified:successful S bidders,unknown,unknown
emission-spot-primary-market-auction-report-2020-data.xlsx,Primary Market Auction,34,2020-11-03,2020-11-03 00:00:00,2020-11-03 11:00:41.755000,Auction 3. Period CAP2-EU,T3PA,successful,EU,3951500.0,6515000.0,78.0,24.0,3.0,83526.0,250577.0,375740.0,219528.0,346833.0,1.65,26.0,18.0,True,,True,0.07692307693650946,0.5192307692307693,True,0.22222222221898846,0.5277777777777778,True,67547.23076923078,0.5192307692307693,False,0.0012590155637099976,0.005000335156420734,True,0.3589743589691352,0.5064102564102564,True,0.0,0.005,True,0.6923076923076923,1.499499155948072,1.5799032469662184,0.9160903741831221,0.9477518970544551,consistent-but-unverified:all N bidders,consistent-but-unverified:successful S bidders,unknown,unknown
emission-spot-primary-market-auction-report-2020-data.xlsx,Primary Market Auction,35,2020-11-02,2020-11-02 00:00:00,2020-11-02 11:00:54.736000,Auction 3. Period CAP2-EU,T3PA,successful,EU,3951500.0,6743500.0,101.0,33.0,3.88,66767.0,259365.0,365261.0,207974.0,293787.0,1.71,26.0,19.0,True,,True,-0.38461538462433964,0.5192307692307693,True,0.3157894736796152,0.5263157894736842,True,55993.23076923078,0.5192307692307693,False,0.0034328735923065956,0.005000342473407864,True,-0.3267326732602669,0.504950495049505,True,-0.004615384615384688,0.005,True,0.7307692307692307,1.40828947622077,1.412614076759595,0.8789167345988016,0.8807108388165293,consistent-but-unverified:all N bidders,consistent-but-unverified:successful S bidders,unknown,unknown
emission-spot-primary-market-auction-report-2020-data.xlsx,Primary Market Auction,36,2020-10-30,2020-10-30 00:00:00,2020-10-30 11:00:41.148000,Auction 3. Period DE,T3PA,successful,DE,2593000.0,3953000.0,77.0,38.0,3.5,51338.0,179682.0,223075.0,136474.0,213625.0,1.52,22.0,19.0,True,,True,0.18181818182347342,0.5227272727272727,True,0.3157894736796152,0.5263157894736842,True,18610.363636363632,0.5227272727272727,False,-0.004489008870034672,0.005000486789298657,True,0.3376623376607313,0.5064935064935064,True,0.0,0.005,True,0.8636363636363636,1.2414988702262886,1.5653164705365123,0.8071447805874833,0.9420818513381322,consistent-but-unverified:all N bidders,consistent-but-unverified:successful S bidders,unknown,unknown
emission-spot-primary-market-auction-report-2020-data.xlsx,Primary Market Auction,37,2020-10-29,2020-10-29 00:00:00,2020-10-29 11:01:10.660000,Auction 3. Period CAP2-EU,T3PA,successful,EU,3951500.0,6197000.0,103.0,31.0,3.55,60165.0,213690.0,313069.0,207974.0,286900.0,1.57,29.0,19.0,True,,True,0.34482758620288223,0.5172413793103449,True,0.3157894736796152,0.5263157894736842,True,71715.37931034484,0.5172413793103449,False,0.001734784259142197,0.00500032497348022,True,-0.048543689321377315,0.5048543689320388,True,-0.0017241379310348748,0.005,True,0.6551724137931034,1.4650615377415883,1.3794993604969852,0.902216771784093,0.866890112823785,consistent-but-unverified:all N bidders,consistent-but-unverified:successful S bidders,unknown,unknown
emission-spot-primary-market-auction-report-2020-data.xlsx,Primary Market Auction,38,2020-10-27,2020-10-27 00:00:00,2020-10-27 11:00:31.740000,Auction 3. Period CAP2-EU,T3PA,successful,EU,3952000.0,5633000.0,90.0,55.0,3.46,62589.0,216654.0,317959.0,164667.0,262685.0,1.43,26.0,24.0,True,,True,0.1538461538439151,0.5192307692307693,True,0.3333333333430346,0.5208333333333334,True,12667.0,0.5192307692307693,False,0.0046457489878541924,0.005000306851522185,True,0.11111111110949423,0.5055555555555555,True,-0.0015384615384617106,0.005,True,0.9230769230769231,1.4675888744265049,1.5952498071866252,0.9032415096815294,0.9536827767964939,consistent-but-unverified:all N bidders,consistent-but-unverified:successful S bidders,unknown,unknown
emission-spot-primary-market-auction-report-2020-data.xlsx,Primary Market Auction,39,2020-10-26,2020-10-26 00:00:00,2020-10-26 11:00:46.290000,Auction 3. Period CAP2-EU,T3PA,successful,EU,3952000.0,6279000.0,101.0,46.0,3.61,62168.0,224250.0,418791.0,171826.0,297841.0,1.59,28.0,23.0,True,,True,0.0,0.5178571428571429,True,-0.08695652172900736,0.5217391304347826,True,30683.14285714287,0.5178571428571429,False,0.0011842105263157876,0.005000327532387461,True,-0.31683168316521915,0.504950495049505,True,0.0028571428571426694,0.005,True,0.8214285714285714,1.8675183946488294,1.7333872638599515,1.0534469848739887,1.0055415960879204,consistent-but-unverified:all N bidders,consistent-but-unverified:successful S bidders,unknown,unknown
emission-spot-primary-market-auction-report-2020-data.xlsx,Primary Market Auction,40,2020-10-23,2020-10-23 00:00:00,2020-10-23 11:00:26.034000,Auction 3. Period DE,T3PA,successful,DE,2593000.0,3257500.0,67.0,44.0,3.05,48619.0,148068.0,190621.0,144056.0,200668.0,1.26,22.0,18.0,True,,True,-0.18181818182347342,0.5227272727272727,True,0.4444444444379769,0.5277777777777778,True,26192.363636363632,0.5227272727272727,False,0.003733127651369017,0.005000435068861279,True,-0.40298507463012356,0.5074626865671642,True,0.004545454545454408,0.005,True,0.8181818181818182,1.2873882270308237,1.392986060976287,0.8274106544735421,0.8725419839933863,consistent-but-unverified:all N bidders,consistent-but-unverified:successful S bidders,unknown,unknown
emission-spot-primary-market-auction-report-2020-data.xlsx,Primary Market Auction,41,2020-10-22,2020-10-22 00:00:00,2020-10-22 11:00:38.628000,Auction 3. Period CAP2-EU,T3PA,successful,EU,3952000.0,6648500.0,87.0,23.0,3.11,76420.0,237446.0,380235.0,219556.0,348915.0,1.68,28.0,18.0,True,,True,-0.42857142857974395,0.5178571428571429,True,0.4444444444379769,0.5277777777777778,True,78413.14285714287,0.5178571428571429,False,-0.0023127530364372983,0.005000339361458234,True,0.4597701149468776,0.5057471264367817,True,0.0028571428571426694,0.005,True,0.6428571428571429,1.601353570917177,1.5891845360636923,0.9560319137589991,0.9513429751948232,consistent-but-unverified:all N bidders,consistent-but-unverified:successful S bidders,unknown,unknown
emission-spot-primary-market-auction-report-2020-data.xlsx,Primary Market Auction,42,2020-10-21,2020-10-21 00:00:00,2020-10-21 11:00:27.033000,Auction 3. Period CAP2-PL,T3PA,successful,PL,6398500.0,8018000.0,92.0,55.0,3.68,87152.0,320720.0,485287.0,278196.0,447035.0,1.25,25.0,23.0,True,,True,0.0,0.52,True,0.3478260869742371,0.5217391304347826,True,22256.0,0.52,False,-0.0031061967648666755,0.005000176065194553,True,-0.17391304347256664,0.5054347826086957,True,0.0,0.005,True,0.92,1.5131173609378898,1.6069066413607673,0.9215239589981872,0.9581643235547808,consistent-but-unverified:all N bidders,consistent-but-unverified:successful S bidders,unknown,unknown
emission-spot-primary-market-auction-report-2020-data.xlsx,Primary Market Auction,43,2020-10-20,2020-10-20 00:00:00,2020-10-20 11:00:53.757000,Auction 3. Period CAP2-EU,T3PA,successful,EU,3952000.0,5763500.0,79.0,42.0,2.82,72956.0,205839.0,333231.0,164667.0,301885.0,1.46,28.0,24.0,True,,True,-0.285714285710128,0.5178571428571429,True,0.3333333333430346,0.5208333333333334,True,23524.14285714287,0.5178571428571429,False,0.0016244939271254921,0.00500031102931308,True,0.3037974683538778,0.5063291139240507,True,-0.0014285714285717788,0.005,True,0.8571428571428571,1.6188914637167884,1.8333060054534303,0.9627511227870306,1.041444229647563,consistent-but-unverified:all N bidders,consistent-but-unverified:successful S bidders,unknown,unknown
emission-spot-primary-market-auction-report-2020-data.xlsx,Primary Market Auction,44,2020-10-19,2020-10-19 00:00:00,2020-10-19 11:00:26.188000,Auction 3. Period CAP2-EU,T3PA,successful,EU,3952000.0,5951000.0,78.0,34.0,2.69,76295.0,205207.0,315380.0,197600.0,330840.0,1.51,29.0,20.0,True,,True,0.1034482758550439,0.5172413793103449,True,0.0,0.525,True,61324.13793103449,0.5172413793103449,False,0.004180161943319938,0.005000317031886206,True,0.12820512820326257,0.5064102564102564,True,0.0003448275862067973,0.005,True,0.6896551724137931,1.5368871432261082,1.6742914979757084,0.9309377952863818,0.9836844846963859,consistent-but-unverified:all N bidders,consistent-but-unverified:successful S bidders,unknown,unknown
emission-spot-primary-market-auction-report-2020-data.xlsx,Primary Market Auction,45,2020-10-16,2020-10-16 00:00:00,2020-10-16 11:00:54.399000,Auction 3. Period DE,T3PA,successful,DE,2593000.0,5214500.0,71.0,16.0,3.09,73444.0,226717.0,299368.0,216083.0,228220.0,2.01,23.0,12.0,True,,True,-0.3913043478387408,0.5217391304347826,True,-0.3333333333430346,0.5416666666666666,True,103343.86956521739,0.5217391304347826,False,-0.0009911299652913819,0.005000580599984138,True,0.3380281690187985,0.5070422535211268,True,0.003043478260869481,0.005,True,0.5217391304347826,1.3204479593502032,1.0561682316517265,0.8417602529663419,0.7208441689787878,consistent-but-unverified:all N bidders,consistent-but-unverified:successful S bidders,unknown,unknown
emission-spot-primary-market-auction-report-2020-data.xlsx,Primary Market Auction,46,2020-10-15,2020-10-15 00:00:00,2020-10-15 11:00:47.336000,Auction 3. Period CAP2-EU,T3PA,successful,EU,3952000.0,7146500.0,92.0,28.0,3.29,77679.0,255232.0,345316.0,188190.0,261042.0,1.81,28.0,21.0,True,,True,-0.14285714286961593,0.5178571428571429,True,-0.4761904761835467,0.5238095238095238,True,47047.14285714287,0.5178571428571429,False,0.0016751012145750366,0.005000355304292456,True,-0.3478260869596852,0.5054347826086957,True,0.004285714285714448,0.005,True,0.75,1.3529494734202607,1.3871194006057708,0.8556696362551139,0.8700873673062488,consistent-but-unverified:all N bidders,consistent-but-unverified:successful S bidders,unknown,unknown
emission-spot-primary-market-auction-report-2020-data.xlsx,Primary Market Auction,47,2020-10-13,2020-10-13 00:00:00,2020-10-13 11:00:36.835000,Auction 3. Period CAP2-EU,T3PA,successful,EU,3952000.0,6552500.0,116.0,53.0,3.74,56487.0,211371.0,335381.0,152000.0,274147.0,1.66,31.0,26.0,True,,True,0.0322580645151902,0.5161290322580645,True,0.0,0.5192307692307693,True,24516.12903225806,0.5161290322580645,False,0.001978744939271193,0.0050003362881407935,True,-0.06896551723912125,0.5043103448275862,True,-0.0019354838709673139,0.005,True,0.8387096774193549,1.5866935388487542,1.8035986842105263,0.9503804342032437,1.0309038363225238,consistent-but-unverified:all N bidders,consistent-but-unverified:successful S bidders,unknown,unknown
emission-spot-primary-market-auction-report-2020-data.xlsx,Primary Market Auction,48,2020-10-12,2020-10-12 00:00:00,2020-10-12 11:00:37.697000,Auction 3. Period CAP2-EU,T3PA,successful,EU,3952000.0,7421000.0,110.0,33.0,3.93,67464.0,265036.0,444471.0,232471.0,365008.0,1.88,28.0,17.0,True,,True,0.28571428573923185,0.5178571428571429,True,0.411764705873793,0.5294117647058824,True,91328.14285714287,0.5178571428571429,False,0.002216599190283386,0.005000364092059513,True,0.36363636363239493,0.5045454545454545,True,0.0014285714285717788,0.005,True,0.6071428571428571,1.6770212348511147,1.570122724985052,0.9847046968381385,0.943953650679466,consistent-but-unverified:all N bidders,consistent-but-unverified:successful S bidders,unknown,unknown
emission-spot-primary-market-auction-report-2020-data.xlsx,Primary Market Auction,49,2020-10-09,2020-10-09 00:00:00,2020-10-09 11:00:34.215000,Auction 3. Period DE,T3PA,successful,DE,2593000.0,5380000.0,101.0,44.0,3.88,53267.0,206923.0,269186.0,123476.0,159619.0,2.07,26.0,21.0,True,,True,-0.07692307693650946,0.5192307692307693,True,-0.19047619047341868,0.5238095238095238,True,23745.230769230766,0.5192307692307693,False,-0.00481681450057847,0.005000592907291667,True,-0.32673267326754285,0.504950495049505,True,-0.004615384615384688,0.005,True,0.8076923076923077,1.3008993683640775,1.292712753895494,0.8333000762264179,0.8297357251588928,consistent-but-unverified:all N bidders,consistent-but-unverified:successful S bidders,unknown,unknown
emission-spot-primary-market-auction-report-2020-data.xlsx,Primary Market Auction,50,2020-10-08,2020-10-08 00:00:00,2020-10-08 11:00:36.037000,Auction 3. Period CAP2-EU,T3PA,successful,EU,3952000.0,7075000.0,101.0,41.0,3.48,70050.0,243966.0,397767.0,171826.0,283768.0,1.79,29.0,23.0,True,,True,0.48275862069567665,0.5172413793103449,True,-0.08695652172900736,0.5217391304347826,True,35550.13793103449,0.5172413793103449,False,-0.00023279352226723837,0.0050003530153112374,True,0.4950495049561141,0.504950495049505,True,-0.0027586206896552667,0.005,True,0.7931034482758621,1.6304198125968372,1.6514846414395958,0.9671434580125635,0.9751197251738197,consistent-but-unverified:all N bidders,consistent-but-unverified:successful S bidders,unknown,unknown
emission-spot-primary-market-auction-report-2020-data.xlsx,Primary Market Auction,52,2020-10-07,2020-10-07 00:00:00,2020-10-07 11:00:41.222000,Auction 3. Period CAP2-PL,T3PA,successful,PL,6398500.0,9494500.0,102.0,43.0,4.08,93083.0,379780.0,513683.0,336763.0,443131.0,1.48,25.0,19.0,True,,True,0.0,0.52,True,-0.1578947368543595,0.5263157894736842,True,80823.0,0.52,False,-0.003863405485660776,0.005000194097329175,True,-0.3333333333284827,0.5049019607843137,True,0.0,0.005,True,0.76,1.3525804413081257,1.315854176379234,0.8555127858601196,0.8397785941616356,consistent-but-unverified:all N bidders,consistent-but-unverified:successful S bidders,unknown,unknown
emission-spot-primary-market-auction-report-2020-data.xlsx,Primary Market Auction,53,2020-10-06,2020-10-06 00:00:00,2020-10-06 11:00:34.757000,Auction 3. Period CAP2-EU,T3PA,successful,EU,3952000.0,7095500.0,96.0,34.0,3.43,73911.0,253411.0,450389.0,197600.0,376047.0,1.8,28.0,20.0,True,,True,0.285714285710128,0.5178571428571429,True,0.0,0.525,True,56457.14285714287,0.5178571428571429,False,0.004579959514170007,0.005000353671592566,True,-0.4583333333284827,0.5052083333333334,True,0.0014285714285717788,0.005,True,0.7142857142857143,1.7773064310546898,1.9030718623481782,1.021481548313572,1.0657694392480506,consistent-but-unverified:all N bidders,consistent-but-unverified:successful S bidders,unknown,unknown
emission-spot-primary-market-auction-report-2020-data.xlsx,Primary Market Auction,54,2020-10-05,2020-10-05 00:00:00,2020-10-05 11:00:38.793000,Auction 3. Period CAP2-EU,T3PA,successful,EU,3952000.0,6730000.0,97.0,37.0,3.73,69381.0,258846.0,418536.0,197600.0,318128.0,1.7,26.0,20.0,True,,True,-0.1538461538439151,0.5192307692307693,True,0.0,0.525,True,45600.0,0.5192307692307693,False,-0.002935222672064919,0.005000341970576686,True,-0.4432989690685645,0.5051546391752577,True,-0.0007692307692308553,0.005,True,0.7692307692307693,1.6169305301221575,1.6099595141700405,0.9620020775793733,0.9593347094020476,consistent-but-unverified:all N bidders,consistent-but-unverified:successful S bidders,unknown,unknown
emission-spot-primary-market-auction-report-2020-data.xlsx,Primary Market Auction,55,2020-10-02,2020-10-02 00:00:00,2020-10-02 11:00:32.648000,Auction 3. Period DE,T3PA,successful,DE,2593000.0,5749000.0,82.0,27.0,3.28,70110.0,229960.0,320080.0,136474.0,189870.0,2.22,25.0,19.0,True,,True,0.0,0.52,True,0.3157894736796152,0.5263157894736842,True,32754.0,0.52,False,0.0028769764751257476,0.005000620347753769,True,0.24390243901871145,0.5060975609756098,True,0.0,0.005,True,0.76,1.3918942424769525,1.3912540117531544,0.8720856220996538,0.8718179194512756,consistent-but-unverified:all N bidders,consistent-but-unverified:successful S bidders,unknown,unknown
emission-spot-primary-market-auction-report-2020-data.xlsx,Primary Market Auction,56,2020-10-01,2020-10-01 00:00:00,2020-10-01 11:00:36.867000,Auction 3. Period CAP2-EU,T3PA,successful,EU,3952000.0,6282000.0,86.0,42.0,3.91,73047.0,285545.0,421667.0,197600.0,306990.0,1.59,22.0,20.0,True,,True,-0.45454545452957973,0.5227272727272727,True,0.0,0.525,True,17963.636363636353,0.5227272727272727,False,0.0004251012145750632,0.005000327628428631,True,0.4883720930229174,0.5058139534883721,True,0.0009090909090909705,0.005,True,0.9090909090909091,1.4767094503493319,1.5535931174089068,0.9069308446159855,0.9375014330194489,consistent-but-unverified:all N bidders,consistent-but-unverified:successful S bidders,unknown,unknown
emission-spot-primary-market-auction-report-2020-data.xlsx,Primary Market Auction,57,2020-09-29,2020-09-29 00:00:00,2020-09-29 11:00:28.281000,Auction 3. Period CAP2-EU,T3PA,successful,EU,3952000.0,6259500.0,90.0,40.0,3.75,69550.0,260813.0,446942.0,197600.0,302527.0,1.58,24.0,20.0,True,,True,0.5,0.5208333333333334,True,0.0,0.525,True,32933.33333333334,0.5208333333333334,False,-0.0038815789473682916,0.005000326908119856,True,0.0,0.5055555555555555,True,0.0,0.005,True,0.8333333333333334,1.7136492429441783,1.5310070850202429,0.9982943131725609,0.9286172808558856,consistent-but-unverified:all N bidders,consistent-but-unverified:successful S bidders,unknown,unknown
emission-spot-primary-market-auction-report-2020-data.xlsx,Primary Market Auction,58,2020-09-28,2020-09-28 00:00:00,2020-09-28 11:00:27.871000,Auction 3. Period CAP2-EU,T3PA,successful,EU,3952000.0,6042500.0,79.0,38.0,3.04,76487.0,232404.0,393528.0,188190.0,294828.0,1.53,26.0,21.0,True,,True,0.1538461538439151,0.5192307692307693,True,-0.4761904761835467,0.5238095238095238,True,36190.0,0.5192307692307693,False,0.0010273279352226439,0.005000319961141891,True,-0.34177215189265553,0.5063291139240507,True,0.0015384615384617106,0.005,True,0.8076923076923077,1.6932927144111116,1.5666507253307826,0.9907645024681675,0.942601829262156,consistent-but-unverified:all N bidders,consistent-but-unverified:successful S bidders,unknown,unknown
emission-spot-primary-market-auction-report-2020-data.xlsx,Primary Market Auction,59,2020-09-25,2020-09-25 00:00:00,2020-09-25 11:01:14.235000,Auction 3. Period DE,T3PA,successful,DE,2593000.0,5050000.0,98.0,42.0,3.38,51531.0,174138.0,277274.0,112739.0,142913.0,1.95,29.0,23.0,True,,True,0.06896551724639721,0.5172413793103449,True,-0.13043478260806296,0.5217391304347826,True,23325.206896551725,0.5172413793103449,False,0.0024489008870034468,0.005000568367041006,True,0.3877551020414103,0.5051020408163265,True,0.0006896551724135946,0.005,True,0.7931034482758621,1.5922659040531073,1.2676447369588164,0.9525323596686412,0.8187417320433863,consistent-but-unverified:all N bidders,consistent-but-unverified:successful S bidders,unknown,unknown
emission-spot-primary-market-auction-report-2020-data.xlsx,Primary Market Auction,60,2020-09-24,2020-09-24 00:00:00,2020-09-24 11:00:31.741000,Auction 3. Period CAP2-EU,T3PA,successful,EU,3952000.0,6038000.0,88.0,54.0,3.03,68614.0,208207.0,375292.0,146370.0,275779.0,1.53,29.0,27.0,True,,True,0.1034482758550439,0.5172413793103449,True,-0.37037037036498077,0.5185185185185185,True,10094.137931034493,0.5172413793103449,False,0.0021659919028340635,0.005000319817080137,True,0.36363636363239493,0.5056818181818182,True,-0.0044827586206896974,0.005,True,0.9310344827586207,1.8024946327452966,1.8841224294595886,1.0305099607956345,1.059220669790601,consistent-but-unverified:all N bidders,consistent-but-unverified:successful S bidders,unknown,unknown
emission-spot-primary-market-auction-report-2020-data.xlsx,Primary Market Auction,61,2020-09-23,2020-09-23 00:00:00,2020-09-23 11:00:35.121000,Auction 3. Period CAP2-PL,T3PA,successful,PL,6398500.0,9460500.0,91.0,58.0,3.64,103962.0,378420.0,638357.0,304690.0,443174.0,1.48,25.0,21.0,True,,True,0.0,0.52,True,-0.47619047621265054,0.5238095238095238,True,48750.0,0.52,False,0.0014503399234195857,0.005000193682095462,True,0.46153846153174527,0.5054945054945055,True,0.0,0.005,True,0.84,1.686900798055071,1.4545078604483246,0.9883884097315293,0.8979262769750201,consistent-but-unverified:all N bidders,consistent-but-unverified:successful S bidders,unknown,unknown
emission-spot-primary-market-auction-report-2020-data.xlsx,Primary Market Auction,62,2020-09-22,2020-09-22 00:00:00,2020-09-22 11:00:32.493000,Auction 3. Period CAP2-EU,T3PA,successful,EU,3952000.0,6674500.0,93.0,31.0,3.32,71769.0,238375.0,369617.0,197600.0,283543.0,1.69,28.0,20.0,True,,True,0.0,0.5178571428571429,True,0.0,0.525,True,56457.14285714287,0.5178571428571429,False,0.001108299595141693,0.005000340193815041,True,0.1827956989291124,0.5053763440860215,True,-0.0014285714285717788,0.005,True,0.7142857142857143,1.5505694808599895,1.4349342105263159,0.9363166600642812,0.8899197379052066,consistent-but-unverified:all N bidders,consistent-but-unverified:successful S bidders,unknown,unknown
emission-spot-primary-market-auction-report-2020-data.xlsx,Primary Market Auction,63,2020-09-21,2020-09-21 00:00:00,2020-09-21 11:00:31.405000,Auction 3. Period CAP2-EU,T3PA,successful,EU,3952000.0,5330000.0,80.0,46.0,3.2,66625.0,213200.0,300635.0,188190.0,296256.0,1.35,25.0,21.0,True,,True,0.0,0.52,True,-0.4761904761835467,0.5238095238095238,True,30110.0,0.52,False,0.0013157894736843812,0.005000297151364013,True,0.0,0.50625,True,0.0,0.005,True,0.84,1.4101078799249531,1.5742388012115416,0.8796715099550475,0.945553879234118,consistent-but-unverified:all N bidders,consistent-but-unverified:successful S bidders,unknown,unknown
emission-spot-primary-market-auction-report-2020-data.xlsx,Primary Market Auction,64,2020-09-18,2020-09-18 00:00:00,2020-09-18 11:00:29.136000,Auction 3. Period DE,T3PA,successful,DE,2593000.0,4171500.0,79.0,44.0,3.29,52804.0,173813.0,273547.0,129650.0,171312.0,1.61,24.0,20.0,True,,True,0.5,0.5208333333333334,True,0.0,0.525,True,21608.33333333333,0.5208333333333334,False,0.001245661396066522,0.00500050303791917,True,0.20253164556925185,0.5063291139240507,True,-0.0016666666666664831,0.005,True,0.8333333333333334,1.573800578782945,1.3213420748168145,0.945383630952274,0.8421454989473486,consistent-but-unverified:all N bidders,consistent-but-unverified:successful S bidders,unknown,unknown
emission-spot-primary-market-auction-report-2020-data.xlsx,Primary Market Auction,65,2020-09-17,2020-09-17 00:00:00,2020-09-17 11:00:24.718000,Auction 3. Period CAP2-EU,T3PA,successful,EU,3952000.0,6195500.0,98.0,48.0,3.63,63219.0,229463.0,390520.0,188190.0,280722.0,1.57,27.0,21.0,True,,True,0.03703703705104999,0.5185185185185185,True,-0.4761904761835467,0.5238095238095238,True,41819.629629629635,0.5185185185185185,False,0.0023127530364372983,0.005000324859241562,True,-0.3877551020414103,0.5051020408163265,True,0.0003703703703701322,0.005,True,0.7777777777777778,1.7018865786640984,1.4916945640044637,0.9939502618487025,0.9129630268019349,consistent-but-unverified:all N bidders,consistent-but-unverified:successful S bidders,unknown,unknown
emission-spot-primary-market-auction-report-2020-data.xlsx,Primary Market Auction,66,2020-09-15,2020-09-15 00:00:00,2020-09-15 11:00:14.867000,Auction 3. Period CAP2-EU,T3PA,successful,EU,3952000.0,5691500.0,95.0,52.0,3.39,59911.0,203268.0,377910.0,179636.0,291325.0,1.44,28.0,22.0,True,,True,0.14285714286961593,0.5178571428571429,True,-0.36363636364694685,0.5227272727272727,True,38493.14285714287,0.5178571428571429,False,-0.00015688259109314373,0.005000308724325,True,0.47368421052669873,0.5052631578947369,True,-0.0028571428571426694,0.005,True,0.7857142857142857,1.8591711435149654,1.6217517646796855,1.050531772868937,0.9638427068244311,consistent-but-unverified:all N bidders,consistent-but-unverified:successful S bidders,unknown,unknown
emission-spot-primary-market-auction-report-2020-data.xlsx,Primary Market Auction,67,2020-09-14,2020-09-14 00:00:00,2020-09-14 11:00:37.726000,Auction 3. Period CAP2-EU,T3PA,successful,EU,3952000.0,7069500.0,100.0,23.0,3.23,70695.0,228048.0,381856.0,263467.0,326194.0,1.79,31.0,15.0,True,,True,-0.3870967741822824,0.5161290322580645,True,0.3333333333139308,0.5333333333333333,True,135983.12903225806,0.5161290322580645,False,0.0011589068825912374,0.0050003528392357595,True,0.0,0.505,True,0.004193548387096957,0.005,True,0.4838709677419355,1.6744545008068477,1.2380829477695499,0.9837454346204342,0.8056196725494417,consistent-but-unverified:all N bidders,consistent-but-unverified:successful S bidders,unknown,unknown
emission-spot-primary-market-auction-report-2020-data.xlsx,Primary Market Auction,68,2020-09-11,2020-09-11 00:00:00,2020-09-11 11:00:24.716000,Auction 3. Period DE,T3PA,successful,DE,2593000.0,4600000.0,83.0,33.0,2.77,55422.0,153333.0,247216.0,123476.0,202915.0,1.77,30.0,21.0,True,,True,-0.3333333333430346,0.5166666666666667,True,-0.19047619047341868,0.5238095238095238,True,37042.66666666667,0.5166666666666667,False,-0.004006941766293792,0.005000534903062832,True,0.3132530120492447,0.5060240963855421,True,0.0033333333333334103,0.005,True,0.7,1.6122817658299258,1.6433557938384786,0.9602240791911647,0.9720492439810638,consistent-but-unverified:all N bidders,consistent-but-unverified:successful S bidders,unknown,unknown
emission-spot-primary-market-auction-report-2020-data.xlsx,Primary Market Auction,69,2020-09-10,2020-09-10 00:00:00,2020-09-10 11:00:22.409000,Auction 3. Period CAP2-EU,T3PA,successful,EU,3952000.0,7576000.0,95.0,29.0,3.39,79747.0,270571.0,478150.0,219556.0,317756.0,1.92,28.0,18.0,True,,True,-0.42857142857974395,0.5178571428571429,True,0.4444444444379769,0.5277777777777778,True,78413.14285714287,0.5178571428571429,False,0.002995951417003928,0.00500036905418663,True,-0.3684210526262177,0.5052631578947369,True,-0.0028571428571426694,0.005,True,0.6428571428571429,1.7671886491900461,1.4472663010803621,1.0178318767207462,0.8949716061160159,consistent-but-unverified:all N bidders,consistent-but-unverified:successful S bidders,unknown,unknown
emission-spot-primary-market-auction-report-2020-data.xlsx,Primary Market Auction,71,2020-09-09,2020-09-09 00:00:00,2020-09-09 11:00:37.673000,Auction 3. Period CAP2-PL,T3PA,successful,PL,6398500.0,11583500.0,119.0,32.0,3.97,97340.0,386117.0,698971.0,426567.0,551611.0,1.81,30.0,15.0,True,,True,0.3333333333139308,0.5166666666666667,True,0.3333333333139308,0.5333333333333333,True,213283.66666666666,0.5166666666666667,False,-0.0003461748847386481,0.005000219609777007,True,-0.33613445378432516,0.5042016806722689,True,0.0033333333333334103,0.005,True,0.5,1.8102569946415206,1.2931403507538088,1.0332759363315036,0.8299222103557782,consistent-but-unverified:all N bidders,consistent-but-unverified:successful S bidders,unknown,unknown
emission-spot-primary-market-auction-report-2020-data.xlsx,Primary Market Auction,72,2020-09-08,2020-09-08 00:00:00,2020-09-08 11:00:35.278000,Auction 3. Period CAP2-EU,T3PA,successful,EU,3952000.0,5937000.0,91.0,45.0,3.25,65242.0,212036.0,391957.0,164667.0,297816.0,1.5,28.0,24.0,True,,True,0.285714285710128,0.5178571428571429,True,0.3333333333430346,0.5208333333333334,True,23524.14285714287,0.5178571428571429,False,-0.0022773279352226172,0.0050003165836940795,True,0.2417582417547237,0.5054945054945055,True,0.0,0.005,True,0.8571428571428571,1.8485398705880134,1.8085955291588478,1.046806536887227,1.0326845467109151,consistent-but-unverified:all N bidders,consistent-but-unverified:successful S bidders,unknown,unknown
emission-spot-primary-market-auction-report-2020-data.xlsx,Primary Market Auction,73,2020-09-07,2020-09-07 00:00:00,2020-09-07 11:00:29.680000,Auction 3. Period CAP2-EU,T3PA,successful,EU,3952000.0,6105000.0,94.0,55.0,3.62,64947.0,234808.0,375111.0,179636.0,260719.0,1.54,26.0,22.0,True,,True,0.3076923076878302,0.5192307692307693,True,-0.36363636364694685,0.5227272727272727,True,27636.0,0.5192307692307693,False,-0.004787449392712473,0.0050003219619996,True,0.19148936169949593,0.5053191489361702,True,0.004615384615384688,0.005,True,0.8461538461538461,1.5975222309290995,1.4513738894208288,0.9545580025413772,0.8966486385754018,consistent-but-unverified:all N bidders,consistent-but-unverified:successful S bidders,unknown,unknown
emission-spot-primary-market-auction-report-2020-data.xlsx,Primary Market Auction,74,2020-09-04,2020-09-04 00:00:00,2020-09-04 11:00:31.916000,Auction 3. Period DE,T3PA,successful,DE,2593000.0,5063500.0,83.0,29.0,3.46,61006.0,210979.0,355682.0,152529.0,208035.0,1.95,24.0,17.0,True,,True,-0.1666666666569654,0.5208333333333334,True,-0.411764705873793,0.5294117647058824,True,44487.33333333333,0.5208333333333334,False,-0.0027574238333976098,0.005000569370960351,True,-0.02409638553945115,0.5060240963855421,True,0.0016666666666664831,0.005,True,0.7083333333333334,1.685864469923547,1.3639045689672127,0.9880026388695293,0.8603147302718378,consistent-but-unverified:all N bidders,consistent-but-unverified:successful S bidders,unknown,unknown
emission-spot-primary-market-auction-report-2020-data.xlsx,Primary Market Auction,75,2020-09-01,2020-09-01 00:00:00,2020-09-01 11:00:22.466000,Auction 3. Period CAP2-EU,T3PA,successful,EU,3952000.0,7145000.0,85.0,41.0,3.54,84059.0,297708.0,550803.0,208000.0,326976.0,1.81,24.0,19.0,True,,True,-0.3333333333139308,0.5208333333333334,True,0.0,0.5263157894736842,True,43333.33333333334,0.5208333333333334,False,0.0020546558704452877,0.0050003552562718715,True,0.1764705882378621,0.5058823529411764,True,-0.0016666666666664831,0.005,True,0.7916666666666666,1.8501451086299328,1.572,1.0473699082931673,0.944683806375373,consistent-but-unverified:all N bidders,consistent-but-unverified:successful S bidders,unknown,unknown
emission-spot-primary-market-auction-report-2020-data.xlsx,Primary Market Auction,76,2020-08-28,2020-08-28 00:00:00,2020-08-28 11:01:41.811000,Auction 3. Period DE,T3PA,successful,DE,1187000.0,2331000.0,58.0,25.0,3.05,40190.0,122684.0,146304.0,91308.0,104974.0,1.96,19.0,13.0,True,,True,-0.21052631578641012,0.5263157894736842,True,0.3076923076878302,0.5384615384615384,True,28834.315789473687,0.5263157894736842,False,-0.00377422072451572,0.00500124843093847,True,0.3448275862101582,0.5086206896551724,True,-0.0026315789473687623,0.005,True,0.6842105263157895,1.19252714290372,1.1496692513251852,0.7850548250752425,0.7653139937125719,consistent-but-unverified:all N bidders,consistent-but-unverified:successful S bidders,unknown,unknown
emission-spot-primary-market-auction-report-2020-data.xlsx,Primary Market Auction,77,2020-08-27,2020-08-27 00:00:00,2020-08-27 11:01:16.760000,Auction 3. Period CAP2-EU,T3PA,successful,EU,1901000.0,3857000.0,68.0,30.0,3.24,56721.0,183667.0,309319.0,111824.0,146536.0,2.03,21.0,17.0,True,,True,0.3333333333430346,0.5238095238095238,True,0.4705882353009656,0.5294117647058824,True,21300.190476190473,0.5238095238095238,False,0.0010678590215675854,0.005000796668246877,True,0.41176470588106895,0.5073529411764706,True,0.0019047619047620756,0.005,True,0.8095238095238095,1.6841294298921416,1.3104163685791959,0.987356440708358,0.8374277544294988,consistent-but-unverified:all N bidders,consistent-but-unverified:successful S bidders,unknown,unknown
emission-spot-primary-market-auction-report-2020-data.xlsx,Primary Market Auction,78,2020-08-26,2020-08-26 00:00:00,2020-08-26 11:01:00.301000,Auction 3. Period CAP2-PL,T3PA,successful,PL,2668500.0,5007500.0,71.0,32.0,3.94,70528.0,278194.0,477881.0,190607.0,281431.0,1.88,18.0,14.0,True,,True,-0.4444444444379769,0.5277777777777778,True,-0.14285714286961593,0.5357142857142857,True,42357.0,0.5277777777777778,False,0.0034776091437136447,0.005000538977467203,True,-0.1690140845021233,0.5070422535211268,True,-0.004444444444444695,0.005,True,0.7777777777777778,1.7177976519982459,1.476498764473498,0.9998218655691771,0.9068457741457676,consistent-but-unverified:all N bidders,consistent-but-unverified:successful S bidders,unknown,unknown
emission-spot-primary-market-auction-report-2020-data.xlsx,Primary Market Auction,79,2020-08-25,2020-08-25 00:00:00,2020-08-25 11:00:28.498000,Auction 3. Period CAP2-EU,T3PA,successful,EU,1797000.0,2813000.0,66.0,42.0,3.3,42621.0,140650.0,199845.0,99833.0,124281.0,1.57,20.0,18.0,True,,True,0.0,0.525,True,-0.3333333333284827,0.5277777777777778,True,9983.0,0.525,False,0.004613244296048924,0.005000713797215153,True,-0.2121212121201097,0.5075757575757576,True,0.0,0.005,True,0.9,1.4208674013508709,1.2448889645708332,0.8841259062580739,0.8086560609825885,consistent-but-unverified:all N bidders,consistent-but-unverified:successful S bidders,unknown,unknown
emission-spot-primary-market-auction-report-2020-data.xlsx,Primary Market Auction,80,2020-08-24,2020-08-24 00:00:00,2020-08-24 11:01:00.711000,Auction 3. Period CAP2-EU,T3PA,successful,EU,1797000.0,3446000.0,74.0,26.0,3.36,46568.0,156636.0,227418.0,119800.0,177629.0,1.92,22.0,15.0,True,,True,-0.36363636364694685,0.5227272727272727,True,0.0,0.5333333333333333,True,38118.18181818182,0.5227272727272727,False,0.0023594880356148096,0.005000811808860749,True,0.43243243243341567,0.5067567567567568,True,-0.003636363636363882,0.005,True,0.6818181818181818,1.4518884547613575,1.4827128547579298,0.8968585255063053,0.909351855359404,consistent-but-unverified:all N bidders,consistent-but-unverified:successful S bidders,unknown,unknown
emission-spot-primary-market-auction-report-2020-data.xlsx,Primary Market Auction,81,2020-08-21,2020-08-21 00:00:00,2020-08-21 11:00:37.298000,Auction 3. Period DE,T3PA,successful,DE,1181500.0,3094000.0,67.0,35.0,3.35,46179.0,154700.0,242903.0,69500.0,86748.0,2.62,20.0,17.0,True,,True,0.0,0.525,True,0.0,0.5294117647058824,True,10425.0,0.525,False,0.0012949640287769348,0.0050015314033619055,True,-0.10447761193790939,0.5074626865671642,True,0.0,0.005,True,0.85,1.5701551389786683,1.2481726618705036,0.9439662624465629,0.8101177359638437,consistent-but-unverified:all N bidders,consistent-but-unverified:successful S bidders,unknown,unknown
emission-spot-primary-market-auction-report-2020-data.xlsx,Primary Market Auction,82,2020-08-20,2020-08-20 00:00:00,2020-08-20 11:00:55.243000,Auction 3. Period CAP2-EU,T3PA,successful,EU,1797000.0,3778000.0,78.0,33.0,3.12,48436.0,151120.0,275882.0,85571.0,138055.0,2.1,25.0,21.0,True,,True,0.0,0.52,True,-0.42857142856519204,0.5238095238095238,True,13691.0,0.52,False,-0.002392877017250772,0.0050008632146527525,True,0.10256410256261006,0.5064102564102564,True,0.0,0.005,True,0.84,1.825582318687136,1.6133386310782858,1.0387144738651508,0.9606285728904757,consistent-but-unverified:all N bidders,consistent-but-unverified:successful S bidders,unknown,unknown
emission-spot-primary-market-auction-report-2020-data.xlsx,Primary Market Auction,83,2020-08-18,2020-08-18 00:00:00,2020-08-18 11:00:45.254000,Auction 3. Period CAP2-EU,T3PA,successful,EU,1797000.0,4303500.0,84.0,31.0,3.5,51232.0,179313.0,242580.0,85571.0,123747.0,2.39,24.0,21.0,True,,True,0.5,0.5208333333333334,True,-0.42857142856519204,0.5238095238095238,True,10696.0,0.5208333333333334,False,-0.004824707846410536,0.005000944581350636,True,-0.142857142855064,0.5059523809523809,True,0.0,0.005,True,0.875,1.3528299677100935,1.4461324514146148,0.8556188452175449,0.8945081860093013,consistent-but-unverified:all N bidders,consistent-but-unverified:successful S bidders,unknown,unknown
emission-spot-primary-market-auction-report-2020-data.xlsx,Primary Market Auction,84,2020-08-17,2020-08-17 00:00:00,2020-08-17 11:00:42.014000,Auction 3. Period CAP2-EU,T3PA,successful,EU,1797000.0,3617500.0,67.0,32.0,3.19,53993.0,172262.0,234665.0,119800.0,149242.0,2.01,21.0,15.0,True,,True,0.09523809523670934,0.5238095238095238,True,0.0,0.5333333333333333,True,34228.571428571435,0.5238095238095238,False,-0.003077351140790441,0.005000838363358726,True,0.4626865671671112,0.5074626865671642,True,-0.00047619047619074095,0.005,True,0.7142857142857143,1.3622563304733488,1.2457595993322204,0.859617234526028,0.8090438155618687,consistent-but-unverified:all N bidders,consistent-but-unverified:successful S bidders,unknown,unknown
emission-spot-primary-market-auction-report-2020-data.xlsx,Primary Market Auction,85,2020-08-14,2020-08-14 00:00:00,2020-08-14 11:00:34.866000,Auction 3. Period DE,T3PA,successful,DE,1181500.0,2265000.0,57.0,27.0,3.17,39737.0,125833.0,176887.0,78767.0,88046.0,1.92,18.0,15.0,True,,True,-0.3333333333284827,0.5277777777777778,True,0.3333333333284827,0.5333333333333333,True,13128.11111111111,0.5277777777777778,False,0.002945408379178893,0.00500123447118193,True,0.1578947368398076,0.5087719298245614,True,0.0033333333333334103,0.005,True,0.8333333333333334,1.4057282270946414,1.1178031409092641,0.8778526548526749,0.750379297113157,consistent-but-unverified:all N bidders,consistent-but-unverified:successful S bidders,unknown,unknown
emission-spot-primary-market-auction-report-2020-data.xlsx,Primary Market Auction,86,2020-08-13,2020-08-13 00:00:00,2020-08-13 11:00:33.774000,Auction 3. Period CAP2-EU,T3PA,successful,EU,1797000.0,3997500.0,78.0,28.0,3.12,51250.0,159900.0,239703.0,89850.0,97729.0,2.22,25.0,20.0,True,,True,0.0,0.52,True,0.0,0.525,True,17970.0,0.52,False,-0.004540901502504191,0.005000897201313429,True,0.0,0.5064102564102564,True,0.0,0.005,True,0.8,1.4990806754221389,1.0876905954368392,0.9159229344138162,0.736058476778266,consistent-but-unverified:all N bidders,consistent-but-unverified:successful S bidders,unknown,unknown
emission-spot-primary-market-auction-report-2020-data.xlsx,Primary Market Auction,87,2020-08-12,2020-08-12 00:00:00,2020-08-12 11:00:43.457000,Auction 3. Period CAP2-PL,T3PA,successful,PL,2666000.0,4574000.0,80.0,46.0,3.2,57175.0,182960.0,257804.0,121182.0,153107.0,1.72,25.0,22.0,True,,True,0.0,0.52,True,0.18181818182347342,0.5227272727272727,True,14542.0,0.52,False,0.004321080270067501,0.005000509317187078,True,0.0,0.50625,True,0.0,0.005,True,0.88,1.409073021425448,1.2634467165090526,0.879242035097558,0.8168887473071247,consistent-but-unverified:all N bidders,consistent-but-unverified:successful S bidders,unknown,unknown
emission-spot-primary-market-auction-report-2020-data.xlsx,Primary Market Auction,88,2020-08-11,2020-08-11 00:00:00,2020-08-11 11:02:29.978000,Auction 3. Period CAP2-EU,T3PA,successful,EU,1797000.0,3065000.0,80.0,47.0,3.2,38313.0,122600.0,185200.0,85571.0,117202.0,1.71,25.0,21.0,True,,True,0.0,0.52,True,-0.42857142856519204,0.5238095238095238,True,13691.0,0.52,False,0.004379521424596522,0.005000752816069324,True,0.5,0.50625,True,0.0,0.005,True,0.84,1.5106035889070146,1.3696462586623972,0.9205231979026678,0.8627406860586081,consistent-but-unverified:all N bidders,consistent-but-unverified:successful S bidders,unknown,unknown
emission-spot-primary-market-auction-report-2020-data.xlsx,Primary Market Auction,89,2020-08-10,2020-08-10 00:00:00,2020-08-10 11:00:39.718000,Auction 3. Period CAP2-EU,T3PA,successful,EU,1797000.0,4055500.0,84.0,30.0,3.5,48280.0,168979.0,235937.0,99833.0,143948.0,2.26,24.0,18.0,True,,True,-0.1666666666569654,0.5208333333333334,True,-0.3333333333284827,0.5277777777777778,True,24958.0,0.5208333333333334,False,0.003183082915970914,0.0050009061818433575,True,0.23809523809177335,0.5059523809523809,True,0.0,0.005,True,0.75,1.3962504216500276,1.4418879528813118,0.8739051913401545,0.892771491294854,consistent-but-unverified:all N bidders,consistent-but-unverified:successful S bidders,unknown,unknown
emission-spot-primary-market-auction-report-2020-data.xlsx,Primary Market Auction,90,2020-08-07,2020-08-07 00:00:00,2020-08-07 11:00:36.780000,Auction 3. Period DE,T3PA,successful,DE,1181500.0,2626500.0,74.0,29.0,3.36,35493.0,119386.0,146059.0,78767.0,95629.0,2.22,22.0,15.0,True,,True,-0.36363636363239493,0.5227272727272727,True,0.3333333333284827,0.5333333333333333,True,25062.454545454544,0.5227272727272727,False,-0.0030215827338127,0.005001363953670544,True,-0.2432432432397036,0.5067567567567568,True,-0.003636363636363882,0.005,True,0.6818181818181818,1.2234181562327242,1.21407442202953,0.7990457217607944,0.7948344480076449,consistent-but-unverified:all N bidders,consistent-but-unverified:successful S bidders,unknown,unknown
emission-spot-primary-market-auction-report-2020-data.xlsx,Primary Market Auction,91,2020-08-06,2020-08-06 00:00:00,2020-08-06 11:01:20.709000,Auction 3. Period CAP2-EU,T3PA,successful,EU,1797000.0,3896000.0,91.0,47.0,3.37,42813.0,144296.0,187054.0,85571.0,82350.0,2.17,27.0,21.0,True,,True,-0.2962962962919846,0.5185185185185185,True,-0.42857142856519204,0.5238095238095238,True,19015.444444444438,0.5185185185185185,False,0.001942125765164171,0.005000881485386055,True,-0.18681318681046832,0.5054945054945055,True,-0.0003703703703701322,0.005,True,0.7777777777777778,1.2963214503520541,0.962358743032102,0.8313084731663378,0.6741471900110664,consistent-but-unverified:all N bidders,consistent-but-unverified:successful S bidders,unknown,unknown
emission-spot-primary-market-auction-report-2020-data.xlsx,Primary Market Auction,92,2020-08-04,2020-08-04 00:00:00,2020-08-04 11:00:26.900000,Auction 3. Period CAP2-EU,T3PA,successful,EU,1797000.0,3511500.0,83.0,35.0,3.61,42307.0,152674.0,195206.0,99833.0,108054.0,1.95,23.0,18.0,True,,True,0.08695652172900736,0.5217391304347826,True,-0.3333333333284827,0.5277777777777778,True,21702.56521739131,0.5217391304347826,False,-0.004090150250417368,0.0050008219506661,True,-0.22891566265025176,0.5060240963855421,True,0.0013043478260867936,0.005,True,0.782608695652174,1.2785805048665784,1.0823475203589996,0.8235526634946319,0.7334958728626948,consistent-but-unverified:all N bidders,consistent-but-unverified:successful S bidders,unknown,unknown
emission-spot-primary-market-auction-report-2020-data.xlsx,Primary Market Auction,93,2020-08-03,2020-08-03 00:00:00,2020-08-03 11:00:27.245000,Auction 3. Period CAP2-EU,T3PA,successful,EU,1797000.0,3131500.0,69.0,47.0,3.63,45384.0,164816.0,209223.0,99833.0,119948.0,1.74,19.0,18.0,True,,True,0.21052631578641012,0.5263157894736842,True,-0.3333333333284827,0.5277777777777778,True,5254.052631578947,0.5263157894736842,False,-0.002626599888703396,0.005000763112711397,True,-0.057971014495706186,0.5072463768115942,True,-0.0015789473684213462,0.005,True,0.9473684210526315,1.269433792835647,1.2014864824256508,0.8195303699114801,0.7891328060293201,consistent-but-unverified:all N bidders,consistent-but-unverified:successful S bidders,unknown,unknown
emission-spot-primary-market-auction-report-2020-data.xlsx,Primary Market Auction,94,2020-07-31,2020-07-31 00:00:00,2020-07-31 11:00:34.001000,Auction 3. Period DE,T3PA,successful,DE,2363000.0,4969500.0,73.0,18.0,3.48,68075.0,236643.0,320467.0,196917.0,262211.0,2.1,21.0,12.0,True,,True,0.14285714286961593,0.5238095238095238,True,0.3333333333430346,0.5416666666666666,True,84393.19047619047,0.5238095238095238,False,-0.0030469741853575982,0.005000656590651541,True,-0.342465753419674,0.5068493150684932,True,0.003809523809523707,0.005,True,0.5714285714285714,1.3542213376267205,1.3315813261424865,0.8562100305974762,0.8465467181258276,consistent-but-unverified:all N bidders,consistent-but-unverified:successful S bidders,unknown,unknown
emission-spot-primary-market-auction-report-2020-data.xlsx,Primary Market Auction,95,2020-07-30,2020-07-30 00:00:00,2020-07-30 11:00:36.391000,Auction 3. Period CAP2-EU,T3PA,successful,EU,3594000.0,5038000.0,70.0,39.0,3.18,71971.0,229000.0,295211.0,199667.0,238507.0,1.4,22.0,18.0,True,,True,0.0,0.5227272727272727,True,0.3333333333430346,0.5277777777777778,True,36303.36363636365,0.5227272727272727,False,-0.001780745687256724,0.005000334137582179,True,-0.42857142856519204,0.5071428571428571,True,-0.0018181818181814968,0.005,True,0.8181818181818182,1.2891310043668123,1.1945238822639694,0.8281722714720134,0.7859651128684199,consistent-but-unverified:all N bidders,consistent-but-unverified:successful S bidders,unknown,unknown
emission-spot-primary-market-auction-report-2020-data.xlsx,Primary Market Auction,96,2020-07-29,2020-07-29 00:00:00,2020-07-29 11:00:54.175000,Auction 3. Period CAP2-PL,T3PA,successful,PL,5332000.0,8309000.0,73.0,23.0,3.65,113822.0,415450.0,522086.0,444333.0,486247.0,1.56,20.0,12.0,True,,True,0.0,0.525,True,-0.3333333333139308,0.5416666666666666,True,177733.0,0.525,False,0.0016729182295573963,0.005000239903153405,True,0.08219178082072176,0.5068493150684932,True,0.0,0.005,True,0.6,1.2566758936093392,1.0943301532859364,0.8138928869963143,0.7392337663459784,consistent-but-unverified:all N bidders,consistent-but-unverified:successful S bidders,unknown,unknown
emission-spot-primary-market-auction-report-2020-data.xlsx,Primary Market Auction,97,2020-07-28,2020-07-28 00:00:00,2020-07-28 11:00:28.563000,Auction 3. Period CAP2-EU,T3PA,successful,EU,3594000.0,5462000.0,86.0,41.0,3.31,63512.0,210077.0,307377.0,171143.0,230768.0,1.52,26.0,21.0,True,,True,0.07692307693650946,0.5192307692307693,True,0.14285714286961593,0.5238095238095238,True,32912.23076923078,0.5192307692307693,False,0.0002448525319977968,0.0050003505502725235,True,0.37209302325936733,0.5058139534883721,True,0.002307692307692566,0.005,True,0.8076923076923077,1.4631635067142048,1.3483928644466907,0.9014465021214432,0.8537312067288656,consistent-but-unverified:all N bidders,consistent-but-unverified:successful S bidders,unknown,unknown
emission-spot-primary-market-auction-report-2020-data.xlsx,Primary Market Auction,98,2020-07-27,2020-07-27 00:00:00,2020-07-27 11:00:26.159000,Auction 3. Period CAP2-EU,T3PA,successful,EU,3594000.0,5213500.0,77.0,41.0,3.5,67708.0,236977.0,376152.0,199667.0,276513.0,1.45,22.0,18.0,True,,True,-0.27272727273521014,0.5227272727272727,True,0.3333333333430346,0.5277777777777778,True,36303.36363636365,0.5227272727272727,False,-0.0006121313299944919,0.005000340931042451,True,0.20779220778786112,0.5064935064935064,True,0.0,0.005,True,0.8181818181818182,1.5872932816264869,1.384870809898481,0.9506122642411732,0.8691449551157283,consistent-but-unverified:all N bidders,consistent-but-unverified:successful S bidders,unknown,unknown
emission-spot-primary-market-auction-report-2020-data.xlsx,Primary Market Auction,99,2020-07-24,2020-07-24 00:00:00,2020-07-24 11:00:37.334000,Auction 3. Period DE,T3PA,successful,DE,2363000.0,3896500.0,65.0,24.0,3.1,59946.0,185548.0,312928.0,181769.0,337916.0,1.65,21.0,13.0,True,,True,0.38095238094683737,0.5238095238095238,True,-0.23076923078042455,0.5384615384615384,True,69245.19047619047,0.5238095238095238,False,0.001036817604739726,0.0050005605085762395,True,-0.1538461538439151,0.5076923076923077,True,0.004761904761904745,0.005,True,0.6190476190476191,1.6865069954944274,1.8590408705554853,0.9882418351269288,1.0504862086404048,consistent-but-unverified:all N bidders,consistent-but-unverified:successful S bidders,unknown,unknown
emission-spot-primary-market-auction-report-2020-data.xlsx,Primary Market Auction,100,2020-07-23,2020-07-23 00:00:00,2020-07-23 11:00:23.966000,Auction 3. Period CAP2-EU,T3PA,successful,EU,3594000.0,7379500.0,85.0,17.0,3.15,86818.0,273315.0,422691.0,299500.0,435541.0,2.05,27.0,12.0,True,,True,0.18518518516793847,0.5185185185185185,True,0.0,0.5416666666666666,True,166388.88888888888,0.5185185185185185,False,-0.003283249860879245,0.0050004247751162375,True,0.3529411764757242,0.5058823529411764,True,0.0018518518518515492,0.005,True,0.4444444444444444,1.5465342187585753,1.4542270450751251,0.9347333048169653,0.8978118624144824,consistent-but-unverified:all N bidders,consistent-but-unverified:successful S bidders,unknown,unknown
emission-spot-primary-market-auction-report-2020-data.xlsx,Primary Market Auction,101,2020-07-21,2020-07-21 00:00:00,2020-07-21 11:00:30.740000,Auction 3. Period CAP2-EU,T3PA,successful,EU,3594000.0,4724500.0,71.0,37.0,2.96,66542.0,196854.0,267432.0,179700.0,265748.0,1.31,24.0,20.0,True,,True,-0.1666666666569654,0.5208333333333334,True,0.0,0.525,True,29950.0,0.5208333333333334,False,-0.004552031163049364,0.00500032200225571,True,-0.25352112676773686,0.5070422535211268,True,0.0016666666666664831,0.005,True,0.8333333333333334,1.3585296717364137,1.4788425153032831,0.8580384044289585,0.907791723525327,consistent-but-unverified:all N bidders,consistent-but-unverified:successful S bidders,unknown,unknown
emission-spot-primary-market-auction-report-2020-data.xlsx,Primary Market Auction,102,2020-07-20,2020-07-20 00:00:00,2020-07-20 11:00:43.106000,Auction 3. Period CAP2-EU,T3PA,successful,EU,3594000.0,5513500.0,78.0,34.0,3.9,70686.0,275675.0,372853.0,256714.0,293983.0,1.53,20.0,14.0,True,,True,0.0,0.525,True,-0.285714285710128,0.5357142857142857,True,77014.0,0.525,False,-0.00408458542014456,0.005000352543795053,True,0.10256410256261006,0.5064102564102564,True,0.0,0.005,True,0.7,1.35250929536592,1.145177123179881,0.8554825437409708,0.7632221238798956,consistent-but-unverified:all N bidders,consistent-but-unverified:successful S bidders,unknown,unknown
emission-spot-primary-market-auction-report-2020-data.xlsx,Primary Market Auction,103,2020-07-17,2020-07-17 00:00:00,2020-07-17 11:00:28.548000,Auction 3. Period DE,T3PA,successful,DE,2363000.0,5567000.0,84.0,18.0,3.65,66274.0,242043.0,299288.0,181769.0,226134.0,2.36,23.0,13.0,True,,True,-0.47826086956774816,0.5217391304347826,True,-0.23076923078042455,0.5384615384615384,True,79029.86956521739,0.5217391304347826,False,0.004096487515869551,0.005000710093950695,True,0.19047619047341868,0.5059523809523809,True,-0.0021739130434781373,0.005,True,0.5652173913043478,1.2365075627058002,1.2440735218876706,0.8049155253765755,0.8082927508882886,consistent-but-unverified:all N bidders,consistent-but-unverified:successful S bidders,unknown,unknown
emission-spot-primary-market-auction-report-2020-data.xlsx,Primary Market Auction,104,2020-07-16,2020-07-16 00:00:00,2020-07-16 11:00:44.621000,Auction 3. Period CAP2-EU,T3PA,successful,EU,3594000.0,4475500.0,75.0,66.0,3.41,59673.0,203432.0,373420.0,163364.0,222320.0,1.25,22.0,22.0,True,,True,0.18181818182347342,0.5227272727272727,True,0.36363636364694685,0.5227272727272727,True,0.36363636364694685,0.5227272727272727,True,0.004730105731775236,0.0050003123636710506,True,-0.33333333333575865,0.5066666666666667,True,0.0009090909090909705,0.005,True,1.0,1.8356010853749656,1.3608873436007933,1.0422539377659554,0.8590375414210282,consistent-but-unverified:all N bidders,consistent-but-unverified:successful S bidders,unknown,unknown
emission-spot-primary-market-auction-report-2020-data.xlsx,Primary Market Auction,105,2020-07-15,2020-07-15 00:00:00,2020-07-15 11:00:30.362000,Auction 3. Period CAP2-PL,T3PA,successful,PL,5332000.0,6180000.0,73.0,59.0,3.65,84658.0,309000.0,491912.0,280632.0,409785.0,1.16,20.0,19.0,True,,True,0.0,0.525,True,0.42105263157282025,0.5263157894736842,True,14032.0,0.525,False,0.0009602400600148275,0.005000202460602835,True,0.46575342465075664,0.5068493150684932,True,0.0,0.005,True,0.95,1.591948220064725,1.4602219276490207,0.952409801463608,0.9002515603666608,consistent-but-unverified:all N bidders,consistent-but-unverified:successful S bidders,unknown,unknown
emission-spot-primary-market-auction-report-2020-data.xlsx,Primary Market Auction,106,2020-07-14,2020-07-14 00:00:00,2020-07-14 11:00:23.329000,Auction 3. Period CAP2-EU,T3PA,successful,EU,2717000.0,4516000.0,81.0,28.0,3.38,55753.0,188167.0,299531.0,150944.0,212601.0,1.66,24.0,18.0,True,,True,0.3333333333430346,0.5208333333333334,True,-0.4444444444379769,0.5277777777777778,True,37735.66666666667,0.5208333333333334,False,-0.0021273463378728152,0.0050004899020339,True,-0.08641975309001282,0.5061728395061729,True,0.004999999999999893,0.005,True,0.75,1.5918359754898574,1.4084759910960356,0.9523664954266856,0.8789941786332368,consistent-but-unverified:all N bidders,consistent-but-unverified:successful S bidders,unknown,unknown
emission-spot-primary-market-auction-report-2020-data.xlsx,Primary Market Auction,107,2020-07-13,2020-07-13 00:00:00,2020-07-13 11:01:01.206000,Auction 3. Period CAP2-EU,T3PA,successful,EU,2717000.0,3719500.0,66.0,37.0,3.3,56356.0,185975.0,332252.0,159824.0,261800.0,1.37,20.0,17.0,True,,True,0.0,0.525,True,0.4705882353009656,0.5294117647058824,True,23974.0,0.525,False,0.0010268678689733246,0.0050004359538800254,True,-0.060606060607824475,0.5075757575757576,True,0.0,0.005,True,0.85,1.786541201774432,1.638051857042747,1.024801114128235,0.9700407118133405,consistent-but-unverified:all N bidders,consistent-but-unverified:successful S bidders,unknown,unknown
emission-spot-primary-market-auction-report-2020-data.xlsx,Primary Market Auction,108,2020-07-10,2020-07-10 00:00:00,2020-07-10 11:00:31.304000,Auction 3. Period DE,T3PA,successful,DE,2363000.0,2977000.0,59.0,34.0,2.81,50458.0,141762.0,197691.0,139000.0,206213.0,1.26,21.0,17.0,True,,True,0.09523809523670934,0.5238095238095238,True,0.0,0.5294117647058824,True,26476.190476190473,0.5238095238095238,False,0.00016081252644939426,0.0050004781716999685,True,0.37288135593553307,0.5084745762711864,True,0.00047619047619074095,0.005,True,0.8095238095238095,1.3945274474118594,1.4835467625899281,0.8731859034251042,0.9096876846974123,consistent-but-unverified:all N bidders,consistent-but-unverified:successful S bidders,unknown,unknown
emission-spot-primary-market-auction-report-2020-data.xlsx,Primary Market Auction,109,2020-07-09,2020-07-09 00:00:00,2020-07-09 11:01:20.863000,Auction 3. Period CAP2-EU,T3PA,successful,EU,2717000.0,3226500.0,59.0,38.0,3.11,54686.0,169816.0,278451.0,159824.0,293287.0,1.19,19.0,17.0,True,,True,0.21052631578641012,0.5263157894736842,True,0.4705882353009656,0.5294117647058824,True,16824.0,0.5263157894736842,False,0.002476996687522881,0.005000402562241783,True,-0.4406779661003384,0.5084745762711864,True,0.00473684210526315,0.005,True,0.8947368421052632,1.6397218165543883,1.8350623185504054,0.9706735390888739,1.0420639187901128,consistent-but-unverified:all N bidders,consistent-but-unverified:successful S bidders,unknown,unknown
emission-spot-primary-market-auction-report-2020-data.xlsx,Primary Market Auction,110,2020-07-07,2020-07-07 00:00:00,2020-07-07 11:01:02.056000,Auction 3. Period CAP2-EU,T3PA,successful,EU,2717000.0,5459000.0,67.0,25.0,3.53,81478.0,287316.0,487750.0,194071.0,296376.0,2.01,19.0,14.0,True,,True,0.21052631578641012,0.5263157894736842,True,-0.42857142857974395,0.5357142857142857,True,51071.0,0.5263157894736842,False,0.0007986750092010553,0.005000553772855122,True,0.38805970149405766,0.5074626865671642,True,0.0036842105263157343,0.005,True,0.7368421052631579,1.6976082083838004,1.527152433903056,0.9923655316676709,0.9270931486694824,consistent-but-unverified:all N bidders,consistent-but-unverified:successful S bidders,unknown,unknown
emission-spot-primary-market-auction-report-2020-data.xlsx,Primary Market Auction,111,2020-07-06,2020-07-06 00:00:00,2020-07-06 11:00:26.645000,Auction 3. Period CAP2-EU,T3PA,successful,EU,2717000.0,4590500.0,57.0,31.0,3.17,80535.0,255028.0,569963.0,169813.0,319088.0,1.69,18.0,16.0,True,,True,0.22222222221898846,0.5277777777777778,True,0.5,0.53125,True,18868.555555555562,0.5277777777777778,False,0.00045270518954732,0.005000494948031971,True,-0.08771929824433755,0.5087719298245614,True,0.0033333333333334103,0.005,True,0.8888888888888888,2.234903618426212,1.8790551960097284,1.173999134132282,1.0574621833843383,consistent-but-unverified:all N bidders,consistent-but-unverified:successful S bidders,unknown,unknown
emission-spot-primary-market-auction-report-2020-data.xlsx,Primary Market Auction,112,2020-07-03,2020-07-03 00:00:00,2020-07-03 11:00:56.662000,Auction 3. Period DE,T3PA,successful,DE,2363000.0,4815500.0,62.0,17.0,2.95,77669.0,229310.0,262378.0,196917.0,251573.0,2.04,21.0,12.0,True,,True,0.4761904761835467,0.5238095238095238,True,0.3333333333430346,0.5416666666666666,True,84393.19047619047,0.5238095238095238,False,0.0021244181125688044,0.005000642800679876,True,-0.3548387096816441,0.5080645161290323,True,-0.0023809523809523725,0.005,True,0.5714285714285714,1.1442065326414024,1.2775585652838506,0.7627695690921108,0.8231040645453324,consistent-but-unverified:all N bidders,consistent-but-unverified:successful S bidders,unknown,unknown
emission-spot-primary-market-auction-report-2020-data.xlsx,Primary Market Auction,113,2020-07-02,2020-07-02 00:00:00,2020-07-02 11:00:38.435000,Auction 3. Period CAP2-EU,T3PA,successful,EU,2717000.0,5065000.0,60.0,19.0,2.86,84417.0,241190.0,335190.0,181133.0,227366.0,1.86,21.0,15.0,True,,True,-0.4761904761835467,0.5238095238095238,True,-0.3333333333430346,0.5333333333333333,True,51752.04761904762,0.5238095238095238,False,-0.004188443135811459,0.005000527086637135,True,0.3333333333284827,0.5083333333333333,True,0.0028571428571426694,0.005,True,0.7142857142857143,1.389734234420996,1.255243384695224,0.8711821607733226,0.8132578982591989,consistent-but-unverified:all N bidders,consistent-but-unverified:successful S bidders,unknown,unknown
emission-spot-primary-market-auction-report-2020-data.xlsx,Primary Market Auction,115,2020-07-01,2020-07-01 00:00:00,2020-07-01 11:00:41.947000,Auction 3. Period CAP2-PL,T3PA,successful,PL,5332000.0,9905000.0,67.0,20.0,3.53,147836.0,521316.0,1002305.0,484727.0,636934.0,1.86,19.0,11.0,True,,True,0.21052631578641012,0.5263157894736842,True,-0.2727272727061063,0.5454545454545454,True,204095.42105263157,0.5263157894736842,False,0.002348087021755596,0.005000267971876142,True,0.17910447760368697,0.5074626865671642,True,0.0036842105263157343,0.005,True,0.5789473684210527,1.9226438474936507,1.3140056155320416,1.0724886338520692,0.8389800555326032,consistent-but-unverified:all N bidders,consistent-but-unverified:successful S bidders,unknown,unknown
emission-spot-primary-market-auction-report-2020-data.xlsx,Primary Market Auction,116,2020-06-30,2020-06-30 00:00:00,2020-06-30 11:00:42.327000,Auction 3. Period CAP2-EU,T3PA,successful,EU,2717000.0,4550000.0,74.0,37.0,3.36,61486.0,206818.0,317188.0,135850.0,207892.0,1.67,22.0,20.0,True,,True,-0.18181818182347342,0.5227272727272727,True,0.0,0.525,True,12350.0,0.5227272727272727,False,-0.004641148325359001,0.005000492204905503,True,-0.48648648648668313,0.5067567567567568,True,-0.003636363636363882,0.005,True,0.9090909090909091,1.5336576120066918,1.5303054839896946,0.9296639551717517,0.9283400401103374,consistent-but-unverified:all N bidders,consistent-but-unverified:successful S bidders,unknown,unknown
emission-spot-primary-market-auction-report-2020-data.xlsx,Primary Market Auction,117,2020-06-29,2020-06-29 00:00:00,2020-06-29 11:00:43.457000,Auction 3. Period CAP2-EU,T3PA,successful,EU,2717000.0,4761000.0,66.0,26.0,3.14,72136.0,226714.0,266016.0,194071.0,225610.0,1.75,21.0,14.0,True,,True,-0.285714285710128,0.5238095238095238,True,-0.42857142857974395,0.5357142857142857,True,64690.04761904762,0.5238095238095238,False,-0.002300331247699683,0.005000506496255745,True,-0.36363636363239493,0.5075757575757576,True,-0.0028571428571426694,0.005,True,0.6666666666666666,1.1733549758726853,1.1625126886551829,0.7762720454444973,0.7712708273928949,consistent-but-unverified:all N bidders,consistent-but-unverified:successful S bidders,unknown,unknown
emission-spot-primary-market-auction-report-2020-data.xlsx,Primary Market Auction,118,2020-06-26,2020-06-26 00:00:00,2020-06-26 11:00:41.546000,Auction 3. Period DE,T3PA,successful,DE,2363000.0,2750500.0,39.0,36.0,2.6,70526.0,183367.0,181635.0,168786.0,182181.0,1.16,15.0,14.0,True,,True,0.3333333333430346,0.5333333333333333,True,0.285714285710128,0.5357142857142857,True,11252.666666666657,0.5333333333333333,False,-0.0039864578925095095,0.005000457889696189,True,0.3589743589691352,0.5128205128205128,True,0.0,0.005,True,0.9333333333333333,0.9905544618170118,1.0793608474636522,0.688413223956584,0.7320605616183119,consistent-but-unverified:all N bidders,consistent-but-unverified:successful S bidders,unknown,unknown
emission-spot-primary-market-auction-report-2020-data.xlsx,Primary Market Auction,119,2020-06-25,2020-06-25 00:00:00,2020-06-25 11:00:58.339000,Auction 3. Period CAP2-EU,T3PA,successful,EU,2717000.0,5385000.0,60.0,16.0,2.5,89750.0,224375.0,310753.0,209000.0,245422.0,1.98,24.0,13.0,True,,True,0.0,0.5208333333333334,True,0.0,0.5384615384615384,True,95791.66666666667,0.5208333333333334,False,-0.001965403018034717,0.00500054876072281,True,0.0,0.5083333333333333,True,0.0,0.005,True,0.5416666666666666,1.3849715877437325,1.1742679425837321,0.8691872113736357,0.7766920297630963,consistent-but-unverified:all N bidders,consistent-but-unverified:successful S bidders,unknown,unknown
emission-spot-primary-market-auction-report-2020-data.xlsx,Primary Market Auction,120,2020-06-23,2020-06-23 00:00:00,2020-06-23 11:00:52.757000,Auction 3. Period CAP2-EU,T3PA,successful,EU,2717000.0,3337000.0,49.0,32.0,2.58,68102.0,175632.0,176808.0,150944.0,173635.0,1.23,19.0,18.0,True,,True,0.42105263157282025,0.5263157894736842,True,-0.4444444444379769,0.5277777777777778,True,7944.0,0.5263157894736842,False,0.0018071402281929494,0.005000410046574492,True,-0.040816326523781754,0.5102040816326531,True,0.001052631578947416,0.005,True,0.9473684210526315,1.0066958185296528,1.1503272736909051,0.6964894980535683,0.7656200508765851,consistent-but-unverified:all N bidders,consistent-but-unverified:successful S bidders,unknown,unknown
emission-spot-primary-market-auction-report-2020-data.xlsx,Primary Market Auction,121,2020-06-22,2020-06-22 00:00:00,2020-06-22 11:00:40.677000,Auction 3. Period CAP2-EU,T3PA,successful,EU,2717000.0,4555000.0,57.0,18.0,2.71,79912.0,216905.0,246120.0,226417.0,173762.0,1.68,21.0,12.0,True,,True,0.23809523810632527,0.5238095238095238,True,0.3333333333430346,0.5416666666666666,True,97036.04761904762,0.5238095238095238,False,0.0035185866764813056,0.005000492543563092,True,-0.28070175438188016,0.5087719298245614,True,-0.004285714285714448,0.005,True,0.5714285714285714,1.1346903022060348,0.7674423740266852,0.7583215786439913,0.5695335151604562,consistent-but-unverified:all N bidders,consistent-but-unverified:successful S bidders,unknown,unknown
emission-spot-primary-market-auction-report-2020-data.xlsx,Primary Market Auction,122,2020-06-19,2020-06-19 00:00:00,2020-06-19 11:00:24.072000,Auction 3. Period DE,T3PA,successful,DE,2363000.0,3736500.0,47.0,30.0,2.76,79500.0,219794.0,334344.0,157533.0,159407.0,1.58,17.0,15.0,True,,True,-0.1176470588252414,0.5294117647058824,True,-0.3333333333430346,0.5333333333333333,True,18533.0,0.5294117647058824,False,-0.001252644942869141,0.005000546181332952,True,0.0,0.5106382978723404,True,-0.004705882352941337,0.005,True,0.8823529411764706,1.5211698226521198,1.0118959202198905,0.9247230091468686,0.6990775213864985,consistent-but-unverified:all N bidders,consistent-but-unverified:successful S bidders,unknown,unknown
emission-spot-primary-market-auction-report-2020-data.xlsx,Primary Market Auction,123,2020-06-18,2020-06-18 00:00:00,2020-06-18 11:01:21.479000,Auction 3. Period CAP2-EU,T3PA,successful,EU,2717000.0,4576000.0,50.0,11.0,2.5,91520.0,228800.0,286097.0,388143.0,290995.0,1.68,20.0,7.0,True,,True,0.0,0.525,True,0.1428571428405121,0.5714285714285714,True,252293.0,0.525,False,-0.004210526315789442,0.005000493965924964,True,0.0,0.51,True,0.0,0.005,True,0.35,1.250423951048951,0.7497108024619792,0.8111186211554262,0.5594505185431771,consistent-but-unverified:all N bidders,consistent-but-unverified:successful S bidders,unknown,unknown
emission-spot-primary-market-auction-report-2020-data.xlsx,Primary Market Auction,124,2020-06-17,2020-06-17 00:00:00,2020-06-17 11:00:46.100000,Auction 3. Period CAP2-PL,T3PA,successful,PL,5332000.0,7332000.0,63.0,39.0,3.32,116381.0,385895.0,496553.0,313647.0,421548.0,1.38,19.0,17.0,True,,True,0.26315789471846074,0.5263157894736842,True,-0.058823529398068786,0.5294117647058824,True,33015.42105263157,0.5263157894736842,False,0.004906226556639082,0.005000222720733533,True,0.04761904761835467,0.5079365079365079,True,0.00421052631578922,0.005,True,0.8947368421052632,1.2867567602586196,1.3440205071306277,0.8271345518235517,0.851867620452361,consistent-but-unverified:all N bidders,consistent-but-unverified:successful S bidders,unknown,unknown
emission-spot-primary-market-auction-report-2020-data.xlsx,Primary Market Auction,125,2020-06-16,2020-06-16 00:00:00,2020-06-16 11:00:24.270000,Auction 3. Period CAP2-EU,T3PA,successful,EU,2717000.0,4618000.0,62.0,19.0,2.95,74484.0,219905.0,302877.0,194071.0,260430.0,1.7,21.0,14.0,True,,True,0.23809523810632527,0.5238095238095238,True,-0.42857142857974395,0.5357142857142857,True,64690.04761904762,0.5238095238095238,False,0.0003312476996686353,0.005000496810648709,True,0.1290322580607608,0.5080645161290323,True,-0.0023809523809523725,0.005,True,0.6666666666666666,1.3773083831654578,1.3419315611296896,0.8659689162547686,0.850976042344482,consistent-but-unverified:all N bidders,consistent-but-unverified:successful S bidders,unknown,unknown
emission-spot-primary-market-auction-report-2020-data.xlsx,Primary Market Auction,126,2020-06-15,2020-06-15 00:00:00,2020-06-15 11:00:35.960000,Auction 3. Period CAP2-EU,T3PA,successful,EU,2717000.0,4753000.0,55.0,25.0,2.5,86418.0,216045.0,306735.0,194071.0,260892.0,1.75,22.0,14.0,True,,True,-0.45454545455868356,0.5227272727272727,True,-0.42857142857974395,0.5357142857142857,True,70571.0,0.5227272727272727,False,0.0006440927493558402,0.005000505954403603,True,-0.18181818182347342,0.509090909090909,True,0.0,0.005,True,0.6363636363636364,1.419773658265639,1.3443121331883692,0.8836740061521274,0.8519920254724355,consistent-but-unverified:all N bidders,consistent-but-unverified:successful S bidders,unknown,unknown
emission-spot-primary-market-auction-report-2020-data.xlsx,Primary Market Auction,127,2020-06-12,2020-06-12 00:00:00,2020-06-12 11:00:29.437000,Auction 3. Period DE,T3PA,successful,DE,2363000.0,5034000.0,59.0,16.0,2.95,85322.0,251700.0,359780.0,214818.0,262971.0,2.13,20.0,11.0,True,,True,0.0,0.525,True,-0.18181818182347342,0.5454545454545454,True,96668.0,0.525,False,-0.00034278459585301846,0.005000662366321492,True,-0.033898305089678615,0.5084745762711864,True,0.0,0.005,True,0.55,1.4294000794596742,1.2241571935312683,0.8876443459915632,0.7993780544352189,consistent-but-unverified:all N bidders,consistent-but-unverified:successful S bidders,unknown,unknown
emission-spot-primary-market-auction-report-2020-data.xlsx,Primary Market Auction,128,2020-06-11,2020-06-11 00:00:00,2020-06-11 11:00:35.557000,Auction 3. Period CAP2-EU,T3PA,successful,EU,2717000.0,5322000.0,50.0,19.0,2.78,106440.0,295667.0,382832.0,247000.0,211039.0,1.96,18.0,11.0,True,,True,0.3333333333139308,0.5277777777777778,True,0.0,0.5454545454545454,True,96055.55555555556,0.5277777777777778,False,0.0012219359587779532,0.005000544493637193,True,0.0,0.51,True,0.0022222222222221255,0.005,True,0.6111111111111112,1.2948080103630097,0.8544089068825911,0.830649184397936,0.6175659966993385,consistent-but-unverified:all N bidders,consistent-but-unverified:successful S bidders,unknown,unknown
emission-spot-primary-market-auction-report-2020-data.xlsx,Primary Market Auction,129,2020-06-09,2020-06-09 00:00:00,2020-06-09 11:00:24.712000,Auction 3. Period CAP2-EU,T3PA,successful,EU,2717000.0,4419000.0,60.0,27.0,2.86,73650.0,210429.0,289995.0,194071.0,216556.0,1.63,21.0,14.0,True,,True,0.42857142857974395,0.5238095238095238,True,-0.42857142857974395,0.5357142857142857,True,64690.04761904762,0.5238095238095238,False,0.003573794626426041,0.0050004833320766795,True,0.0,0.5083333333333333,True,0.0028571428571426694,0.005,True,0.6666666666666666,1.3781132828650045,1.1158596596091122,0.8663074350082086,0.7494611883604092,consistent-but-unverified:all N bidders,consistent-but-unverified:successful S bidders,unknown,unknown
emission-spot-primary-market-auction-report-2020-data.xlsx,Primary Market Auction,130,2020-06-08,2020-06-08 00:00:00,2020-06-08 11:00:55.044000,Auction 3. Period CAP2-EU,T3PA,successful,EU,2717000.0,3659500.0,45.0,22.0,2.37,81322.0,192605.0,281187.0,209000.0,254142.0,1.35,19.0,13.0,True,,True,-0.26315789474756457,0.5263157894736842,True,0.0,0.5384615384615384,True,66000.0,0.5263157894736842,False,0.0031100478468899517,0.0050004318899889615,True,-0.22222222221898846,0.5111111111111111,True,0.0015789473684213462,0.005,True,0.6842105263157895,1.4599153708366865,1.2159904306220095,0.9001269472535978,0.7956994505643459,consistent-but-unverified:all N bidders,consistent-but-unverified:successful S bidders,unknown,unknown
emission-spot-primary-market-auction-report-2020-data.xlsx,Primary Market Auction,131,2020-06-05,2020-06-05 00:00:00,2020-06-05 11:00:35.078000,Auction 3. Period DE,T3PA,successful,DE,2363000.0,4494000.0,55.0,13.0,2.62,81709.0,214000.0,302973.0,181769.0,216554.0,1.9,21.0,13.0,True,,True,0.0,0.5238095238095238,True,-0.23076923078042455,0.5384615384615384,True,69245.19047619047,0.5238095238095238,False,-0.0018197206940331334,0.005000614011875394,True,-0.09090909091173671,0.509090909090909,True,0.0009523809523810378,0.005,True,0.6190476190476191,1.4157616822429906,1.191369265386287,0.8820146337514644,0.7845265837864348,consistent-but-unverified:all N bidders,consistent-but-unverified:successful S bidders,unknown,unknown
emission-spot-primary-market-auction-report-2020-data.xlsx,Primary Market Auction,132,2020-06-04,2020-06-04 00:00:00,2020-06-04 11:00:51.219000,Auction 3. Period CAP2-EU,T3PA,successful,EU,2717000.0,4219000.0,62.0,27.0,2.95,68048.0,200905.0,253027.0,194071.0,208713.0,1.55,21.0,14.0,True,,True,0.23809523810632527,0.5238095238095238,True,-0.42857142857974395,0.5357142857142857,True,64690.04761904762,0.5238095238095238,False,-0.0028156054471843994,0.005000469785773133,True,-0.3870967741968343,0.5080645161290323,True,-0.0023809523809523725,0.005,True,0.6666666666666666,1.2594360518653094,1.075446614898671,0.8151152475723907,0.7301763666184414,consistent-but-unverified:all N bidders,consistent-but-unverified:successful S bidders,unknown,unknown
emission-spot-primary-market-auction-report-2020-data.xlsx,Primary Market Auction,133,2020-06-03,2020-06-03 00:00:00,2020-06-03 11:00:28.882000,Auction 3. Period CAP2-PL,T3PA,successful,PL,5332000.0,7348500.0,64.0,29.0,3.05,114820.0,349929.0,584897.0,333250.0,592700.0,1.38,21.0,16.0,True,,True,0.42857142857974395,0.5238095238095238,True,0.0,0.53125,True,79345.2380952381,0.5238095238095238,False,0.0018117029257314066,0.005000223010917696,True,-0.3125,0.5078125,True,0.0023809523809523725,0.005,True,0.7619047619047619,1.6714733560236505,1.7785446361590398,0.9826301389516365,1.0219272784491966,consistent-but-unverified:all N bidders,consistent-but-unverified:successful S bidders,unknown,unknown
emission-spot-primary-market-auction-report-2020-data.xlsx,Primary Market Auction,134,2020-06-02,2020-06-02 00:00:00,2020-06-02 11:00:27.964000,Auction 3. Period CAP2-EU,T3PA,successful,EU,2717000.0,5109000.0,60.0,21.0,2.73,85150.0,232227.0,301534.0,209000.0,306711.0,1.88,22.0,13.0,True,,True,-0.27272727273521014,0.5227272727272727,True,0.0,0.5384615384615384,True,85500.0,0.5227272727272727,False,-0.0003827751196172624,0.005000530066823916,True,0.0,0.5083333333333333,True,0.0027272727272729114,0.005,True,0.5909090909090909,1.2984450559151175,1.4675167464114833,0.8322328316560997,0.9032122790953705,consistent-but-unverified:all N bidders,consistent-but-unverified:successful S bidders,unknown,unknown
emission-spot-primary-market-auction-report-2020-data.xlsx,Primary Market Auction,135,2020-05-29,2020-05-29 00:00:00,2020-05-29 11:00:26.513000,Auction 3. Period DE,T3PA,successful,DE,2363000.0,4316500.0,53.0,12.0,2.79,81443.0,227184.0,325598.0,337571.0,457459.0,1.83,19.0,7.0,True,,True,-0.21052631578641012,0.5263157894736842,True,-0.42857142857974395,0.5714285714285714,True,213202.57894736843,0.5263157894736842,False,0.0032966567922132484,0.005000598117589871,True,-0.3962264150904957,0.5094339622641509,True,0.0005263157894739301,0.005,True,0.3684210526315789,1.433190717656173,1.3551489908789558,0.8892034485862558,0.8566039912331979,consistent-but-unverified:all N bidders,consistent-but-unverified:successful S bidders,unknown,unknown
emission-spot-primary-market-auction-report-2020-data.xlsx,Primary Market Auction,136,2020-05-28,2020-05-28 00:00:00,2020-05-28 11:00:49.354000,Auction 3. Period CAP2-EU,T3PA,successful,EU,2717000.0,5482000.0,61.0,15.0,2.77,89869.0,249182.0,280715.0,247000.0,286399.0,2.02,22.0,11.0,True,,True,0.18181818182347342,0.5227272727272727,True,0.0,0.5454545454545454,True,123500.0,0.5227272727272727,False,0.0023334560176664354,0.0050005553306800305,True,0.1475409836129984,0.5081967213114754,True,-0.0027272727272729114,0.005,True,0.5,1.1265460587040796,1.1595101214574899,0.7544990948722777,0.7698814003525251,consistent-but-unverified:all N bidders,consistent-but-unverified:successful S bidders,unknown,unknown
emission-spot-primary-market-auction-report-2020-data.xlsx,Primary Market Auction,137,2020-05-26,2020-05-26 00:00:00,2020-05-26 11:00:28.472000,Auction 3. Period CAP2-EU,T3PA,successful,EU,2717000.0,4861000.0,66.0,24.0,3.14,73652.0,231476.0,299621.0,194071.0,264279.0,1.79,21.0,14.0,True,,True,-0.19047619047341868,0.5238095238095238,True,-0.42857142857974395,0.5357142857142857,True,64690.04761904762,0.5238095238095238,False,0.0008943687891056484,0.005000513269407518,True,0.4848484848480439,0.5075757575757576,True,-0.0028571428571426694,0.005,True,0.6666666666666666,1.2943933712350308,1.361764508865312,0.8304684823129198,0.8594090129171316,consistent-but-unverified:all N bidders,consistent-but-unverified:successful S bidders,unknown,unknown
emission-spot-primary-market-auction-report-2020-data.xlsx,Primary Market Auction,138,2020-05-20,2020-05-20 00:00:00,2020-05-20 11:00:25.404000,Auction 3. Period CAP2-PL,T3PA,successful,PL,5332000.0,7645000.0,76.0,33.0,3.3,100592.0,332391.0,623485.0,410154.0,710507.0,1.43,23.0,13.0,True,,True,-0.30434782610973343,0.5217391304347826,True,0.15384615387301892,0.5384615384615384,True,178327.91304347827,0.5217391304347826,False,-0.0037959489872467778,0.005000228225439183,True,-0.10526315789320506,0.506578947368421,True,-0.004347826086956719,0.005,True,0.5652173913043478,1.8757577672078967,1.7322932361990862,1.056316210723273,1.0051412698429216,consistent-but-unverified:all N bidders,consistent-but-unverified:successful S bidders,unknown,unknown
emission-spot-primary-market-auction-report-2020-data.xlsx,Primary Market Auction,139,2020-05-19,2020-05-19 00:00:00,2020-05-19 11:00:46.687000,Auction 3. Period CAP2-EU,T3PA,successful,EU,2717000.0,5094500.0,70.0,26.0,2.92,72779.0,212271.0,319970.0,159824.0,278726.0,1.88,24.0,17.0,True,,True,0.1666666666569654,0.5208333333333334,True,0.4705882353009656,0.5294117647058824,True,46615.66666666667,0.5208333333333334,False,0.004953993375045984,0.005000529084716909,True,0.42857142856519204,0.5071428571428571,True,0.0033333333333334103,0.005,True,0.7083333333333334,1.5073655845593605,1.7439558514365803,0.9192326340569597,1.0094006206075967,consistent-but-unverified:all N bidders,consistent-but-unverified:successful S bidders,unknown,unknown
emission-spot-primary-market-auction-report-2020-data.xlsx,Primary Market Auction,140,2020-05-18,2020-05-18 00:00:00,2020-05-18 11:00:44.239000,Auction 3. Period CAP2-EU,T3PA,successful,EU,2717000.0,4627500.0,73.0,30.0,3.17,63390.0,201196.0,302657.0,169813.0,231348.0,1.7,23.0,16.0,True,,True,0.3478260869451333,0.5217391304347826,True,0.5,0.53125,True,51682.56521739131,0.5217391304347826,False,-0.0031652557968346873,0.005000497454098128,True,-0.41095890411088476,0.5068493150684932,True,-0.003913043478260825,0.005,True,0.6956521739130435,1.5042893496888605,1.362369194349078,0.9180050015494529,0.8596650113816361,consistent-but-unverified:all N bidders,consistent-but-unverified:successful S bidders,unknown,unknown
emission-spot-primary-market-auction-report-2020-data.xlsx,Primary Market Auction,141,2020-05-15,2020-05-15 00:00:00,2020-05-15 11:00:32.524000,Auction 3. Period DE,T3PA,successful,DE,2363000.0,3480500.0,60.0,28.0,2.61,58008.0,151326.0,238727.0,147688.0,240027.0,1.47,23.0,16.0,True,,True,-0.08695652172900736,0.5217391304347826,True,0.5,0.53125,True,44948.86956521739,0.5217391304347826,False,-0.0029157850190435486,0.005000523257743691,True,-0.33333333333575865,0.5083333333333333,True,0.0013043478260867936,0.005,True,0.6956521739130435,1.5775676354360784,1.625230215047939,0.946846177277045,0.9651685931687252,consistent-but-unverified:all N bidders,consistent-but-unverified:successful S bidders,unknown,unknown
emission-spot-primary-market-auction-report-2020-data.xlsx,Primary Market Auction,142,2020-05-14,2020-05-14 00:00:00,2020-05-14 11:00:36.276000,Auction 3. Period CAP2-EU,T3PA,successful,EU,2717000.0,4560000.0,70.0,30.0,2.8,65143.0,182400.0,183857.0,143000.0,142317.0,1.68,25.0,19.0,True,,True,0.0,0.52,True,0.0,0.5263157894736842,True,34320.0,0.52,False,0.0016783216783216037,0.00500049288222068,True,0.142857142855064,0.5071428571428571,True,0.0,0.005,True,0.76,1.0079879385964912,0.9952237762237762,0.6971331951363884,0.6907562125846285,consistent-but-unverified:all N bidders,consistent-but-unverified:successful S bidders,unknown,unknown
emission-spot-primary-market-auction-report-2020-data.xlsx,Primary Market Auction,143,2020-05-12,2020-05-12 00:00:00,2020-05-12 11:01:28.478000,Auction 3. Period CAP2-EU,T3PA,successful,EU,2717000.0,4205500.0,66.0,28.0,2.87,63720.0,182848.0,194280.0,143000.0,167405.0,1.55,23.0,19.0,True,,True,0.17391304348711856,0.5217391304347826,True,0.0,0.5263157894736842,True,24869.56521739131,0.5217391304347826,False,0.0021531100478469067,0.005000468871397643,True,0.3030303030318464,0.5075757575757576,True,0.0004347826086958939,0.005,True,0.8260869565217391,1.0625218760938047,1.1706643356643356,0.7239294457613851,0.7750332661668426,consistent-but-unverified:all N bidders,consistent-but-unverified:successful S bidders,unknown,unknown
emission-spot-primary-market-auction-report-2020-data.xlsx,Primary Market Auction,144,2020-05-11,2020-05-11 00:00:00,2020-05-11 11:00:33.209000,Auction 3. Period CAP2-EU,T3PA,successful,EU,2717000.0,3664500.0,60.0,37.0,2.86,61075.0,174500.0,230874.0,150944.0,210918.0,1.35,21.0,18.0,True,,True,0.0,0.5238095238095238,True,-0.4444444444379769,0.5277777777777778,True,21563.04761904762,0.5238095238095238,False,0.0012697828487302498,0.00500043222864655,True,0.0,0.5083333333333333,True,0.0028571428571426694,0.005,True,0.8571428571428571,1.3230601719197708,1.3973261606953573,0.8428853561302769,0.8743540165732175,consistent-but-unverified:all N bidders,consistent-but-unverified:successful S bidders,unknown,unknown
emission-spot-primary-market-auction-report-2020-data.xlsx,Primary Market Auction,145,2020-05-08,2020-05-08 00:00:00,2020-05-08 11:00:44.179000,Auction 3. Period DE,T3PA,successful,DE,2363000.0,4814500.0,68.0,14.0,3.4,70801.0,240725.0,250229.0,196917.0,213527.0,2.04,20.0,12.0,True,,True,0.0,0.525,True,0.3333333333430346,0.5416666666666666,True,78767.0,0.525,False,0.002547608971646298,0.005000642711134606,True,-0.4705882353009656,0.5073529411764706,True,0.0,0.005,True,0.6,1.039480735278845,1.0843502592462815,0.7126952339249535,0.7344571804244355,consistent-but-unverified:all N bidders,consistent-but-unverified:successful S bidders,unknown,unknown
emission-spot-primary-market-auction-report-2020-data.xlsx,Primary Market Auction,146,2020-05-07,2020-05-07 00:00:00,2020-05-07 11:00:34.417000,Auction 3. Period CAP2-EU,T3PA,successful,EU,2717000.0,4372500.0,68.0,29.0,3.24,64301.0,208214.0,279505.0,159824.0,257795.0,1.61,21.0,17.0,True,,True,-0.285714285710128,0.5238095238095238,True,0.4705882353009656,0.5294117647058824,True,30443.04761904762,0.5238095238095238,False,0.0006882591093118062,0.005000480182561105,True,-0.47058823529368965,0.5073529411764706,True,0.0019047619047620756,0.005,True,0.8095238095238095,1.342392922666103,1.6129930423465813,0.8511730233775002,0.9604963238279198,consistent-but-unverified:all N bidders,consistent-but-unverified:successful S bidders,unknown,unknown
emission-spot-primary-market-auction-report-2020-data.xlsx,Primary Market Auction,148,2020-05-06,2020-05-06 00:00:00,2020-05-06 11:00:29.422000,Auction 3. Period CAP2-PL,T3PA,successful,PL,5332000.0,8747000.0,88.0,22.0,4.63,99398.0,460368.0,479795.0,444333.0,469940.0,1.64,19.0,12.0,True,,True,-0.42105263157282025,0.5263157894736842,True,-0.3333333333139308,0.5416666666666666,True,163701.42105263157,0.5263157894736842,False,-0.0004726181545386954,0.00500024760622393,True,0.2727272727206582,0.5056818181818182,True,-0.0015789473684213462,0.005,True,0.631578947368421,1.0421988496159593,1.0576302007728438,0.7140270948328836,0.7215549326229864,consistent-but-unverified:all N bidders,consistent-but-unverified:successful S bidders,unknown,unknown
emission-spot-primary-market-auction-report-2020-data.xlsx,Primary Market Auction,149,2020-05-05,2020-05-05 00:00:00,2020-05-05 11:00:33.039000,Auction 3. Period CAP2-EU,T3PA,successful,EU,2717000.0,2742500.0,53.0,51.0,2.52,51745.0,130595.0,151392.0,129381.0,152031.0,1.01,21.0,21.0,True,,True,-0.23809523809177335,0.5238095238095238,True,0.04761904761835467,0.5238095238095238,True,0.04761904761835467,0.5238095238095238,True,0.0006146485093854182,0.0050003697801872,True,-0.28301886792178266,0.5094339622641509,True,-0.003809523809523707,0.005,True,1.0,1.1592480569700219,1.1750643448419784,0.7697600393144847,0.7770582479384468,consistent-but-unverified:all N bidders,consistent-but-unverified:successful S bidders,unknown,unknown
emission-spot-primary-market-auction-report-2020-data.xlsx,Primary Market Auction,150,2020-04-30,2020-04-30 00:00:00,2020-04-30 11:00:27.862000,Auction 3. Period CAP2-EU,T3PA,successful,EU,2717000.0,4775000.0,79.0,30.0,3.95,60443.0,238750.0,263978.0,169813.0,253517.0,1.76,20.0,16.0,True,,True,0.0,0.525,True,0.5,0.53125,True,33963.0,0.525,False,0.0025469267574531607,0.0050005074444969926,True,-0.03797468354605371,0.5063291139240507,True,0.0,0.005,True,0.8,1.1056670157068063,1.4929186811374866,0.7446322890107351,0.9134541851315503,consistent-but-unverified:all N bidders,consistent-but-unverified:successful S bidders,unknown,unknown
emission-spot-primary-market-auction-report-2020-data.xlsx,Primary Market Auction,151,2020-04-28,2020-04-28 00:00:00,2020-04-28 11:00:33.156000,Auction 3. Period CAP2-EU,T3PA,successful,EU,2717000.0,5686000.0,83.0,19.0,4.15,68506.0,284300.0,349379.0,209000.0,307647.0,2.09,20.0,13.0,True,,True,0.0,0.525,True,0.0,0.5384615384615384,True,73150.0,0.525,False,-0.0027493559072508944,0.005000569147909648,True,-0.024096385546727106,0.5060240963855421,True,0.0,0.005,True,0.65,1.2289096025325361,1.4719952153110047,0.8015124984142497,0.9050256040397705,consistent-but-unverified:all N bidders,consistent-but-unverified:successful S bidders,unknown,unknown
emission-spot-primary-market-auction-report-2020-data.xlsx,Primary Market Auction,152,2020-04-27,2020-04-27 00:00:00,2020-04-27 11:00:53.932000,Auction 3. Period CAP2-EU,T3PA,successful,EU,2717000.0,5275000.0,72.0,27.0,3.27,73264.0,239773.0,308785.0,159824.0,184091.0,1.94,22.0,17.0,True,,True,0.27272727273521014,0.5227272727272727,True,0.4705882353009656,0.5294117647058824,True,36324.0,0.5227272727272727,False,-0.0014795730585204225,0.00500054131025586,True,0.11111111110949423,0.5069444444444444,True,-0.0027272727272729114,0.005,True,0.7727272727272727,1.2878222318609684,1.1518357693462808,0.8276003746341101,0.7663213240278378,consistent-but-unverified:all N bidders,consistent-but-unverified:successful S bidders,unknown,unknown
emission-spot-primary-market-auction-report-2020-data.xlsx,Primary Market Auction,153,2020-04-24,2020-04-24 00:00:00,2020-04-24 11:00:41.954000,Auction 3. Period DE,T3PA,successful,DE,2363000.0,4293000.0,66.0,20.0,3.3,65045.0,214650.0,240906.0,147688.0,169642.0,1.82,20.0,16.0,True,,True,0.0,0.525,True,0.5,0.53125,True,29538.0,0.525,False,0.0032416419805332275,0.0050005960132760135,True,-0.45454545454413164,0.5075757575757576,True,0.0,0.005,True,0.8,1.1223200559049615,1.1486512106603108,0.7525098562948903,0.7648403013981371,consistent-but-unverified:all N bidders,consistent-but-unverified:successful S bidders,unknown,unknown
emission-spot-primary-market-auction-report-2020-data.xlsx,Primary Market Auction,154,2020-04-23,2020-04-23 00:00:00,2020-04-23 11:00:39.703000,Auction 3. Period CAP2-EU,T3PA,successful,EU,2717000.0,4976000.0,81.0,33.0,3.52,61432.0,216348.0,207304.0,143000.0,141972.0,1.83,23.0,19.0,True,,True,0.17391304348711856,0.5217391304347826,True,0.0,0.5263157894736842,True,24869.56521739131,0.5217391304347826,False,-0.001431726168568126,0.005000521058532058,True,-0.09876543209975353,0.5061728395061729,True,-0.0017391304347826875,0.005,True,0.8260869565217391,0.9581969789413353,0.9928111888111888,0.6720241411633496,0.6895462995682917,consistent-but-unverified:all N bidders,consistent-but-unverified:successful S bidders,unknown,unknown
emission-spot-primary-market-auction-report-2020-data.xlsx,Primary Market Auction,155,2020-04-22,2020-04-22 00:00:00,2020-04-22 11:00:37.477000,Auction 3. Period CAP2-PL,T3PA,successful,PL,5332000.0,8568500.0,88.0,38.0,4.19,97369.0,408024.0,460534.0,333250.0,434093.0,1.61,21.0,16.0,True,,True,0.19047619047341868,0.5238095238095238,True,0.0,0.53125,True,79345.2380952381,0.5238095238095238,False,0.0030045011252815,0.005000244466958887,True,-0.3181818181765266,0.5056818181818182,True,-0.00047619047619029686,0.005,True,0.7619047619047619,1.1286934101915573,1.3026046511627907,0.7555083690555309,0.834040939216644,consistent-but-unverified:all N bidders,consistent-but-unverified:successful S bidders,unknown,unknown
emission-spot-primary-market-auction-report-2020-data.xlsx,Primary Market Auction,156,2020-04-21,2020-04-21 00:00:00,2020-04-21 11:01:04.109000,Auction 3. Period CAP2-EU,T3PA,successful,EU,2717000.0,5784500.0,81.0,20.0,3.68,71414.0,262932.0,298634.0,181133.0,270852.0,2.13,22.0,15.0,True,,True,0.18181818182347342,0.5227272727272727,True,-0.3333333333430346,0.5333333333333333,True,57633.0,0.5227272727272727,False,0.0009974236290024585,0.005000575819464145,True,0.4197530864184955,0.5061728395061729,True,-0.0018181818181814968,0.005,True,0.6818181818181818,1.1357841571204723,1.4953211176317953,0.7588338659548174,0.9144174253834148,consistent-but-unverified:all N bidders,consistent-but-unverified:successful S bidders,unknown,unknown
emission-spot-primary-market-auction-report-2020-data.xlsx,Primary Market Auction,157,2020-04-20,2020-04-20 00:00:00,2020-04-20 11:00:56.475000,Auction 3. Period CAP2-EU,T3PA,successful,EU,2717000.0,4870000.0,74.0,20.0,3.36,65811.0,221364.0,239891.0,194071.0,212036.0,1.79,22.0,14.0,True,,True,0.36363636364694685,0.5227272727272727,True,-0.42857142857974395,0.5357142857142857,True,70571.0,0.5227272727272727,False,-0.002418108207581815,0.005000513878991177,True,0.18918918918643612,0.5067567567567568,True,-0.003636363636363882,0.005,True,0.6363636363636364,1.0836947290435663,1.092569214359693,0.7341426299769419,0.7383926001867523,consistent-but-unverified:all N bidders,consistent-but-unverified:successful S bidders,unknown,unknown
emission-spot-primary-market-auction-report-2020-data.xlsx,Primary Market Auction,158,2020-04-17,2020-04-17 00:00:00,2020-04-17 11:00:29.437000,Auction 3. Period DE,T3PA,successful,DE,2363000.0,4634500.0,68.0,15.0,3.4,68154.0,231725.0,218475.0,196917.0,199176.0,1.96,20.0,12.0,True,,True,0.0,0.525,True,0.3333333333430346,0.5416666666666666,True,78767.0,0.525,False,-0.0012780363944138173,0.005000626592985906,True,-0.4117647058883449,0.5073529411764706,True,0.0,0.005,True,0.6,0.9428201531988348,1.0114718383887629,0.6641406047107355,0.6988667120058294,consistent-but-unverified:all N bidders,consistent-but-unverified:successful S bidders,unknown,unknown
emission-spot-primary-market-auction-report-2020-data.xlsx,Primary Market Auction,159,2020-04-16,2020-04-16 00:00:00,2020-04-16 11:00:49.408000,Auction 3. Period CAP2-EU,T3PA,successful,EU,2717500.0,5001500.0,78.0,19.0,3.12,64122.0,200060.0,251660.0,181167.0,257144.0,1.84,25.0,15.0,True,,True,0.0,0.52,True,0.3333333333430346,0.5333333333333333,True,72467.0,0.52,False,-0.00047838086476525987,0.005000522627179301,True,0.20512820512522012,0.5064102564102564,True,0.0,0.005,True,0.6,1.257922623213036,1.4193754933293592,0.8144451972984349,0.8835094462575239,consistent-but-unverified:all N bidders,consistent-but-unverified:successful S bidders,unknown,unknown
emission-spot-primary-market-auction-report-2020-data.xlsx,Primary Market Auction,160,2020-04-14,2020-04-14 00:00:00,2020-04-14 11:00:36.678000,Auction 3. Period CAP2-EU,T3PA,successful,EU,2717500.0,4109500.0,62.0,39.0,2.7,66282.0,178674.0,169589.0,129405.0,147679.0,1.51,23.0,21.0,True,,True,0.08695652172900736,0.5217391304347826,True,0.23809523809177335,0.5238095238095238,True,11252.826086956527,0.5217391304347826,False,-0.002235510579576827,0.005000462232895827,True,-0.2580645161360735,0.5080645161290323,True,0.004347826086956719,0.005,True,0.9130434782608695,0.9491532063982449,1.1412155635408214,0.6673950251313547,0.7613736881174455,consistent-but-unverified:all N bidders,consistent-but-unverified:successful S bidders,unknown,unknown
emission-spot-primary-market-auction-report-2020-data.xlsx,Primary Market Auction,161,2020-04-09,2020-04-09 00:00:00,2020-04-09 11:00:29.225000,Auction 3. Period CAP2-EU,T3PA,successful,EU,2717500.0,4061000.0,64.0,25.0,3.05,63453.0,193381.0,212073.0,181167.0,225852.0,1.49,21.0,15.0,True,,True,0.047619047632906586,0.5238095238095238,True,0.3333333333430346,0.5333333333333333,True,51762.23809523809,0.5238095238095238,False,-0.004388224471021163,0.00500045894912593,True,-0.125,0.5078125,True,0.0023809523809523725,0.005,True,0.7142857142857143,1.0966589271955363,1.2466508801271754,0.7403450907157427,0.8094406095817938,consistent-but-unverified:all N bidders,consistent-but-unverified:successful S bidders,unknown,unknown
emission-spot-primary-market-auction-report-2020-data.xlsx,Primary Market Auction,163,2020-04-08,2020-04-08 00:00:00,2020-04-08 11:00:32.327000,Auction 3. Period CAP2-PL,T3PA,successful,PL,5332000.0,8065000.0,81.0,32.0,4.26,99568.0,424474.0,371777.0,313647.0,312585.0,1.51,19.0,17.0,True,,True,0.315789473708719,0.5263157894736842,True,-0.058823529398068786,0.5294117647058824,True,33015.42105263157,0.5263157894736842,False,-0.002565641410352537,0.005000235611945166,True,0.09876543209247757,0.5061728395061729,True,-0.0031578947368426924,0.005,True,0.8947368421052632,0.8758534091605139,0.9966140278720983,0.6290637074245999,0.6914527597755517,consistent-but-unverified:all N bidders,consistent-but-unverified:successful S bidders,unknown,unknown
emission-spot-primary-market-auction-report-2020-data.xlsx,Primary Market Auction,164,2020-04-07,2020-04-07 00:00:00,2020-04-07 11:00:44.504000,Auction 3. Period CAP2-EU,T3PA,successful,EU,2717500.0,5819000.0,69.0,18.0,3.0,84333.0,253000.0,221136.0,181167.0,149612.0,2.14,23.0,15.0,True,,True,0.0,0.5217391304347826,True,0.3333333333430346,0.5333333333333333,True,63014.82608695653,0.5217391304347826,False,-0.0013063477460901751,0.005000577977321386,True,-0.3333333333284827,0.5072463768115942,True,0.0,0.005,True,0.6521739130434783,0.8740553359683795,0.8258236875369135,0.6281047116451568,0.6020312208498272,consistent-but-unverified:all N bidders,consistent-but-unverified:successful S bidders,unknown,unknown
emission-spot-primary-market-auction-report-2020-data.xlsx,Primary Market Auction,165,2020-04-06,2020-04-06 00:00:00,2020-04-06 11:01:10.485000,Auction 3. Period CAP2-EU,T3PA,successful,EU,2717500.0,4228000.0,74.0,35.0,3.7,57135.0,211400.0,241624.0,150972.0,179998.0,1.56,20.0,18.0,True,,True,0.0,0.525,True,-0.22222222221898846,0.5277777777777778,True,15097.0,0.525,False,0.004158233670653155,0.0050004702561274325,True,-0.13513513513316866,0.5067567567567568,True,0.0,0.005,True,0.9,1.1429706717123935,1.192260816575259,0.7621930307759495,0.784933347671432,consistent-but-unverified:all N bidders,consistent-but-unverified:successful S bidders,unknown,unknown
emission-spot-primary-market-auction-report-2020-data.xlsx,Primary Market Auction,166,2020-04-03,2020-04-03 00:00:00,2020-04-03 11:02:11.677000,Auction 3. Period DE,T3PA,successful,DE,2363000.0,4096000.0,69.0,29.0,3.14,59362.0,186182.0,224353.0,157533.0,165670.0,1.73,22.0,15.0,True,,True,0.18181818182347342,0.5227272727272727,True,-0.3333333333430346,0.5333333333333333,True,50123.90909090909,0.5227272727272727,False,-0.0033897587812103946,0.005000578372857715,True,-0.3188405797118321,0.5072463768115942,True,0.003636363636363882,0.005,True,0.6818181818181818,1.2050198193165826,1.0516526695993855,0.790736497210606,0.7186456486539152,consistent-but-unverified:all N bidders,consistent-but-unverified:successful S bidders,unknown,unknown
emission-spot-primary-market-auction-report-2020-data.xlsx,Primary Market Auction,167,2020-04-02,2020-04-02 00:00:00,2020-04-02 11:00:36.362000,Auction 3. Period CAP2-EU,T3PA,successful,EU,2717500.0,5374500.0,66.0,13.0,2.87,81432.0,233674.0,287432.0,247045.0,276701.0,1.98,23.0,11.0,True,,True,0.08695652172900736,0.5217391304347826,True,-0.45454545455868356,0.5454545454545454,True,128892.82608695653,0.5217391304347826,False,0.002263109475620917,0.005000547881739543,True,0.18181818182347342,0.5075757575757576,True,0.0004347826086958939,0.005,True,0.4782608695652174,1.2300555474721193,1.1200429071626627,0.8020264943421215,0.7514363277067818,consistent-but-unverified:all N bidders,consistent-but-unverified:successful S bidders,unknown,unknown
emission-spot-primary-market-auction-report-2020-data.xlsx,Primary Market Auction,168,2020-03-31,2020-03-31 00:00:00,2020-03-31 11:00:30.973000,Auction 3. Period CAP2-EU,T3PA,successful,EU,2717500.0,4558000.0,55.0,14.0,2.75,82873.0,227900.0,242759.0,209038.0,206715.0,1.68,20.0,13.0,True,,True,0.0,0.525,True,-0.46153846153174527,0.5384615384615384,True,73163.0,0.525,False,0.0027230910763569316,0.005000492599304054,True,0.2727272727206582,0.509090909090909,True,0.0,0.005,True,0.65,1.065199648968846,0.988887187975392,0.7252269040489313,0.6875752803022208,consistent-but-unverified:all N bidders,consistent-but-unverified:successful S bidders,unknown,unknown
emission-spot-primary-market-auction-report-2020-data.xlsx,Primary Market Auction,169,2020-03-30,2020-03-30 00:00:00,2020-03-30 11:00:26.199000,Auction 3. Period CAP2-EU,T3PA,successful,EU,2717500.0,4768000.0,57.0,12.0,2.59,83649.0,216727.0,249324.0,301944.0,259788.0,1.75,22.0,9.0,True,,True,-0.27272727273521014,0.5227272727272727,True,-0.4444444444379769,0.5555555555555556,True,178421.2727272727,0.5227272727272727,False,-0.004553817847286146,0.005000506817689177,True,-0.12280701754207257,0.5087719298245614,True,-0.0009090909090909705,0.005,True,0.4090909090909091,1.1504058100744254,0.860384707098005,0.76565657320057,0.6207832981114886,consistent-but-unverified:all N bidders,consistent-but-unverified:successful S bidders,unknown,unknown
emission-spot-primary-market-auction-report-2020-data.xlsx,Primary Market Auction,170,2020-03-27,2020-03-27 00:00:00,2020-03-27 11:01:04.922000,Auction 3. Period DE,T3PA,successful,DE,2363000.0,5144000.0,60.0,13.0,3.33,85733.0,285778.0,335156.0,214818.0,257841.0,2.18,18.0,11.0,True,,True,0.2222222222480923,0.5277777777777778,True,-0.18181818182347342,0.5454545454545454,True,83540.22222222222,0.5277777777777778,False,0.0031062209056287315,0.005000672216301252,True,-0.3333333333284827,0.5083333333333333,True,-0.0033333333333334103,0.005,True,0.6111111111111112,1.1727844690633988,1.2002765131413569,0.7760095104661372,0.7885830402577474,consistent-but-unverified:all N bidders,consistent-but-unverified:successful S bidders,unknown,unknown
emission-spot-primary-market-auction-report-2020-data.xlsx,Primary Market Auction,171,2020-03-26,2020-03-26 00:00:00,2020-03-26 11:00:38.871000,Auction 3. Period CAP2-EU,T3PA,successful,EU,3398000.0,5515000.0,66.0,34.0,3.3,83561.0,275750.0,332254.0,188778.0,182397.0,1.62,20.0,18.0,True,,True,0.0,0.525,True,0.22222222221898846,0.5277777777777778,True,18878.0,0.525,False,-0.0030135373749262673,0.0050003859643578865,True,0.39393939393630717,0.5075757575757576,True,0.0,0.005,True,0.9,1.2049102447869446,0.9661983917617519,0.7906868027582824,0.6761019280080026,consistent-but-unverified:all N bidders,consistent-but-unverified:successful S bidders,unknown,unknown
emission-spot-primary-market-auction-report-2020-data.xlsx,Primary Market Auction,172,2020-03-25,2020-03-25 00:00:00,2020-03-25 11:00:52.758000,Auction 3. Period CAP2-PL,T3PA,successful,PL,5332000.0,6140500.0,65.0,45.0,3.42,94469.0,323184.0,336435.0,313647.0,343665.0,1.15,19.0,17.0,True,,True,-0.21052631578641012,0.5263157894736842,True,-0.058823529398068786,0.5294117647058824,True,33015.42105263157,0.5263157894736842,False,-0.0016316579144786125,0.005000201765919534,True,-0.23076923076587263,0.5076923076923077,True,-0.001052631578947416,0.005,True,0.8947368421052632,1.0410014109609387,1.095706319524816,0.7134405751361109,0.7398906419112832,consistent-but-unverified:all N bidders,consistent-but-unverified:successful S bidders,unknown,unknown
emission-spot-primary-market-auction-report-2020-data.xlsx,Primary Market Auction,173,2020-03-24,2020-03-24 00:00:00,2020-03-24 11:00:23.748000,Auction 3. Period CAP2-EU,T3PA,successful,EU,3396500.0,5893000.0,67.0,23.0,3.05,87955.0,267864.0,401162.0,212281.0,289851.0,1.74,22.0,16.0,True,,True,0.36363636364694685,0.5227272727272727,True,-0.25,0.53125,True,57894.63636363635,0.5227272727272727,False,0.0049786544972765245,0.00500040262352435,True,-0.22388059701188467,0.5074626865671642,True,0.004545454545454408,0.005,True,0.7272727272727273,1.4976331272586088,1.3654118833056186,0.915343534327604,0.8609521646261067,consistent-but-unverified:all N bidders,consistent-but-unverified:successful S bidders,unknown,unknown
emission-spot-primary-market-auction-report-2020-data.xlsx,Primary Market Auction,174,2020-03-23,2020-03-23 00:00:00,2020-03-23 11:00:55.688000,Auction 3. Period CAP2-EU,T3PA,successful,EU,3396500.0,6436500.0,75.0,24.0,3.57,85820.0,306500.0,367776.0,226433.0,202282.0,1.9,21.0,15.0,True,,True,0.0,0.5238095238095238,True,-0.3333333333430346,0.5333333333333333,True,64694.90476190476,0.5238095238095238,False,0.0049609892536433,0.005000426179786503,True,0.0,0.5066666666666667,True,-0.0014285714285717788,0.005,True,0.7142857142857143,1.1999216965742252,0.893341518241599,0.788421767264582,0.6383432670705352,consistent-but-unverified:all N bidders,consistent-but-unverified:successful S bidders,unknown,unknown
emission-spot-primary-market-auction-report-2020-data.xlsx,Primary Market Auction,175,2020-03-20,2020-03-20 00:00:00,2020-03-20 11:01:30.769000,Auction 3. Period DE,T3PA,successful,DE,2363000.0,4469500.0,69.0,29.0,3.45,64775.0,223475.0,252623.0,168786.0,239682.0,1.89,20.0,14.0,True,,True,0.0,0.525,True,0.285714285710128,0.5357142857142857,True,50636.0,0.525,False,-0.0014515446466356607,0.005000611818016265,True,-0.3623188405763358,0.5072463768115942,True,0.0,0.005,True,0.7,1.1304306969459672,1.4200348370125484,0.7563241644195818,0.8837819355247122,consistent-but-unverified:all N bidders,consistent-but-unverified:successful S bidders,unknown,unknown
emission-spot-primary-market-auction-report-2020-data.xlsx,Primary Market Auction,176,2020-03-19,2020-03-19 00:00:00,2020-03-19 11:01:24.809000,Auction 3. Period CAP2-EU,T3PA,successful,EU,3396500.0,5882500.0,54.0,46.0,3.0,108935.0,326806.0,669483.0,188694.0,258957.0,1.73,18.0,18.0,True,,True,0.4444444444379769,0.5277777777777778,True,-0.4444444444379769,0.5277777777777778,True,-0.4444444444379769,0.5277777777777778,True,-0.00192992786692181,0.0050004021684355695,True,-0.18518518518249039,0.5092592592592593,True,0.0,0.005,True,1.0,2.048563979853491,1.37236478107412,1.1146706534682818,0.8638872555991518,consistent-but-unverified:all N bidders,consistent-but-unverified:successful S bidders,unknown,unknown
emission-spot-primary-market-auction-report-2020-data.xlsx,Primary Market Auction,178,2020-03-16,2020-03-16 00:00:00,2020-03-16 11:00:27.651000,Auction 3. Period CAP2-EU,T3PA,successful,EU,2717500.0,6448000.0,56.0,11.0,3.11,115143.0,358222.0,429662.0,301944.0,178217.0,2.37,18.0,9.0,True,,True,-0.2222222222480923,0.5277777777777778,True,-0.4444444444379769,0.5555555555555556,True,150971.77777777778,0.5277777777777778,False,-0.0027690892364304887,0.0050006205647701585,True,0.142857142855064,0.5089285714285714,True,-0.0011111111111112848,0.005,True,0.5,1.1994294041125335,0.5902319635429086,0.7881979649571601,0.46387989461206913,consistent-but-unverified:all N bidders,consistent-but-unverified:successful S bidders,unknown,unknown
emission-spot-primary-market-auction-report-2020-data.xlsx,Primary Market Auction,179,2020-03-13,2020-03-13 00:00:00,2020-03-13 11:00:24.638000,Auction 3. Period DE,T3PA,successful,DE,2363000.0,5448500.0,69.0,20.0,3.83,78964.0,302694.0,328794.0,181769.0,186728.0,2.31,18.0,13.0,True,,True,-0.4444444444379769,0.5277777777777778,True,-0.23076923078042455,0.5384615384615384,True,50491.22222222222,0.5277777777777778,False,0.0042446043165469405,0.005000699482836135,True,0.23188405796827283,0.5072463768115942,True,-0.0033333333333334103,0.005,True,0.7222222222222222,1.0862256932743959,1.027281879748472,0.7353565450090291,0.7066959203316455,consistent-but-unverified:all N bidders,consistent-but-unverified:successful S bidders,unknown,unknown
emission-spot-primary-market-auction-report-2020-data.xlsx,Primary Market Auction,180,2020-03-12,2020-03-12 00:00:00,2020-03-12 11:00:32.486000,Auction 3. Period CAP2-EU,T3PA,successful,EU,2717500.0,8527000.0,101.0,25.0,3.74,84426.0,315815.0,457097.0,143026.0,182303.0,3.14,27.0,19.0,True,,True,0.18518518516793847,0.5185185185185185,True,-0.3157894736796152,0.5263157894736842,True,42377.851851851854,0.5185185185185185,False,0.00218951241950327,0.005000761326782874,True,0.2574257425731048,0.504950495049505,True,-0.0007407407407407085,0.005,True,0.7037037037037037,1.447356838655542,1.274614405772377,0.8950086008233122,0.8218105460693409,consistent-but-unverified:all N bidders,consistent-but-unverified:successful S bidders,unknown,unknown
emission-spot-primary-market-auction-report-2020-data.xlsx,Primary Market Auction,182,2020-03-11,2020-03-11 00:00:00,2020-03-11 11:00:31.896000,Auction 3. Period CAP2-PL,T3PA,successful,PL,5332000.0,10783000.0,92.0,41.0,3.54,117207.0,414731.0,589447.0,253905.0,329233.0,2.02,26.0,21.0,True,,True,0.23076923075132072,0.5192307692307693,True,0.23809523810632527,0.5238095238095238,True,48828.07692307694,0.5192307692307693,False,-0.0023180795198798343,0.005000283413191032,True,0.47826086956774816,0.5054347826086957,True,0.0015384615384617106,0.005,True,0.8076923076923077,1.4212754773576126,1.2966778913373112,0.8842944580823096,0.8314636837202507,consistent-but-unverified:all N bidders,consistent-but-unverified:successful S bidders,unknown,unknown
emission-spot-primary-market-auction-report-2020-data.xlsx,Primary Market Auction,183,2020-03-10,2020-03-10 00:00:00,2020-03-10 11:00:30.538000,Auction 3. Period CAP2-EU,T3PA,successful,EU,2717500.0,5917000.0,83.0,19.0,3.61,71289.0,257261.0,253471.0,169844.0,190713.0,2.18,23.0,16.0,True,,True,0.13043478262261488,0.5217391304347826,True,0.25,0.53125,True,51691.82608695653,0.5217391304347826,False,0.0026310947562100395,0.005000584612567777,True,-0.15662650602462236,0.5060240963855421,True,0.0013043478260867936,0.005,True,0.6956521739130435,0.985267879701937,1.122871576269989,0.6857538570248533,0.7527696892616522,consistent-but-unverified:all N bidders,consistent-but-unverified:successful S bidders,unknown,unknown
emission-spot-primary-market-auction-report-2020-data.xlsx,Primary Market Auction,184,2020-03-09,2020-03-09 00:00:00,2020-03-09 11:00:27.025000,Auction 3. Period CAP2-EU,T3PA,successful,EU,2717500.0,5610500.0,89.0,31.0,3.18,63039.0,200375.0,241224.0,143026.0,159667.0,2.06,28.0,19.0,True,,True,0.0,0.5178571428571429,True,-0.3157894736796152,0.5263157894736842,True,45972.428571428565,0.5178571428571429,False,-0.0045814167433300135,0.0050005638604961565,True,-0.3258426966276602,0.5056179775280899,True,0.0014285714285717788,0.005,True,0.6785714285714286,1.2038627573300063,1.1163494749206437,0.7902116195378509,0.7496926586390031,consistent-but-unverified:all N bidders,consistent-but-unverified:successful S bidders,unknown,unknown
emission-spot-primary-market-auction-report-2020-data.xlsx,Primary Market Auction,185,2020-03-06,2020-03-06 00:00:00,2020-03-06 11:00:38.664000,Auction 3. Period DE,T3PA,successful,DE,2363000.0,4918000.0,86.0,38.0,3.31,57186.0,189154.0,237162.0,118150.0,135674.0,2.08,26.0,20.0,True,,True,0.1538461538439151,0.5192307692307693,True,0.0,0.525,True,27265.38461538461,0.5192307692307693,False,-0.0012526449428693631,0.005000651979070107,True,-0.04651162790833041,0.5058139534883721,True,0.002307692307692566,0.005,True,0.7692307692307693,1.2538037789314527,1.1483199322894626,0.8126193572280476,0.7646861098243593,consistent-but-unverified:all N bidders,consistent-but-unverified:successful S bidders,unknown,unknown
emission-spot-primary-market-auction-report-2020-data.xlsx,Primary Market Auction,186,2020-03-05,2020-03-05 00:00:00,2020-03-05 11:01:03.825000,Auction 3. Period CAP2-EU,T3PA,successful,EU,2717500.0,5119000.0,81.0,36.0,3.38,63198.0,213292.0,229538.0,135875.0,150569.0,1.88,24.0,20.0,True,,True,0.3333333333430346,0.5208333333333334,True,0.0,0.525,True,22645.83333333333,0.5208333333333334,False,-0.00371665133394683,0.00500053058270431,True,0.46913580247201025,0.5061728395061729,True,0.004999999999999893,0.005,True,0.8333333333333334,1.0761678825272396,1.1081435142594296,0.7305238303033632,0.7458077091299559,consistent-but-unverified:all N bidders,consistent-but-unverified:successful S bidders,unknown,unknown
emission-spot-primary-market-auction-report-2020-data.xlsx,Primary Market Auction,187,2020-03-03,2020-03-03 00:00:00,2020-03-03 11:00:27.105000,Auction 3. Period CAP2-EU,T3PA,successful,EU,2717500.0,5510000.0,109.0,54.0,4.54,50550.0,229583.0,300350.0,135875.0,140958.0,2.03,24.0,20.0,True,,True,-0.3333333333430346,0.5208333333333334,True,0.0,0.525,True,22645.83333333333,0.5208333333333334,False,0.002401103955841588,0.005000557055983277,True,-0.458715596330876,0.5045871559633027,True,-0.0016666666666669272,0.005,True,0.8333333333333334,1.308241463871454,1.037409383624655,0.836485963568432,0.7116790908492221,consistent-but-unverified:all N bidders,consistent-but-unverified:successful S bidders,unknown,unknown
emission-spot-primary-market-auction-report-2020-data.xlsx,Primary Market Auction,188,2020-03-02,2020-03-02 00:00:00,2020-03-02 11:00:22.269000,Auction 3. Period CAP2-EU,T3PA,successful,EU,2717500.0,4905000.0,89.0,40.0,4.45,55112.0,245250.0,319197.0,159853.0,195761.0,1.8,20.0,17.0,True,,True,0.0,0.525,True,0.058823529398068786,0.5294117647058824,True,23978.0,0.525,False,-0.004967801287948381,0.005000516093492804,True,-0.35955056179955136,0.5056179775280899,True,0.0,0.005,True,0.85,1.3015168195718654,1.224631380080449,0.8335683923396414,0.7995912300191471,consistent-but-unverified:all N bidders,consistent-but-unverified:successful S bidders,unknown,unknown
emission-spot-primary-market-auction-report-2020-data.xlsx,Primary Market Auction,189,2020-02-28,2020-02-28 00:00:00,2020-02-28 11:00:44.272000,Auction 3. Period DE,T3PA,successful,DE,2363000.0,6251500.0,104.0,18.0,3.85,60111.0,231537.0,314736.0,262556.0,232821.0,2.65,27.0,9.0,True,,True,-0.03703703705104999,0.5185185185185185,True,0.4444444444379769,0.5555555555555556,True,175037.48148148146,0.5185185185185185,False,0.004422344477359008,0.005000771387688387,True,0.42307692307804246,0.5048076923076923,True,-0.0018518518518515492,0.005,True,0.3333333333333333,1.3593334974539706,0.8867479699568854,0.8583791628174527,0.6348546962352024,consistent-but-unverified:all N bidders,consistent-but-unverified:successful S bidders,unknown,unknown
emission-spot-primary-market-auction-report-2020-data.xlsx,Primary Market Auction,190,2020-02-27,2020-02-27 00:00:00,2020-02-27 11:00:32.500000,Auction 3. Period CAP2-EU,T3PA,successful,EU,2717500.0,6292500.0,115.0,34.0,4.26,54717.0,233056.0,299859.0,123523.0,139232.0,2.32,27.0,22.0,True,,True,0.4444444444379769,0.5185185185185185,True,0.2727272727206582,0.5227272727272727,True,22874.851851851854,0.5185185185185185,False,0.004452621895123965,0.005000610036394508,True,-0.3913043478241889,0.5043478260869565,True,0.0007407407407402644,0.005,True,0.8148148148148148,1.2866392626664835,1.1271746962104223,0.8270831687412326,0.7547946655254255,consistent-but-unverified:all N bidders,consistent-but-unverified:successful S bidders,unknown,unknown
emission-spot-primary-market-auction-report-2020-data.xlsx,Primary Market Auction,191,2020-02-26,2020-02-26 00:00:00,2020-02-26 11:00:25.055000,Auction 3. Period CAP2-PL,T3PA,successful,PL,5332000.0,11155000.0,108.0,25.0,4.0,103287.0,413148.0,670824.0,410154.0,505640.0,2.09,27.0,13.0,True,,True,-0.1481481481459923,0.5185185185185185,True,0.15384615387301892,0.5384615384615384,True,212672.5185185185,0.5185185185185185,False,-0.0020855213803452344,0.005000289955524903,True,-0.03703703703649808,0.5046296296296297,True,0.0,0.005,True,0.48148148148148145,1.6236893316680705,1.2328052390077873,0.9645814691290373,0.8032587496219357,consistent-but-unverified:all N bidders,consistent-but-unverified:successful S bidders,unknown,unknown
emission-spot-primary-market-auction-report-2020-data.xlsx,Primary Market Auction,192,2020-02-25,2020-02-25 00:00:00,2020-02-25 11:00:25.113000,Auction 3. Period CAP2-EU,T3PA,successful,EU,2717500.0,5823500.0,103.0,39.0,3.96,56539.0,223981.0,290654.0,143026.0,176451.0,2.14,26.0,19.0,True,,True,0.23076923078042455,0.5192307692307693,True,-0.3157894736796152,0.5263157894736842,True,38506.769230769234,0.5192307692307693,False,-0.0029622815087395615,0.005000578282001067,True,0.16504854369122768,0.5048543689320388,True,-0.0015384615384617106,0.005,True,0.7307692307692307,1.2976725704412428,1.2336987680561575,0.8318966846973193,0.8036588518311252,consistent-but-unverified:all N bidders,consistent-but-unverified:successful S bidders,unknown,unknown
emission-spot-primary-market-auction-report-2020-data.xlsx,Primary Market Auction,193,2020-02-24,2020-02-24 00:00:00,2020-02-24 11:00:44.244000,Auction 3. Period CAP2-EU,T3PA,successful,EU,2717500.0,5767000.0,99.0,47.0,4.3,58253.0,250739.0,393945.0,150972.0,198670.0,2.12,23.0,18.0,True,,True,-0.13043478262261488,0.5217391304347826,True,-0.22222222221898846,0.5277777777777778,True,32819.82608695653,0.5217391304347826,False,-0.0021711131554735807,0.005000574456578403,True,0.4747474747491651,0.5050505050505051,True,-0.004347826086956275,0.005,True,0.782608695652174,1.571135722803393,1.315939379487587,0.9443477167789385,0.8398153847082499,consistent-but-unverified:all N bidders,consistent-but-unverified:successful S bidders,unknown,unknown
emission-spot-primary-market-auction-report-2020-data.xlsx,Primary Market Auction,194,2020-02-21,2020-02-21 00:00:00,2020-02-21 11:00:21.131000,Auction 3. Period DE,T3PA,successful,DE,2363000.0,4871500.0,98.0,35.0,4.45,49709.0,221432.0,349114.0,147688.0,188658.0,2.06,22.0,16.0,True,,True,0.18181818182347342,0.5227272727272727,True,0.5,0.53125,True,40278.90909090909,0.5227272727272727,False,-0.0015742699957681516,0.005000647815215027,True,-0.18367346938612172,0.5051020408163265,True,-0.004545454545453964,0.005,True,0.7272727272727273,1.5766194587954767,1.2774091327663724,0.9464782524679674,0.8230384515586164,consistent-but-unverified:all N bidders,consistent-but-unverified:successful S bidders,unknown,unknown
emission-spot-primary-market-auction-report-2020-data.xlsx,Primary Market Auction,195,2020-02-20,2020-02-20 00:00:00,2020-02-20 11:00:23.089000,Auction 3. Period CAP2-EU,T3PA,successful,EU,2717500.0,5093000.0,108.0,37.0,4.5,47157.0,212208.0,283898.0,169844.0,210575.0,1.87,24.0,16.0,True,,True,-0.3333333333430346,0.5208333333333334,True,0.25,0.53125,True,56614.83333333333,0.5208333333333334,False,-0.004149034038638311,0.005000528822332819,True,-0.4074074074087548,0.5046296296296297,True,0.0,0.005,True,0.6666666666666666,1.3378289225665385,1.2398141824262263,0.8492226878176896,0.8063929081520463,consistent-but-unverified:all N bidders,consistent-but-unverified:successful S bidders,unknown,unknown
emission-spot-primary-market-auction-report-2020-data.xlsx,Primary Market Auction,196,2020-02-18,2020-02-18 00:00:00,2020-02-18 11:00:27.295000,Auction 3. Period CAP2-EU,T3PA,successful,EU,2717500.0,5079000.0,94.0,39.0,3.92,54032.0,211625.0,290816.0,159853.0,191020.0,1.87,24.0,17.0,True,,True,0.0,0.5208333333333334,True,0.058823529398068786,0.5294117647058824,True,46623.83333333333,0.5208333333333334,False,0.001002759889604521,0.005000527874440477,True,0.08510638297593687,0.5053191489361702,True,0.0033333333333334103,0.005,True,0.7083333333333334,1.3742043709391611,1.1949728813347262,0.8646623796511698,0.7861696917058147,consistent-but-unverified:all N bidders,consistent-but-unverified:successful S bidders,unknown,unknown
emission-spot-primary-market-auction-report-2020-data.xlsx,Primary Market Auction,197,2020-02-17,2020-02-17 00:00:00,2020-02-17 11:00:26.896000,Auction 3. Period CAP2-EU,T3PA,successful,EU,2717500.0,5271500.0,97.0,36.0,3.59,54345.0,195241.0,273204.0,143026.0,191374.0,1.94,27.0,19.0,True,,True,0.25925925927003846,0.5185185185185185,True,-0.3157894736796152,0.5263157894736842,True,42377.851851851854,0.5185185185185185,False,0.00016559337626498305,0.005000540907960173,True,-0.3608247422671411,0.5051546391752577,True,-0.002592592592592702,0.005,True,0.7037037037037037,1.399316741872865,1.3380364409268244,0.8751840059354503,0.8493114492957434,consistent-but-unverified:all N bidders,consistent-but-unverified:successful S bidders,unknown,unknown
emission-spot-primary-market-auction-report-2020-data.xlsx,Primary Market Auction,198,2020-02-14,2020-02-14 00:00:00,2020-02-14 11:00:25.475000,Auction 3. Period DE,T3PA,successful,DE,2363000.0,5701000.0,94.0,24.0,4.27,60649.0,259136.0,302079.0,181769.0,222650.0,2.41,22.0,13.0,True,,True,-0.36363636364694685,0.5227272727272727,True,-0.23076923078042455,0.5384615384615384,True,74359.90909090909,0.5227272727272727,False,-0.0026110876005076555,0.005000722093016949,True,0.06382978723559063,0.5053191489361702,True,-0.0027272727272729114,0.005,True,0.5909090909090909,1.1657160718695974,1.2249063371642028,0.7727510559004708,0.7997148190756185,consistent-but-unverified:all N bidders,consistent-but-unverified:successful S bidders,unknown,unknown
emission-spot-primary-market-auction-report-2020-data.xlsx,Primary Market Auction,199,2020-02-13,2020-02-13 00:00:00,2020-02-13 11:00:36.414000,Auction 3. Period CAP2-EU,T3PA,successful,EU,2717500.0,6832000.0,101.0,44.0,4.04,67644.0,273280.0,428169.0,135875.0,243644.0,2.51,25.0,20.0,True,,True,0.0,0.52,True,0.0,0.525,True,27175.0,0.52,False,-0.004075436982521108,0.005000646564102954,True,0.4356435643567238,0.504950495049505,True,0.0,0.005,True,0.8,1.5667776639344262,1.793148114075437,0.9426512849451981,1.0271693160172097,consistent-but-unverified:all N bidders,consistent-but-unverified:successful S bidders,unknown,unknown
emission-spot-primary-market-auction-report-2020-data.xlsx,Primary Market Auction,200,2020-02-12,2020-02-12 00:00:00,2020-02-12 11:00:23.697000,Auction 3. Period CAP2-PL,T3PA,successful,PL,5332000.0,12899500.0,110.0,33.0,5.5,117268.0,644975.0,853888.0,592444.0,486895.0,2.42,20.0,9.0,True,,True,0.0,0.525,True,-0.4444444444961846,0.5555555555555556,True,325844.0,0.525,False,0.0007389347336834717,0.005000320635905114,True,-0.18181818182347342,0.5045454545454545,True,0.0,0.005,True,0.45,1.3239086786309546,0.821841389228349,0.8432505433083719,0.5998477419355533,consistent-but-unverified:all N bidders,consistent-but-unverified:successful S bidders,unknown,unknown
emission-spot-primary-market-auction-report-2020-data.xlsx,Primary Market Auction,201,2020-02-11,2020-02-11 00:00:00,2020-02-11 11:00:27.542000,Auction 3. Period CAP2-EU,T3PA,successful,EU,2717500.0,6105000.0,89.0,41.0,3.71,68596.0,254375.0,378390.0,123523.0,129794.0,2.25,24.0,22.0,True,,True,0.0,0.5208333333333334,True,0.2727272727206582,0.5227272727272727,True,10293.833333333328,0.5208333333333334,False,0.003449862005519666,0.005000597341407791,True,0.49438202247256413,0.5056179775280899,True,0.0016666666666664831,0.005,True,0.9166666666666666,1.4875282555282556,1.0507678731896084,0.9112895489924316,0.7182142953032444,consistent-but-unverified:all N bidders,consistent-but-unverified:successful S bidders,unknown,unknown
emission-spot-primary-market-auction-report-2020-data.xlsx,Primary Market Auction,202,2020-02-10,2020-02-10 00:00:00,2020-02-10 11:00:41.232000,Auction 3. Period CAP2-EU,T3PA,successful,EU,2717500.0,7666000.0,97.0,42.0,3.59,79031.0,283926.0,402158.0,129405.0,155647.0,2.82,27.0,21.0,True,,True,0.07407407410209998,0.5185185185185185,True,0.23809523809177335,0.5238095238095238,True,28756.851851851854,0.5185185185185185,False,-0.000975160993560209,0.00500070303140387,True,0.07216494844760746,0.5051546391752577,True,-0.002592592592592702,0.005,True,0.7777777777777778,1.416418362531082,1.2027896912793168,0.8822864283808239,0.7897245985692524,consistent-but-unverified:all N bidders,consistent-but-unverified:successful S bidders,unknown,unknown
emission-spot-primary-market-auction-report-2020-data.xlsx,Primary Market Auction,203,2020-02-07,2020-02-07 00:00:00,2020-02-07 11:00:31.295000,Auction 3. Period DE,T3PA,successful,DE,2363000.0,5347500.0,109.0,45.0,3.89,49060.0,190982.0,238079.0,102739.0,111994.0,2.26,28.0,23.0,True,,True,-0.14285714286961593,0.5178571428571429,True,-0.13043478260806296,0.5217391304347826,True,18346.142857142855,0.5178571428571429,False,-0.0030131189166318073,0.0050006904387638095,True,0.366972477066156,0.5045871559633027,True,-0.0028571428571426694,0.005,True,0.8214285714285714,1.2466043920369458,1.090082636583965,0.8094199171940191,0.7372036042304626,consistent-but-unverified:all N bidders,consistent-but-unverified:successful S bidders,unknown,unknown
emission-spot-primary-market-auction-report-2020-data.xlsx,Primary Market Auction,204,2020-02-06,2020-02-06 00:00:00,2020-02-06 11:00:26.027000,Auction 3. Period CAP2-EU,T3PA,successful,EU,2717500.0,5482000.0,114.0,46.0,3.68,48088.0,176839.0,243136.0,108700.0,120048.0,2.02,31.0,25.0,True,,True,0.2903225806367118,0.5161290322580645,True,0.0,0.52,True,21038.70967741935,0.5161290322580645,False,0.0027046918123274644,0.005000555160198593,True,0.2807017543891561,0.5043859649122807,True,0.00258064516129064,0.005,True,0.8064516129032258,1.3749003330713248,1.1043974241030359,0.8649554715834482,0.7440291668208463,consistent-but-unverified:all N bidders,consistent-but-unverified:successful S bidders,unknown,unknown
emission-spot-primary-market-auction-report-2020-data.xlsx,Primary Market Auction,205,2020-02-04,2020-02-04 00:00:00,2020-02-04 11:00:21.533000,Auction 3. Period CAP2-EU,T3PA,successful,EU,2717500.0,6468500.0,114.0,26.0,4.07,56741.0,231018.0,315692.0,150972.0,146387.0,2.38,28.0,18.0,True,,True,0.14285714286961593,0.5178571428571429,True,-0.22222222221898846,0.5277777777777778,True,53918.428571428565,0.5178571428571429,False,-0.0003127874885007209,0.005000621952755372,True,-0.22807017543527763,0.5043859649122807,True,-0.0014285714285708906,0.005,True,0.6428571428571429,1.3665255521214796,0.9696301300903479,0.861422867737304,0.6778457738992563,consistent-but-unverified:all N bidders,consistent-but-unverified:successful S bidders,unknown,unknown
emission-spot-primary-market-auction-report-2020-data.xlsx,Primary Market Auction,206,2020-02-03,2020-02-03 00:00:00,2020-02-03 11:00:36.082000,Auction 3. Period CAP2-EU,T3PA,successful,EU,2717500.0,5513500.0,105.0,44.0,3.89,52510.0,204204.0,239034.0,113229.0,124443.0,2.03,27.0,24.0,True,,True,0.2962962962919846,0.5185185185185185,True,-0.1666666666715173,0.5208333333333334,True,12580.851851851854,0.5185185185185185,False,0.0011131554737806582,0.005000557292956362,True,0.47619047619082266,0.5047619047619047,True,0.0011111111111112848,0.005,True,0.8888888888888888,1.1705647293882588,1.0990382322549876,0.7749873776525064,0.7414792551818981,consistent-but-unverified:all N bidders,consistent-but-unverified:successful S bidders,unknown,unknown
emission-spot-primary-market-auction-report-2020-data.xlsx,Primary Market Auction,207,2020-01-31,2020-01-31 00:00:00,2020-01-31 11:00:35.799000,Auction 3. Period DE,T3PA,successful,DE,2363000.0,4686500.0,89.0,47.0,3.3,52657.0,173574.0,278369.0,102739.0,133315.0,1.98,27.0,23.0,True,,True,-0.07407407407299615,0.5185185185185185,True,-0.13043478260806296,0.5217391304347826,True,15220.481481481474,0.5185185185185185,False,-0.0032839610664410213,0.005000631249339975,True,-0.3033707865179167,0.5056179775280899,True,0.0037037037037035425,0.005,True,0.8518518518518519,1.6037482572274648,1.2976085031000886,0.9569520442610742,0.8318688007267272,consistent-but-unverified:all N bidders,consistent-but-unverified:successful S bidders,unknown,unknown
emission-spot-primary-market-auction-report-2020-data.xlsx,Primary Market Auction,208,2020-01-30,2020-01-30 00:00:00,2020-01-30 11:00:48.366000,Auction 3. Period CAP2-EU,T3PA,successful,EU,2717500.0,5634000.0,85.0,29.0,3.04,66282.0,201214.0,254742.0,123523.0,147902.0,2.07,28.0,22.0,True,,True,-0.285714285710128,0.5178571428571429,True,0.2727272727206582,0.5227272727272727,True,26469.428571428565,0.5178571428571429,False,-0.0032290708371665033,0.005000565451601159,True,-0.3529411764757242,0.5058823529411764,True,0.004285714285714448,0.005,True,0.7857142857142857,1.2660252268728815,1.1973640536580232,0.8180272953209338,0.7872584845716211,consistent-but-unverified:all N bidders,consistent-but-unverified:successful S bidders,unknown,unknown
emission-spot-primary-market-auction-report-2020-data.xlsx,Primary Market Auction,209,2020-01-29,2020-01-29 00:00:00,2020-01-29 11:01:36.858000,Auction 3. Period CAP2-PL,T3PA,successful,PL,5332000.0,6415000.0,81.0,70.0,3.24,79198.0,256600.0,375143.0,222167.0,291506.0,1.2,25.0,24.0,True,,True,0.0,0.52,True,0.3333333333430346,0.5208333333333334,True,8887.0,0.52,False,-0.0031132783195799707,0.005000206593528802,True,0.46913580247201025,0.5061728395061729,True,0.0,0.005,True,0.96,1.4619758378799688,1.312103057609816,0.9009642136929702,0.8381575249074421,consistent-but-unverified:all N bidders,consistent-but-unverified:successful S bidders,unknown,unknown
emission-spot-primary-market-auction-report-2020-data.xlsx,Primary Market Auction,210,2020-01-28,2020-01-28 00:00:00,2020-01-28 11:00:21.839000,Auction 3. Period CAP2-EU,T3PA,successful,EU,2717500.0,5561000.0,88.0,23.0,3.26,63193.0,205963.0,282986.0,181167.0,234060.0,2.05,27.0,15.0,True,,True,0.03703703705104999,0.5185185185185185,True,0.3333333333430346,0.5333333333333333,True,80518.85185185185,0.5185185185185185,False,0.0036338546458138943,0.0050005605090196635,True,-0.18181818181619747,0.5056818181818182,True,0.0007407407407407085,0.005,True,0.5555555555555556,1.3739652267640303,1.2919571445130735,0.8645616485503056,0.8294061008212609,consistent-but-unverified:all N bidders,consistent-but-unverified:successful S bidders,unknown,unknown
emission-spot-primary-market-auction-report-2020-data.xlsx,Primary Market Auction,211,2020-01-27,2020-01-27 00:00:00,2020-01-27 11:00:22.600000,Auction 3. Period CAP2-EU,T3PA,successful,EU,2717500.0,5558000.0,99.0,29.0,3.41,56141.0,191655.0,204144.0,129405.0,121538.0,2.05,29.0,21.0,True,,True,-0.17241379310144112,0.5172413793103449,True,0.23809523809177335,0.5238095238095238,True,35698.103448275855,0.5172413793103449,False,0.004737810487580152,0.005000560305899876,True,-0.41414141414134065,0.5050505050505051,True,-0.0037931034482756587,0.005,True,0.7241379310344828,1.065163966502309,0.9392063676055794,0.7252096259253278,0.6622788005124566,consistent-but-unverified:all N bidders,consistent-but-unverified:successful S bidders,unknown,unknown
emission-spot-primary-market-auction-report-2020-data.xlsx,Primary Market Auction,212,2020-01-24,2020-01-24 00:00:00,2020-01-24 11:00:39.135000,Auction 3. Period DE,T3PA,successful,DE,2363000.0,4684500.0,83.0,40.0,3.95,56440.0,223071.0,286097.0,118150.0,115687.0,1.98,21.0,20.0,True,,True,-0.42857142857974395,0.5238095238095238,True,0.0,0.525,True,5626.190476190473,0.5238095238095238,False,-0.002437579348286034,0.005000631070249434,True,0.24096385542361531,0.5060240963855421,True,-0.0023809523809523725,0.005,True,0.9523809523809523,1.28253784669455,0.9791536182818451,0.8252879145957623,0.6826692878027966,consistent-but-unverified:all N bidders,consistent-but-unverified:successful S bidders,unknown,unknown
emission-spot-primary-market-auction-report-2020-data.xlsx,Primary Market Auction,213,2020-01-23,2020-01-23 00:00:00,2020-01-23 11:00:41.370000,Auction 3. Period CAP2-EU,T3PA,successful,EU,2717500.0,5051000.0,109.0,41.0,3.76,46339.0,174172.0,206882.0,118152.0,101121.0,1.86,29.0,23.0,True,,True,-0.41379310344927944,0.5172413793103449,True,-0.17391304347256664,0.5217391304347826,True,24445.103448275855,0.5172413793103449,False,0.0013063477460901751,0.005000525978655794,True,-0.449541284404404,0.5045871559633027,True,0.0013793103448271893,0.005,True,0.7931034482758621,1.1878028615391683,0.8558551696120252,0.7828977806555129,0.6183455977050174,consistent-but-unverified:all N bidders,consistent-but-unverified:successful S bidders,unknown,unknown
emission-spot-primary-market-auction-report-2020-data.xlsx,Primary Market Auction,214,2020-01-21,2020-01-21 00:00:00,2020-01-21 11:00:28.920000,Auction 3. Period CAP2-EU,T3PA,successful,EU,2717500.0,4855500.0,103.0,49.0,4.12,47141.0,194220.0,229571.0,113229.0,113469.0,1.79,25.0,24.0,True,,True,0.0,0.52,True,-0.1666666666715173,0.5208333333333334,True,4529.0,0.52,False,0.0032474701011959706,0.005000512742016311,True,0.22330097087251488,0.5048543689320388,True,0.0,0.005,True,0.96,1.1820152404489754,1.0021195983361153,0.7802488720102152,0.6942064185373292,consistent-but-unverified:all N bidders,consistent-but-unverified:successful S bidders,unknown,unknown
emission-spot-primary-market-auction-report-2020-data.xlsx,Primary Market Auction,215,2020-01-20,2020-01-20 00:00:00,2020-01-20 11:00:22.645000,Auction 3. Period CAP2-EU,T3PA,successful,EU,2717500.0,4293000.0,95.0,67.0,3.96,45189.0,178875.0,236463.0,123523.0,117292.0,1.58,24.0,22.0,True,,True,0.0,0.5208333333333334,True,0.2727272727206582,0.5227272727272727,True,10293.833333333328,0.5208333333333334,False,0.00023919043238285198,0.005000474657056161,True,-0.47368421052669873,0.5052631578947369,True,0.0016666666666664831,0.005,True,0.9166666666666666,1.3219454926624739,0.9495559531423298,0.8424054086946071,0.6676016303070869,consistent-but-unverified:all N bidders,consistent-but-unverified:successful S bidders,unknown,unknown
emission-spot-primary-market-auction-report-2020-data.xlsx,Primary Market Auction,216,2020-01-17,2020-01-17 00:00:00,2020-01-17 11:00:30.241000,Auction 3. Period DE,T3PA,successful,DE,2363000.0,5888000.0,93.0,18.0,4.04,63312.0,256000.0,297729.0,196917.0,214087.0,2.49,23.0,12.0,True,,True,0.0,0.5217391304347826,True,0.3333333333430346,0.5416666666666666,True,94177.86956521739,0.5217391304347826,False,-0.001747778247989551,0.005000738837982542,True,0.1720430107525317,0.5053763440860215,True,-0.003478260869565375,0.005,True,0.5217391304347826,1.16300390625,1.0871940970053373,0.7714979529101139,0.7358206266480617,consistent-but-unverified:all N bidders,consistent-but-unverified:successful S bidders,unknown,unknown
emission-spot-primary-market-auction-report-2020-data.xlsx,Primary Market Auction,217,2020-01-16,2020-01-16 00:00:00,2020-01-16 11:00:25.227000,Auction 3. Period CAP2-EU,T3PA,successful,EU,2717500.0,5649500.0,111.0,39.0,3.83,50896.0,194810.0,236923.0,150972.0,143064.0,2.08,29.0,18.0,True,,True,-0.34482758620288223,0.5172413793103449,True,-0.22222222221898846,0.5277777777777778,True,57265.103448275855,0.5172413793103449,False,0.0010671573137073231,0.005000566501053394,True,-0.396396396397904,0.5045045045045045,True,0.0024137931034484694,0.005,True,0.6206896551724138,1.2161747343565525,0.9476194261187505,0.7957826170203731,0.6666078196650149,consistent-but-unverified:all N bidders,consistent-but-unverified:successful S bidders,unknown,unknown
emission-spot-primary-market-auction-report-2020-data.xlsx,Primary Market Auction,219,2020-01-15,2020-01-15 00:00:00,2020-01-15 11:00:23.220000,Auction 3. Period CAP2-PL,T3PA,successful,PL,5332000.0,9376500.0,107.0,30.0,4.12,87631.0,360635.0,548981.0,380857.0,418404.0,1.76,26.0,14.0,True,,True,0.38461538462433964,0.5192307692307693,True,-0.1428571428405121,0.5357142857142857,True,175780.07692307694,0.5192307692307693,False,0.0014666166541634773,0.0050002586771894465,True,0.15887850467697717,0.5046728971962616,True,0.004615384615385132,0.005,True,0.5384615384615384,1.5222621209810474,1.0985855583591742,0.9251561659171844,0.7412635741584673,consistent-but-unverified:all N bidders,consistent-but-unverified:successful S bidders,unknown,unknown
emission-spot-primary-market-auction-report-2020-data.xlsx,Primary Market Auction,220,2020-01-14,2020-01-14 00:00:00,2020-01-14 11:00:19.496000,Auction 3. Period CAP2-EU,T3PA,successful,EU,2717500.0,5334500.0,106.0,32.0,4.08,50325.0,205173.0,257703.0,143026.0,202274.0,1.96,26.0,19.0,True,,True,-0.07692307693650946,0.5192307692307693,True,-0.3157894736796152,0.5263157894736842,True,38506.769230769234,0.5192307692307693,False,-0.0030174793008279632,0.00500054517347571,True,-0.47169811320782173,0.5047169811320755,True,0.0030769230769234213,0.005,True,0.7307692307692307,1.2560278399204574,1.4142463608015325,0.8136056739499442,0.8813871724811435,consistent-but-unverified:all N bidders,consistent-but-unverified:successful S bidders,unknown,unknown
emission-spot-primary-market-auction-report-2020-data.xlsx,Primary Market Auction,221,2020-01-13,2020-01-13 00:00:00,2020-01-13 11:00:31.987000,Auction 3. Period CAP2-EU,T3PA,successful,EU,2717500.0,6021000.0,108.0,23.0,4.0,55750.0,223000.0,257222.0,150972.0,178545.0,2.22,27.0,18.0,True,,True,0.0,0.5185185185185185,True,-0.22222222221898846,0.5277777777777778,True,50323.851851851854,0.5185185185185185,False,0.004360625574977295,0.005000591654053742,True,0.0,0.5046296296296297,True,0.0,0.005,True,0.6666666666666666,1.1534618834080717,1.1826365153803353,0.7670767255216586,0.7805335567778949,consistent-but-unverified:all N bidders,consistent-but-unverified:successful S bidders,unknown,unknown
emission-spot-primary-market-auction-report-2020-data.xlsx,Primary Market Auction,222,2020-01-10,2020-01-10 00:00:00,2020-01-10 11:00:24.986000,Auction 3. Period DE,T3PA,successful,DE,2363000.0,4342500.0,87.0,38.0,3.22,49914.0,160833.0,202111.0,112524.0,129291.0,1.84,27.0,21.0,True,,True,-0.3333333333430346,0.5185185185185185,True,0.19047619047341868,0.5238095238095238,True,25005.481481481474,0.5185185185185185,False,0.0022936944561997574,0.005000600445766905,True,0.20689655172463972,0.5057471264367817,True,-0.0022222222222221255,0.005,True,0.7777777777777778,1.2566513091218843,1.1490082115815292,0.8138819928216398,0.765006438770583,consistent-but-unverified:all N bidders,consistent-but-unverified:successful S bidders,unknown,unknown
emission-spot-primary-market-auction-report-2020-data.xlsx,Primary Market Auction,223,2020-01-09,2020-01-09 00:00:00,2020-01-09 11:00:26.626000,Auction 3. Period CAP2-EU,T3PA,successful,EU,2717500.0,5076000.0,102.0,50.0,3.64,49765.0,181286.0,244702.0,113229.0,107022.0,1.87,28.0,24.0,True,,True,0.285714285710128,0.5178571428571429,True,-0.1666666666715173,0.5208333333333334,True,16175.428571428565,0.5178571428571429,False,0.0021067157313707785,0.005000527671320689,True,0.29411764705582755,0.5049019607843137,True,-0.0028571428571426694,0.005,True,0.8571428571428571,1.3498118994296304,0.9451818880322179,0.8543352821565702,0.6653554883958878,consistent-but-unverified:all N bidders,consistent-but-unverified:successful S bidders,unknown,unknown
emission-spot-primary-market-auction-report-2020-data.xlsx,Primary Market Auction,224,2020-01-07,2020-01-07 00:00:00,2020-01-07 11:00:34.934000,Auction 3. Period CAP2-EU,T3PA,successful,EU,2717500.0,4118000.0,72.0,54.0,3.0,57194.0,171583.0,230941.0,118152.0,117554.0,1.52,24.0,23.0,True,,True,-0.3333333333430346,0.5208333333333334,True,-0.17391304347256664,0.5217391304347826,True,4922.8333333333285,0.5208333333333334,False,0.004636614535418637,0.005000462808401892,True,-0.4444444444452529,0.5069444444444444,True,0.0,0.005,True,0.9583333333333334,1.3459433626874457,0.9949387230008803,0.8526876078628965,0.6906133345823233,consistent-but-unverified:all N bidders,consistent-but-unverified:successful S bidders,unknown,unknown
emission-spot-primary-market-auction-report-2021-data.xlsx,Primary Market Auction,7,2021-12-20,2021-12-20 00:00:00,2021-12-20 11:00:52.089000,Auction 4. Period CAP3 EU,T3PA,successful,EU,2542500.0,3082000.0,66.0,47.0,3.67,46697.0,171222.0,222297.0,158906.0,233644.0,1.21,18.0,16.0,True,,True,-0.22222222221898846,0.5277777777777778,True,-0.25,0.53125,True,17656.0,0.5277777777777778,False,-0.002192723697148402,0.0050004350428637335,True,0.030303030303912237,0.5075757575757576,True,0.0033333333333334103,0.005,True,0.8888888888888888,1.2982969478221256,1.4703283702314576,0.832168391192431,0.904351085217239,consistent-but-unverified:all N bidders,consistent-but-unverified:successful S bidders,unknown,unknown
emission-spot-primary-market-auction-report-2021-data.xlsx,Primary Market Auction,8,2021-12-17,2021-12-17 00:00:00,2021-12-17 11:00:31.097000,Auction 4. Period DE,T3PA,successful,DE,1807500.0,2606000.0,69.0,41.0,3.83,37768.0,144778.0,212275.0,106324.0,191297.0,1.44,18.0,17.0,True,,True,0.22222222221898846,0.5277777777777778,True,0.4705882353009656,0.5294117647058824,True,5907.3333333333285,0.5277777777777778,False,-0.0017704011065007297,0.005000675455269692,True,-0.11594202898413641,0.5072463768115942,True,-0.0033333333333334103,0.005,True,0.9444444444444444,1.4662103358245038,1.7991892705315826,0.9026826954375244,1.0293298290158321,consistent-but-unverified:all N bidders,consistent-but-unverified:successful S bidders,unknown,unknown
emission-spot-primary-market-auction-report-2021-data.xlsx,Primary Market Auction,9,2021-12-16,2021-12-16 00:00:00,2021-12-16 11:00:55.477000,Auction 4. Period CAP3 EU,T3PA,successful,EU,2515500.0,3296500.0,71.0,34.0,4.44,46430.0,206031.0,272285.0,179679.0,271782.0,1.31,16.0,14.0,True,,True,-0.25,0.53125,True,0.42857142857974395,0.5357142857142857,True,22460.25,0.53125,False,-0.0004750546611012041,0.00500045924772712,True,0.42253521126986016,0.5070422535211268,True,0.002500000000000391,0.005,True,0.875,1.3215729671748426,1.5125974654801062,0.8422449590305636,0.921317064863683,consistent-but-unverified:all N bidders,consistent-but-unverified:successful S bidders,unknown,unknown
emission-spot-primary-market-auction-report-2021-data.xlsx,Primary Market Auction,10,2021-12-15,2021-12-15 00:00:00,2021-12-15 11:00:46.798000,Auction 4. Period CAP3 PL,T3PA,successful,PL,2074000.0,2346000.0,68.0,57.0,3.78,34500.0,130333.0,183943.0,115222.0,181316.0,1.13,18.0,18.0,True,,True,-0.3333333333284827,0.5277777777777778,True,-0.22222222221898846,0.5277777777777778,True,-0.22222222221898846,0.5277777777777778,True,-0.0011475409836065875,0.005000513777197127,True,0.0,0.5073529411764706,True,0.0022222222222221255,0.005,True,1.0,1.4113309752710366,1.5736230928121366,0.8801788669532605,0.9453146698633089,consistent-but-unverified:all N bidders,consistent-but-unverified:successful S bidders,unknown,unknown
emission-spot-primary-market-auction-report-2021-data.xlsx,Primary Market Auction,11,2021-12-14,2021-12-14 00:00:00,2021-12-14 11:00:31.153000,Auction 4. Period CAP3 EU,T3PA,successful,EU,2515500.0,3014500.0,73.0,59.0,4.29,41295.0,177324.0,248473.0,147971.0,233627.0,1.2,17.0,17.0,True,,True,0.4705882353009656,0.5294117647058824,True,0.411764705873793,0.5294117647058824,True,0.411764705873793,0.5294117647058824,True,0.0016298946531503322,0.005000436964886413,True,0.47945205479481956,0.5068493150684932,True,-0.004117647058823337,0.005,True,1.0,1.4012372831652793,1.578870184022545,0.8759841391637654,0.9473513898519961,consistent-but-unverified:all N bidders,consistent-but-unverified:successful S bidders,unknown,unknown
emission-spot-primary-market-auction-report-2021-data.xlsx,Primary Market Auction,12,2021-12-13,2021-12-13 00:00:00,2021-12-13 11:00:38.049000,Auction 4. Period CAP3 EU,T3PA,successful,EU,2515500.0,3697000.0,79.0,27.0,3.95,46797.0,184850.0,202993.0,157219.0,184563.0,1.47,20.0,16.0,True,,True,0.0,0.525,True,0.25,0.53125,True,31444.0,0.525,False,0.00031206519578619307,0.005000490894101954,True,-0.4683544303770759,0.5063291139240507,True,0.0,0.005,True,0.8,1.0981498512307277,1.173922999128604,0.7410559331768528,0.7765333690876679,consistent-but-unverified:all N bidders,consistent-but-unverified:successful S bidders,unknown,unknown
emission-spot-primary-market-auction-report-2021-data.xlsx,Primary Market Auction,13,2021-12-10,2021-12-10 00:00:00,2021-12-10 11:00:40.335000,Auction 4. Period DE,T3PA,successful,DE,1805000.0,2306000.0,70.0,37.0,3.33,32943.0,109810.0,125111.0,112813.0,124030.0,1.28,21.0,16.0,True,,True,0.4761904761835467,0.5238095238095238,True,0.5,0.53125,True,26860.619047619053,0.5238095238095238,False,0.0024376731301938293,0.005000630903789685,True,0.142857142855064,0.5071428571428571,True,-0.0033333333333334103,0.005,True,0.7619047619047619,1.13934067935525,1.0994300302270128,0.7604976878038984,0.7416658937122704,consistent-but-unverified:all N bidders,consistent-but-unverified:successful S bidders,unknown,unknown
emission-spot-primary-market-auction-report-2021-data.xlsx,Primary Market Auction,14,2021-12-09,2021-12-09 00:00:00,2021-12-09 11:00:54.920000,Auction 4. Period CAP3 EU,T3PA,successful,EU,2515500.0,3489000.0,81.0,48.0,3.86,43074.0,166143.0,195315.0,125775.0,179266.0,1.39,21.0,20.0,True,,True,0.14285714286961593,0.5238095238095238,True,0.0,0.525,True,5989.28571428571,0.5238095238095238,False,0.0029994036970779625,0.005000474458531503,True,-0.07407407407299615,0.5061728395061729,True,0.0028571428571426694,0.005,True,0.9523809523809523,1.1755836839349236,1.4252911945935203,0.7772969889682781,0.8859515974251416,consistent-but-unverified:all N bidders,consistent-but-unverified:successful S bidders,unknown,unknown
emission-spot-primary-market-auction-report-2021-data.xlsx,Primary Market Auction,15,2021-12-08,2021-12-08 00:00:00,2021-12-08 11:00:40.665000,Auction 4. Period CAP3 PL,T3PA,successful,PL,2066500.0,2853000.0,67.0,36.0,3.35,42582.0,142650.0,205539.0,114806.0,206538.0,1.38,20.0,18.0,True,,True,0.0,0.525,True,0.4444444444379769,0.5277777777777778,True,11481.0,0.525,False,-0.0005952092910719298,0.005000575996986048,True,-0.08955223880911944,0.5074626865671642,True,0.0,0.005,True,0.9,1.4408622502628812,1.7990174729543753,0.8923513581359399,1.0292684530841694,consistent-but-unverified:all N bidders,consistent-but-unverified:successful S bidders,unknown,unknown
emission-spot-primary-market-auction-report-2021-data.xlsx,Primary Market Auction,16,2021-12-07,2021-12-07 00:00:00,2021-12-07 11:00:33.997000,Auction 4. Period CAP3 EU,T3PA,successful,EU,2515500.0,4083000.0,75.0,29.0,3.26,54440.0,177522.0,251927.0,139750.0,227309.0,1.62,23.0,18.0,True,,True,0.2608695652161259,0.5217391304347826,True,0.0,0.5277777777777778,True,30380.43478260869,0.5217391304347826,False,-0.00313655336911145,0.005000521394727887,True,0.0,0.5066666666666667,True,-0.0008695652173913437,0.005,True,0.782608695652174,1.419131149941979,1.6265402504472273,0.8834084467526756,0.9656674860411639,consistent-but-unverified:all N bidders,consistent-but-unverified:successful S bidders,unknown,unknown
emission-spot-primary-market-auction-report-2021-data.xlsx,Primary Market Auction,17,2021-12-06,2021-12-06 00:00:00,2021-12-06 11:00:31.296000,Auction 4. Period CAP3 EU,T3PA,successful,EU,2515500.0,4563000.0,88.0,22.0,4.19,51852.0,217286.0,282116.0,179679.0,278207.0,1.81,21.0,14.0,True,,True,0.285714285710128,0.5238095238095238,True,0.42857142857974395,0.5357142857142857,True,59893.28571428571,0.5238095238095238,False,-0.0039534883720928615,0.005000559322967388,True,-0.2727272727279342,0.5056818181818182,True,-0.00047619047619029686,0.005,True,0.6666666666666666,1.2983625268079857,1.5483556787381942,0.8321969245159136,0.9354483193094727,consistent-but-unverified:all N bidders,consistent-but-unverified:successful S bidders,unknown,unknown
emission-spot-primary-market-auction-report-2021-data.xlsx,Primary Market Auction,18,2021-12-03,2021-12-03 00:00:00,2021-12-03 11:00:34.239000,Auction 4. Period DE,T3PA,successful,DE,1805000.0,3398000.0,71.0,17.0,2.73,47859.0,130692.0,205470.0,128929.0,182340.0,1.88,26.0,14.0,True,,True,-0.3076923076878302,0.5192307692307693,True,0.42857142856519204,0.5357142857142857,True,59505.92307692308,0.5192307692307693,False,-0.002548476454293791,0.005000798490027129,True,-0.15492957746755565,0.5070422535211268,True,-0.0007692307692308553,0.005,True,0.5384615384615384,1.5721696813883024,1.414266766980276,0.9447497767452765,0.8813956248465834,consistent-but-unverified:all N bidders,consistent-but-unverified:successful S bidders,unknown,unknown
emission-spot-primary-market-auction-report-2021-data.xlsx,Primary Market Auction,19,2021-12-02,2021-12-02 00:00:00,2021-12-02 11:00:28.366000,Auction 4. Period CAP3 EU,T3PA,successful,EU,2515500.0,3755000.0,75.0,31.0,3.75,50067.0,187750.0,236683.0,147971.0,218926.0,1.49,20.0,17.0,True,,True,0.0,0.525,True,0.411764705873793,0.5294117647058824,True,22196.0,0.525,False,-0.002744981117074108,0.00500049547709756,True,0.33333333333575865,0.5066666666666667,True,0.0,0.005,True,0.85,1.2606284953395472,1.479519635604274,0.8156428699058543,0.9080648460946722,consistent-but-unverified:all N bidders,consistent-but-unverified:successful S bidders,unknown,unknown
emission-spot-primary-market-auction-report-2021-data.xlsx,Primary Market Auction,20,2021-12-01,2021-12-01 00:00:00,2021-12-01 11:00:46.360000,Auction 4. Period CAP3 PL,T3PA,successful,PL,2066500.0,3410000.0,87.0,34.0,4.14,39195.0,162381.0,211384.0,121559.0,174036.0,1.65,21.0,17.0,True,,True,0.047619047632906586,0.5238095238095238,True,0.1764705882378621,0.5294117647058824,True,23154.23809523809,0.5238095238095238,False,-0.00013307524800398873,0.005000641213035206,True,-0.4022988505748799,0.5057471264367817,True,-0.0028571428571435575,0.005,True,0.8095238095238095,1.3017779173671797,1.431699833002904,0.8336818318695934,0.8885905325568336,consistent-but-unverified:all N bidders,consistent-but-unverified:successful S bidders,unknown,unknown
emission-spot-primary-market-auction-report-2021-data.xlsx,Primary Market Auction,21,2021-11-30,2021-11-30 00:00:00,2021-11-30 11:00:34.089000,Auction 4. Period CAP3 EU,T3PA,successful,EU,2515500.0,3600500.0,83.0,40.0,3.46,43380.0,150021.0,192443.0,119786.0,174281.0,1.43,24.0,21.0,True,,True,0.1666666666569654,0.5208333333333334,True,0.285714285710128,0.5238095238095238,True,14973.5,0.5208333333333334,False,-0.001325780162989565,0.005000483268945471,True,0.48192771083995467,0.5060240963855421,True,0.0016666666666664831,0.005,True,0.875,1.282773745009032,1.454936303073815,0.825391258391669,0.8981008151151059,consistent-but-unverified:all N bidders,consistent-but-unverified:successful S bidders,unknown,unknown
emission-spot-primary-market-auction-report-2021-data.xlsx,Primary Market Auction,22,2021-11-29,2021-11-29 00:00:00,2021-11-29 11:01:01.748000,Auction 4. Period CAP3 EU,T3PA,successful,EU,2515500.0,3329500.0,89.0,45.0,3.87,37410.0,144761.0,254943.0,125775.0,235159.0,1.32,23.0,20.0,True,,True,0.13043478262261488,0.5217391304347826,True,0.0,0.525,True,16405.43478260869,0.5217391304347826,False,-0.0035937189425561122,0.005000461855293585,True,-0.1123595505632693,0.5056179775280899,True,0.0004347826086958939,0.005,True,0.8695652173913043,1.7611304149598304,1.8696799840985887,1.0156401665155192,1.054200519756118,consistent-but-unverified:all N bidders,consistent-but-unverified:successful S bidders,unknown,unknown
emission-spot-primary-market-auction-report-2021-data.xlsx,Primary Market Auction,23,2021-11-26,2021-11-26 00:00:00,2021-11-26 11:00:32.876000,Auction 4. Period DE,T3PA,successful,DE,1805000.0,3104000.0,81.0,32.0,3.86,38321.0,147810.0,200579.0,106176.0,180801.0,1.72,21.0,17.0,True,,True,0.4761904761835467,0.5238095238095238,True,-0.4705882353009656,0.5294117647058824,True,20223.619047619053,0.5238095238095238,False,0.0003324099722992191,0.00500075337065551,True,0.012345679009740707,0.5061728395061729,True,0.0028571428571426694,0.005,True,0.8095238095238095,1.357005615316961,1.7028424502712478,0.8573920063512245,0.9943039786074884,consistent-but-unverified:all N bidders,consistent-but-unverified:successful S bidders,unknown,unknown
emission-spot-primary-market-auction-report-2021-data.xlsx,Primary Market Auction,24,2021-11-25,2021-11-25 00:00:00,2021-11-25 11:00:30.416000,Auction 4. Period CAP3 EU,T3PA,successful,EU,2515500.0,3083000.0,91.0,58.0,4.14,33879.0,140136.0,266157.0,114341.0,240250.0,1.23,22.0,22.0,True,,True,-0.36363636364694685,0.5227272727272727,True,0.09090909091173671,0.5227272727272727,True,0.09090909091173671,0.5227272727272727,True,0.004398727887100051,0.005000442377562258,True,-0.12087912087736186,0.5054945054945055,True,0.0036363636363629936,0.005,True,1.0,1.8992764171947252,2.1011710585004506,1.0644611945471385,1.131779800964048,consistent-but-unverified:all N bidders,consistent-but-unverified:successful S bidders,unknown,unknown
emission-spot-primary-market-auction-report-2021-data.xlsx,Primary Market Auction,25,2021-11-24,2021-11-24 00:00:00,2021-11-24 11:00:21.380000,Auction 4. Period CAP3 PL,T3PA,successful,PL,2066500.0,2399500.0,65.0,46.0,3.25,36915.0,119975.0,222404.0,108763.0,221413.0,1.16,20.0,19.0,True,,True,0.0,0.525,True,-0.1578947368398076,0.5263157894736842,True,5438.0,0.525,False,-0.0011420275828697424,0.005000522899179416,True,-0.3846153846170637,0.5076923076923077,True,0.0,0.005,True,0.95,1.853752865180246,2.0357382565762254,1.0486349228667067,1.11045464256787,consistent-but-unverified:all N bidders,consistent-but-unverified:successful S bidders,unknown,unknown
emission-spot-primary-market-auction-report-2021-data.xlsx,Primary Market Auction,26,2021-11-23,2021-11-23 00:00:00,2021-11-23 11:00:54.136000,Auction 4. Period CAP3 EU,T3PA,successful,EU,2515500.0,3664000.0,81.0,40.0,3.86,45235.0,174476.0,266459.0,132395.0,230226.0,1.46,21.0,19.0,True,,True,-0.19047619047341868,0.5238095238095238,True,0.26315789474756457,0.5263157894736842,True,12609.28571428571,0.5238095238095238,False,0.0034307294772411012,0.005000488286535488,True,0.4320987654355122,0.5061728395061729,True,0.0028571428571426694,0.005,True,0.9047619047619048,1.5271957174625737,1.7389327391517806,0.9271102759263403,1.00756833326229,consistent-but-unverified:all N bidders,consistent-but-unverified:successful S bidders,unknown,unknown
emission-spot-primary-market-auction-report-2021-data.xlsx,Primary Market Auction,27,2021-11-22,2021-11-22 00:00:00,2021-11-22 11:00:39.678000,Auction 4. Period CAP3 EU,T3PA,successful,EU,2515500.0,3937000.0,94.0,40.0,4.48,41883.0,187476.0,282306.0,147971.0,257386.0,1.57,21.0,17.0,True,,True,-0.19047619047341868,0.5238095238095238,True,0.411764705873793,0.5294117647058824,True,28185.28571428571,0.5238095238095238,False,0.004903597694295492,0.005000509858221705,True,0.021276595747622196,0.5053191489361702,True,0.0038095238095241513,0.005,True,0.8095238095238095,1.5058247455674327,1.7394354299153212,0.9186179200967941,1.0077518516931212,consistent-but-unverified:all N bidders,consistent-but-unverified:successful S bidders,unknown,unknown
emission-spot-primary-market-auction-report-2021-data.xlsx,Primary Market Auction,28,2021-11-19,2021-11-19 00:00:00,2021-11-19 11:00:39.150000,Auction 4. Period DE,T3PA,successful,DE,1805000.0,2883500.0,65.0,31.0,3.25,44362.0,144175.0,229394.0,120333.0,248459.0,1.6,20.0,15.0,True,,True,0.0,0.525,True,-0.3333333333284827,0.5333333333333333,True,30083.0,0.525,False,0.00249307479224381,0.005000719531126795,True,0.4615384615390212,0.5076923076923077,True,0.0,0.005,True,0.75,1.5910802843766256,2.0647619522491754,0.9520748869650794,1.1199698998953629,consistent-but-unverified:all N bidders,consistent-but-unverified:successful S bidders,unknown,unknown
emission-spot-primary-market-auction-report-2021-data.xlsx,Primary Market Auction,29,2021-11-18,2021-11-18 00:00:00,2021-11-18 11:00:41.284000,Auction 4. Period CAP3 EU,T3PA,successful,EU,2515500.0,3720500.0,75.0,29.0,3.41,49607.0,169114.0,261940.0,147971.0,234154.0,1.48,22.0,17.0,True,,True,0.36363636364694685,0.5227272727272727,True,0.411764705873793,0.5294117647058824,True,33630.09090909091,0.5227272727272727,False,0.0009699860862650844,0.005000492751005346,True,0.33333333333575865,0.5066666666666667,True,0.0009090909090909705,0.005,True,0.7727272727272727,1.5488960109748453,1.5824316926965418,0.9356603285534995,0.9487314715927445,consistent-but-unverified:all N bidders,consistent-but-unverified:successful S bidders,unknown,unknown
emission-spot-primary-market-auction-report-2021-data.xlsx,Primary Market Auction,30,2021-11-17,2021-11-17 00:00:00,2021-11-17 11:00:36.567000,Auction 4. Period CAP3 PL,T3PA,successful,PL,2066500.0,2879000.0,86.0,48.0,4.1,33477.0,137095.0,204490.0,108763.0,169245.0,1.39,21.0,19.0,True,,True,-0.23809523810632527,0.5238095238095238,True,-0.1578947368398076,0.5263157894736842,True,10358.238095238092,0.5238095238095238,False,-0.0031768691023470463,0.005000579041182238,True,0.2558139534885413,0.5058139534883721,True,0.004761904761904745,0.005,True,0.9047619047619048,1.4915934206207375,1.5560898467309654,0.9129224337701647,0.9384786872006904,consistent-but-unverified:all N bidders,consistent-but-unverified:successful S bidders,unknown,unknown
emission-spot-primary-market-auction-report-2021-data.xlsx,Primary Market Auction,31,2021-11-16,2021-11-16 00:00:00,2021-11-16 11:00:29.116000,Auction 4. Period CAP3 EU,T3PA,successful,EU,2515500.0,4188000.0,88.0,24.0,4.63,47591.0,220421.0,272428.0,209625.0,233664.0,1.66,19.0,12.0,True,,True,-0.052631578961154446,0.5263157894736842,True,0.0,0.5416666666666666,True,77230.26315789475,0.5263157894736842,False,-0.004877757901013746,0.005000529691530278,True,0.09090909091173671,0.5056818181818182,True,-0.0015789473684213462,0.005,True,0.631578947368421,1.2359439436351345,1.114676207513417,0.8046634850479771,0.7489017074039835,consistent-but-unverified:all N bidders,consistent-but-unverified:successful S bidders,unknown,unknown
emission-spot-primary-market-auction-report-2021-data.xlsx,Primary Market Auction,32,2021-11-15,2021-11-15 00:00:00,2021-11-15 11:00:37.816000,Auction 4. Period CAP3 EU,T3PA,successful,EU,2515500.0,4180000.0,77.0,21.0,3.67,54286.0,199048.0,301224.0,209625.0,288579.0,1.66,21.0,12.0,True,,True,0.38095238094683737,0.5238095238095238,True,0.0,0.5416666666666666,True,89839.28571428571,0.5238095238095238,False,-0.0016974756509640088,0.0050005290593929524,True,0.285714285717404,0.5064935064935064,True,0.0033333333333334103,0.005,True,0.5714285714285714,1.5133234194767091,1.376644007155635,0.9216059488386873,0.8656894115565302,consistent-but-unverified:all N bidders,consistent-but-unverified:successful S bidders,unknown,unknown
emission-spot-primary-market-auction-report-2021-data.xlsx,Primary Market Auction,33,2021-11-12,2021-11-12 00:00:00,2021-11-12 11:00:52.548000,Auction 4. Period DE,T3PA,successful,DE,1805000.0,3117000.0,62.0,26.0,3.26,50274.0,164053.0,259314.0,112813.0,213255.0,1.73,19.0,16.0,True,,True,0.36842105264076963,0.5263157894736842,True,0.5,0.53125,True,17813.0,0.5263157894736842,False,0.003130193905817258,0.005000755365729765,True,-0.19354838709841715,0.5080645161290323,True,-0.0031578947368422483,0.005,True,0.8421052631578947,1.580672099870164,1.8903406522297963,0.948049868833941,1.061374367921769,consistent-but-unverified:all N bidders,consistent-but-unverified:successful S bidders,unknown,unknown
emission-spot-primary-market-auction-report-2021-data.xlsx,Primary Market Auction,34,2021-11-11,2021-11-11 00:00:00,2021-11-11 11:00:30.185000,Auction 4. Period CAP3 EU,T3PA,successful,EU,2515500.0,4037000.0,68.0,25.0,3.78,59368.0,224278.0,349779.0,179679.0,283119.0,1.6,18.0,14.0,True,,True,0.22222222221898846,0.5277777777777778,True,0.42857142857974395,0.5357142857142857,True,39929.0,0.5277777777777778,False,-0.004849930431325644,0.005000517759938267,True,0.35294117646844825,0.5073529411764706,True,0.0022222222222221255,0.005,True,0.7777777777777778,1.5595778453526428,1.5756933197535605,0.9398423407341614,0.9461187482640507,consistent-but-unverified:all N bidders,consistent-but-unverified:successful S bidders,unknown,unknown
emission-spot-primary-market-auction-report-2021-data.xlsx,Primary Market Auction,36,2021-11-10,2021-11-10 00:00:00,2021-11-10 11:00:35.239000,Auction 4. Period CAP3 PL,T3PA,successful,PL,2066500.0,2858000.0,62.0,43.0,3.1,46097.0,142900.0,279528.0,114806.0,212472.0,1.38,20.0,18.0,True,,True,0.0,0.525,True,0.4444444444379769,0.5277777777777778,True,11481.0,0.525,False,-0.003014759254778676,0.005000576582408392,True,0.22580645161360735,0.5080645161290323,True,0.0,0.005,True,0.9,1.956109167249825,1.8507046670034668,1.0838739331380736,1.0475662152990886,consistent-but-unverified:all N bidders,consistent-but-unverified:successful S bidders,unknown,unknown
emission-spot-primary-market-auction-report-2021-data.xlsx,Primary Market Auction,37,2021-11-09,2021-11-09 00:00:00,2021-11-09 11:01:05.185000,Auction 4. Period CAP3 EU,T3PA,successful,EU,2515500.0,3121500.0,70.0,32.0,3.18,44593.0,141886.0,218380.0,139750.0,211086.0,1.24,22.0,18.0,True,,True,-0.36363636364694685,0.5227272727272727,True,0.0,0.5277777777777778,True,25409.09090909091,0.5227272727272727,False,-0.0009063804412641208,0.005000445419723136,True,0.142857142855064,0.5071428571428571,True,-0.0018181818181814968,0.005,True,0.8181818181818182,1.5391229578675838,1.5104543828264758,0.9318187292252582,0.92046376577445,consistent-but-unverified:all N bidders,consistent-but-unverified:successful S bidders,unknown,unknown
emission-spot-primary-market-auction-report-2021-data.xlsx,Primary Market Auction,38,2021-11-08,2021-11-08 00:00:00,2021-11-08 11:00:51.876000,Auction 4. Period CAP3 EU,T3PA,successful,EU,2515500.0,3420500.0,72.0,39.0,3.6,47507.0,171025.0,286529.0,132395.0,244319.0,1.36,20.0,19.0,True,,True,0.0,0.525,True,0.26315789474756457,0.5263157894736842,True,6620.0,0.525,False,0.00023057046312868756,0.005000469045855658,True,0.055555555554747116,0.5069444444444444,True,0.0,0.005,True,0.95,1.6753632509866978,1.8453793572264814,0.9840851658900782,1.0456964004207037,consistent-but-unverified:all N bidders,consistent-but-unverified:successful S bidders,unknown,unknown
emission-spot-primary-market-auction-report-2021-data.xlsx,Primary Market Auction,39,2021-11-05,2021-11-05 00:00:00,2021-11-05 11:01:27.400000,Auction 4. Period DE,T3PA,successful,DE,1805000.0,3073500.0,79.0,24.0,3.76,38905.0,146357.0,174840.0,120333.0,160546.0,1.7,21.0,15.0,True,,True,-0.14285714286961593,0.5238095238095238,True,-0.3333333333284827,0.5333333333333333,True,34380.61904761905,0.5238095238095238,False,-0.0027700831024930483,0.0050007486899043725,True,-0.06329113923857221,0.5063291139240507,True,-0.0019047619047620756,0.005,True,0.7142857142857143,1.1946131719015831,1.334180981110751,0.7860057995166262,0.847661072036759,consistent-but-unverified:all N bidders,consistent-but-unverified:successful S bidders,unknown,unknown
emission-spot-primary-market-auction-report-2021-data.xlsx,Primary Market Auction,40,2021-11-04,2021-11-04 00:00:00,2021-11-04 11:00:35.392000,Auction 4. Period CAP3 EU,T3PA,successful,EU,2515500.0,4108500.0,96.0,39.0,4.36,42797.0,186750.0,295036.0,147971.0,258210.0,1.63,22.0,17.0,True,,True,0.0,0.5227272727272727,True,0.411764705873793,0.5294117647058824,True,33630.09090909091,0.5227272727272727,False,-0.0032737030411449375,0.00500052340966561,True,0.125,0.5052083333333334,True,-0.0036363636363629936,0.005,True,0.7727272727272727,1.5798447121820616,1.7450040886389901,0.9477292080453706,1.0097825644463556,consistent-but-unverified:all N bidders,consistent-but-unverified:successful S bidders,unknown,unknown
emission-spot-primary-market-auction-report-2021-data.xlsx,Primary Market Auction,41,2021-11-03,2021-11-03 00:00:00,2021-11-03 11:01:05.069000,Auction 4. Period CAP3 PL,T3PA,successful,PL,2066500.0,2829500.0,71.0,43.0,4.18,39852.0,166441.0,239073.0,129156.0,211344.0,1.37,17.0,16.0,True,,True,-0.1764705882233102,0.5294117647058824,True,-0.25,0.53125,True,7597.176470588238,0.5294117647058824,False,0.0007766755383500357,0.005000573245501029,True,-0.11267605633474886,0.5070422535211268,True,0.003529411764705337,0.005,True,0.9411764705882353,1.4363828623956838,1.6363467434730095,0.890514505969115,0.9693941495194056,consistent-but-unverified:all N bidders,consistent-but-unverified:successful S bidders,unknown,unknown
emission-spot-primary-market-auction-report-2021-data.xlsx,Primary Market Auction,42,2021-11-02,2021-11-02 00:00:00,2021-11-02 11:00:27.377000,Auction 4. Period CAP3 EU,T3PA,successful,EU,2515500.0,4070500.0,79.0,28.0,3.76,51525.0,193833.0,270827.0,147971.0,217653.0,1.62,21.0,17.0,True,,True,-0.3333333333430346,0.5238095238095238,True,0.411764705873793,0.5294117647058824,True,28185.28571428571,0.5238095238095238,False,0.0018326376465911398,0.005000520407013316,True,-0.316455696200137,0.5063291139240507,True,-0.0019047619047620756,0.005,True,0.8095238095238095,1.3972182239350368,1.4709165985226835,0.8743089917484668,0.9045891743213915,consistent-but-unverified:all N bidders,consistent-but-unverified:successful S bidders,unknown,unknown
emission-spot-primary-market-auction-report-2021-data.xlsx,Primary Market Auction,43,2021-11-01,2021-11-01 00:00:00,2021-11-01 11:00:41.931000,Auction 4. Period CAP3 EU,T3PA,successful,EU,2515500.0,4013000.0,77.0,35.0,4.53,52117.0,236059.0,311616.0,157219.0,213503.0,1.6,17.0,16.0,True,,True,0.1764705882233102,0.5294117647058824,True,0.25,0.53125,True,9248.411764705874,0.5294117647058824,False,0.004690916318823346,0.005000515863526293,True,0.11688311688340036,0.5064935064935064,True,0.0005882352941180002,0.005,True,0.9411764705882353,1.3200767604708992,1.3579974430571369,0.8416002715407458,0.8578127177452685,consistent-but-unverified:all N bidders,consistent-but-unverified:successful S bidders,unknown,unknown
emission-spot-primary-market-auction-report-2021-data.xlsx,Primary Market Auction,44,2021-10-29,2021-10-29 00:00:00,2021-10-29 11:00:32.589000,Auction 4. Period DE,T3PA,successful,DE,1805000.0,3753500.0,67.0,15.0,3.05,56022.0,170614.0,258685.0,150417.0,217593.0,2.08,22.0,12.0,True,,True,0.36363636364694685,0.5227272727272727,True,0.3333333333430346,0.5416666666666666,True,68371.54545454546,0.5227272727272727,False,0.0004986149584489397,0.005000853047634648,True,-0.38805970149405766,0.5074626865671642,True,0.004545454545454408,0.005,True,0.5454545454545454,1.516200311814974,1.4465984562915095,0.9227499508578546,0.8946986746697628,consistent-but-unverified:all N bidders,consistent-but-unverified:successful S bidders,unknown,unknown
emission-spot-primary-market-auction-report-2021-data.xlsx,Primary Market Auction,45,2021-10-28,2021-10-28 00:00:00,2021-10-28 11:00:28.056000,Auction 4. Period CAP3 EU,T3PA,successful,EU,2515500.0,4541500.0,82.0,25.0,3.9,55384.0,216262.0,310308.0,157219.0,248404.0,1.81,21.0,16.0,True,,True,0.09523809523670934,0.5238095238095238,True,0.25,0.53125,True,37433.28571428571,0.5238095238095238,False,0.004593520174915655,0.005000557624098327,True,-0.14634146341268206,0.5060975609756098,True,-0.004761904761904745,0.005,True,0.7619047619047619,1.4348706661364456,1.5799871516801405,0.8898936406009066,0.9477844189521881,consistent-but-unverified:all N bidders,consistent-but-unverified:successful S bidders,unknown,unknown
emission-spot-primary-market-auction-report-2021-data.xlsx,Primary Market Auction,46,2021-10-27,2021-10-27 00:00:00,2021-10-27 11:00:24.627000,Auction 4. Period CAP3 PL,T3PA,successful,PL,2066500.0,3642500.0,74.0,29.0,3.36,49223.0,165568.0,249373.0,129156.0,216032.0,1.76,22.0,16.0,True,,True,-0.18181818182347342,0.5227272727272727,True,-0.25,0.53125,True,35224.18181818182,0.5227272727272727,False,-0.0026421485603678185,0.005000668435174218,True,0.027027027026633732,0.5067567567567568,True,-0.003636363636363882,0.005,True,0.7272727272727273,1.5061666505604947,1.6726439344668462,0.9187543548855116,0.9830682200783363,consistent-but-unverified:all N bidders,consistent-but-unverified:successful S bidders,unknown,unknown
emission-spot-primary-market-auction-report-2021-data.xlsx,Primary Market Auction,47,2021-10-26,2021-10-26 00:00:00,2021-10-26 11:00:29.261000,Auction 4. Period CAP3 EU,T3PA,successful,EU,2515500.0,4034500.0,76.0,29.0,3.17,53086.0,168104.0,244951.0,132395.0,191771.0,1.6,24.0,19.0,True,,True,-0.1666666666569654,0.5208333333333334,True,0.26315789474756457,0.5263157894736842,True,27582.5,0.5208333333333334,False,-0.0038560922281851706,0.005000517562395354,True,0.47368421052669873,0.506578947368421,True,0.0033333333333334103,0.005,True,0.7916666666666666,1.4571396278494266,1.4484761509120434,0.8989979205159041,0.8954658518277434,consistent-but-unverified:all N bidders,consistent-but-unverified:successful S bidders,unknown,unknown
emission-spot-primary-market-auction-report-2021-data.xlsx,Primary Market Auction,48,2021-10-25,2021-10-25 00:00:00,2021-10-25 11:00:34.738000,Auction 4. Period CAP3 EU,T3PA,successful,EU,2515500.0,3830000.0,68.0,34.0,3.09,56324.0,174091.0,210750.0,125775.0,185817.0,1.52,22.0,20.0,True,,True,0.09090909091173671,0.5227272727272727,True,0.0,0.525,True,11434.090909090912,0.5227272727272727,False,-0.002560127211290064,0.005000501403384983,True,0.47058823529368965,0.5073529411764706,True,-0.0009090909090909705,0.005,True,0.9090909090909091,1.210573780379227,1.477376267143709,0.7932521109627231,0.9072000433486798,consistent-but-unverified:all N bidders,consistent-but-unverified:successful S bidders,unknown,unknown
emission-spot-primary-market-auction-report-2021-data.xlsx,Primary Market Auction,49,2021-10-22,2021-10-22 00:00:00,2021-10-22 11:00:29.739000,Auction 4. Period DE,T3PA,successful,DE,1805000.0,3484000.0,73.0,18.0,3.48,47726.0,165905.0,223023.0,150417.0,180576.0,1.93,21.0,12.0,True,,True,0.23809523810632527,0.5238095238095238,True,0.3333333333430346,0.5416666666666666,True,64464.61904761905,0.5238095238095238,False,-0.00019390581717448896,0.005000811688210664,True,-0.02739726027357392,0.5068493150684932,True,0.003809523809523707,0.005,True,0.5714285714285714,1.3442813658418975,1.2005026027643153,0.8519789011329173,0.7886857900741788,consistent-but-unverified:all N bidders,consistent-but-unverified:successful S bidders,unknown,unknown
emission-spot-primary-market-auction-report-2021-data.xlsx,Primary Market Auction,50,2021-10-21,2021-10-21 00:00:00,2021-10-21 11:00:42.191000,Auction 4. Period CAP3 EU,T3PA,successful,EU,2515500.0,4526000.0,82.0,23.0,3.57,55195.0,196783.0,285570.0,209625.0,227851.0,1.8,23.0,12.0,True,,True,0.3913043478387408,0.5217391304347826,True,0.0,0.5416666666666666,True,100255.43478260869,0.5217391304347826,False,0.0007553170343868043,0.00500055639933226,True,-0.12195121950935572,0.5060975609756098,True,0.0047826086956521685,0.005,True,0.5217391304347826,1.451192430240417,1.0869457364341086,0.8965746123741583,0.735701627006731,consistent-but-unverified:all N bidders,consistent-but-unverified:successful S bidders,unknown,unknown
emission-spot-primary-market-auction-report-2021-data.xlsx,Primary Market Auction,51,2021-10-20,2021-10-20 00:00:00,2021-10-20 11:00:53.716000,Auction 4. Period CAP3 PL,T3PA,successful,PL,2066500.0,3466500.0,77.0,33.0,3.5,45019.0,157568.0,218712.0,108763.0,184786.0,1.68,22.0,19.0,True,,True,-0.18181818182347342,0.5227272727272727,True,-0.1578947368398076,0.5263157894736842,True,14831.181818181823,0.5227272727272727,False,0.0025260101621098485,0.005000647828307697,True,-0.48051948052307125,0.5064935064935064,True,0.0,0.005,True,0.8636363636363636,1.388048334687246,1.698978512913399,0.870476435981817,0.9928733728753888,consistent-but-unverified:all N bidders,consistent-but-unverified:successful S bidders,unknown,unknown
emission-spot-primary-market-auction-report-2021-data.xlsx,Primary Market Auction,52,2021-10-19,2021-10-19 00:00:00,2021-10-19 11:00:31.712000,Auction 4. Period CAP3 EU,T3PA,successful,EU,2515500.0,4282500.0,79.0,33.0,3.43,54209.0,186196.0,245803.0,139750.0,188441.0,1.7,23.0,18.0,True,,True,0.3478260869451333,0.5217391304347826,True,0.0,0.5277777777777778,True,30380.43478260869,0.5217391304347826,False,-0.0024448419797258314,0.005000537158652429,True,0.13924050633067964,0.5063291139240507,True,-0.0047826086956521685,0.005,True,0.782608695652174,1.3201304002234204,1.3484150268336315,0.8416233910915184,0.8537406439413102,consistent-but-unverified:all N bidders,consistent-but-unverified:successful S bidders,unknown,unknown
emission-spot-primary-market-auction-report-2021-data.xlsx,Primary Market Auction,53,2021-10-18,2021-10-18 00:00:00,2021-10-18 11:00:33.342000,Auction 4. Period CAP3 EU,T3PA,successful,EU,2515500.0,3974000.0,69.0,28.0,3.14,57594.0,180636.0,277330.0,147971.0,220370.0,1.58,22.0,17.0,True,,True,-0.36363636364694685,0.5227272727272727,True,0.411764705873793,0.5294117647058824,True,33630.09090909091,0.5227272727272727,False,0.00019479228781560387,0.005000512781856833,True,-0.2028985507276957,0.5072463768115942,True,0.003636363636363882,0.005,True,0.7727272727272727,1.535297504373436,1.489278304532645,0.9303109888843435,0.9119928309285091,consistent-but-unverified:all N bidders,consistent-but-unverified:successful S bidders,unknown,unknown
emission-spot-primary-market-auction-report-2021-data.xlsx,Primary Market Auction,54,2021-10-15,2021-10-15 00:00:00,2021-10-15 11:00:29.014000,Auction 4. Period DE,T3PA,successful,DE,1805000.0,3750500.0,79.0,23.0,3.59,47475.0,170477.0,225640.0,128929.0,193746.0,2.08,22.0,14.0,True,,True,-0.27272727273521014,0.5227272727272727,True,0.42857142856519204,0.5357142857142857,True,46883.545454545456,0.5227272727272727,False,0.002160664819944813,0.005000852587232897,True,0.316455696200137,0.5063291139240507,True,-0.0009090909090909705,0.005,True,0.6363636363636364,1.3235803070208885,1.5027340629338628,0.8431092318984357,0.9173837594753306,consistent-but-unverified:all N bidders,consistent-but-unverified:successful S bidders,unknown,unknown
emission-spot-primary-market-auction-report-2021-data.xlsx,Primary Market Auction,55,2021-10-14,2021-10-14 00:00:00,2021-10-14 11:00:27.251000,Auction 4. Period CAP3 EU,T3PA,successful,EU,2515500.0,3940500.0,80.0,39.0,3.81,49256.0,187643.0,249970.0,132395.0,204964.0,1.57,21.0,19.0,True,,True,0.14285714286961593,0.5238095238095238,True,0.26315789474756457,0.5263157894736842,True,12609.28571428571,0.5238095238095238,False,0.0035122242098986067,0.005000510134781784,True,-0.25,0.50625,True,0.00047619047619074095,0.005,True,0.9047619047619048,1.3321573413343424,1.5481249291891688,0.8467937367672458,0.9353577668019936,consistent-but-unverified:all N bidders,consistent-but-unverified:successful S bidders,unknown,unknown
emission-spot-primary-market-auction-report-2021-data.xlsx,Primary Market Auction,57,2021-10-13,2021-10-13 00:00:00,2021-10-13 11:00:29.290000,Auction 4. Period CAP3 PL,T3PA,successful,PL,2066500.0,2988500.0,83.0,47.0,3.95,36006.0,142310.0,184066.0,114806.0,170226.0,1.45,21.0,18.0,True,,True,0.4761904761835467,0.5238095238095238,True,0.4444444444379769,0.5277777777777778,True,16401.23809523809,0.5238095238095238,False,0.003834986692475173,0.005000591861931579,True,-0.02409638553945115,0.5060240963855421,True,-0.0023809523809523725,0.005,True,0.8571428571428571,1.2934157824467711,1.4827273835862238,0.830042314279199,0.9093577073393279,consistent-but-unverified:all N bidders,consistent-but-unverified:successful S bidders,unknown,unknown
emission-spot-primary-market-auction-report-2021-data.xlsx,Primary Market Auction,58,2021-10-12,2021-10-12 00:00:00,2021-10-12 11:00:48.513000,Auction 4. Period CAP3 EU,T3PA,successful,EU,2515500.0,3878500.0,71.0,46.0,3.09,54627.0,168630.0,264223.0,119786.0,248411.0,1.54,23.0,21.0,True,,True,-0.4347826087032445,0.5217391304347826,True,0.285714285710128,0.5238095238095238,True,10416.434782608689,0.5217391304347826,False,-0.0018405883522161215,0.0050005052357175155,True,0.2394366197186173,0.5070422535211268,True,0.003043478260869481,0.005,True,0.9130434782608695,1.5668801518116586,2.073789925366904,0.9426912127631106,1.1229113036032008,consistent-but-unverified:all N bidders,consistent-but-unverified:successful S bidders,unknown,unknown
emission-spot-primary-market-auction-report-2021-data.xlsx,Primary Market Auction,59,2021-10-11,2021-10-11 00:00:00,2021-10-11 11:00:50.988000,Auction 4. Period CAP3 EU,T3PA,successful,EU,2515500.0,4022500.0,75.0,39.0,3.57,53633.0,191548.0,322959.0,147971.0,260216.0,1.6,21.0,17.0,True,,True,0.38095238094683737,0.5238095238095238,True,0.411764705873793,0.5294117647058824,True,28185.28571428571,0.5238095238095238,False,0.0009143311468893245,0.005000516614189366,True,-0.33333333333575865,0.5066666666666667,True,-0.0014285714285717788,0.005,True,0.8095238095238095,1.6860473614968572,1.7585607990754946,0.9880707306696631,1.0147090941166017,consistent-but-unverified:all N bidders,consistent-but-unverified:successful S bidders,unknown,unknown
emission-spot-primary-market-auction-report-2021-data.xlsx,Primary Market Auction,60,2021-10-08,2021-10-08 00:00:00,2021-10-08 11:00:22.980000,Auction 4. Period DE,T3PA,successful,DE,1805000.0,3395000.0,62.0,24.0,3.1,54758.0,169750.0,258559.0,106176.0,252120.0,1.88,20.0,17.0,True,,True,0.0,0.525,True,-0.4705882353009656,0.5294117647058824,True,15926.0,0.525,False,-0.0008864265927979176,0.0050007980296253775,True,-0.0645161290303804,0.5080645161290323,True,0.0,0.005,True,0.85,1.5231752577319588,2.3745479204339963,0.925518131270172,1.2162613658514194,consistent-but-unverified:all N bidders,consistent-but-unverified:successful S bidders,unknown,unknown
emission-spot-primary-market-auction-report-2021-data.xlsx,Primary Market Auction,61,2021-10-07,2021-10-07 00:00:00,2021-10-07 11:01:05.512000,Auction 4. Period CAP3 EU,T3PA,successful,EU,2515500.0,4381000.0,75.0,33.0,3.95,58413.0,230579.0,316700.0,167700.0,266146.0,1.74,19.0,15.0,True,,True,0.052631578961154446,0.5263157894736842,True,0.0,0.5333333333333333,True,35305.26315789475,0.5263157894736842,False,-0.0016020671834624522,0.005000544941843243,True,-0.33333333333575865,0.5066666666666667,True,0.0026315789473687623,0.005,True,0.7894736842105263,1.3734988875829977,1.587036374478235,0.8643651903270099,0.9505129635914127,consistent-but-unverified:all N bidders,consistent-but-unverified:successful S bidders,unknown,unknown
emission-spot-primary-market-auction-report-2021-data.xlsx,Primary Market Auction,62,2021-10-06,2021-10-06 00:00:00,2021-10-06 11:00:31.446000,Auction 4. Period CAP3 PL,T3PA,successful,PL,2066500.0,3111500.0,70.0,24.0,3.04,44450.0,135283.0,229548.0,108763.0,221850.0,1.51,23.0,19.0,True,,True,0.3913043478387408,0.5217391304347826,True,-0.1578947368398076,0.5263157894736842,True,18915.173913043473,0.5217391304347826,False,0.004314057585289133,0.00500060626332125,True,0.0,0.5071428571428571,True,-0.003478260869565375,0.005,True,0.8260869565217391,1.6967985630123519,2.039756167078878,0.9920653520883996,1.1117773040035432,consistent-but-unverified:all N bidders,consistent-but-unverified:successful S bidders,unknown,unknown
emission-spot-primary-market-auction-report-2021-data.xlsx,Primary Market Auction,63,2021-10-05,2021-10-05 00:00:00,2021-10-05 11:01:51.218000,Auction 4. Period CAP3 EU,T3PA,successful,EU,2515500.0,3759500.0,76.0,37.0,3.45,49467.0,170886.0,219483.0,132395.0,184718.0,1.49,22.0,19.0,True,,True,-0.36363636364694685,0.5227272727272727,True,0.26315789474756457,0.5263157894736842,True,18054.09090909091,0.5227272727272727,False,-0.004533889882727182,0.005000495832674806,True,-0.10526315789320506,0.506578947368421,True,-0.004545454545454408,0.005,True,0.8636363636363636,1.284382570836698,1.395203746365044,0.8260957781334739,0.8734682987956659,consistent-but-unverified:all N bidders,consistent-but-unverified:successful S bidders,unknown,unknown
emission-spot-primary-market-auction-report-2021-data.xlsx,Primary Market Auction,64,2021-10-04,2021-10-04 00:00:00,2021-10-04 11:00:28.537000,Auction 4. Period CAP3 EU,T3PA,successful,EU,2515500.0,3721500.0,74.0,38.0,3.52,50291.0,177214.0,244652.0,157219.0,215539.0,1.48,21.0,16.0,True,,True,-0.285714285710128,0.5238095238095238,True,0.25,0.53125,True,37433.28571428571,0.5238095238095238,False,0.000572450805008895,0.005000492830022512,True,0.4594594594600494,0.5067567567567568,True,-0.003809523809523707,0.005,True,0.7619047619047619,1.3805455550915842,1.3709475317868705,0.8673296862437831,0.8632896776890564,consistent-but-unverified:all N bidders,consistent-but-unverified:successful S bidders,unknown,unknown
emission-spot-primary-market-auction-report-2021-data.xlsx,Primary Market Auction,65,2021-10-01,2021-10-01 00:00:00,2021-10-01 11:00:32.497000,Auction 4. Period DE,T3PA,successful,DE,1805000.0,3180500.0,64.0,27.0,3.2,49695.0,159025.0,233115.0,120333.0,222813.0,1.76,20.0,15.0,True,,True,0.0,0.525,True,-0.3333333333284827,0.5333333333333333,True,30083.0,0.525,False,-0.0020498614958448513,0.005000765110900166,True,-0.3125,0.5078125,True,0.0,0.005,True,0.75,1.4659015878006603,1.8516367081349256,0.9025574963224079,1.0478931129989781,consistent-but-unverified:all N bidders,consistent-but-unverified:successful S bidders,unknown,unknown
emission-spot-primary-market-auction-report-2021-data.xlsx,Primary Market Auction,66,2021-09-30,2021-09-30 00:00:00,2021-09-30 11:00:40.057000,Auction 4. Period CAP3 EU,T3PA,successful,EU,2515500.0,3819500.0,66.0,48.0,2.87,57871.0,166065.0,253126.0,114341.0,223461.0,1.52,23.0,22.0,True,,True,-0.21739130435162224,0.5217391304347826,True,0.09090909091173671,0.5227272727272727,True,4971.434782608689,0.5217391304347826,False,0.0016139932419001468,0.005000500573704743,True,-0.2121212121201097,0.5075757575757576,True,0.0004347826086958939,0.005,True,0.9565217391304348,1.524258573450155,1.9543383388285918,0.9259473853311715,1.083274713375983,consistent-but-unverified:all N bidders,consistent-but-unverified:successful S bidders,unknown,unknown
emission-spot-primary-market-auction-report-2021-data.xlsx,Primary Market Auction,67,2021-09-29,2021-09-29 00:00:00,2021-09-29 11:00:43.437000,Auction 4. Period CAP3 PL,T3PA,successful,PL,2066500.0,2235000.0,69.0,62.0,3.83,32391.0,124167.0,190313.0,121559.0,192907.0,1.08,18.0,17.0,True,,True,0.3333333333284827,0.5277777777777778,True,0.1764705882378621,0.5294117647058824,True,6753.444444444438,0.5277777777777778,False,-0.0015388337769173255,0.0050005036387842875,True,-0.30434782608790556,0.5072463768115942,True,-0.0033333333333334103,0.005,True,0.9444444444444444,1.5327180329717236,1.5869413206755567,0.9292930474019454,0.950476220563789,consistent-but-unverified:all N bidders,consistent-but-unverified:successful S bidders,unknown,unknown
emission-spot-primary-market-auction-report-2021-data.xlsx,Primary Market Auction,68,2021-09-28,2021-09-28 00:00:00,2021-09-28 11:00:30.854000,Auction 4. Period CAP3 EU,T3PA,successful,EU,2515500.0,3098500.0,56.0,28.0,3.29,55330.0,182265.0,282133.0,193500.0,279116.0,1.23,17.0,13.0,True,,True,0.2941176470485516,0.5294117647058824,True,0.0,0.5384615384615384,True,45529.411764705874,0.5294117647058824,False,-0.0017630689723713289,0.0050004436023283255,True,-0.357142857144936,0.5089285714285714,True,-0.004117647058823337,0.005,True,0.7647058823529411,1.5479274682467836,1.4424599483204135,0.9352802711535645,0.8930057069786205,consistent-but-unverified:all N bidders,consistent-but-unverified:successful S bidders,unknown,unknown
emission-spot-primary-market-auction-report-2021-data.xlsx,Primary Market Auction,69,2021-09-27,2021-09-27 00:00:00,2021-09-27 11:00:51.224000,Auction 4. Period CAP3 EU,T3PA,successful,EU,2515500.0,2849000.0,69.0,61.0,3.45,41290.0,142450.0,238692.0,132395.0,243443.0,1.13,20.0,19.0,True,,True,0.0,0.525,True,0.26315789474756457,0.5263157894736842,True,6620.0,0.525,False,-0.002578016298946606,0.005000423887545502,True,0.1449275362319895,0.5072463768115942,True,0.0,0.005,True,0.95,1.6756195156195157,1.8387627931568413,0.9841809481581928,1.043368321043713,consistent-but-unverified:all N bidders,consistent-but-unverified:successful S bidders,unknown,unknown
emission-spot-primary-market-auction-report-2021-data.xlsx,Primary Market Auction,70,2021-09-24,2021-09-24 00:00:00,2021-09-24 11:00:33.041000,Auction 4. Period DE,T3PA,successful,DE,1805000.0,3308000.0,66.0,25.0,3.47,50121.0,174105.0,248875.0,138846.0,196651.0,1.83,19.0,13.0,True,,True,-0.26315789474756457,0.5263157894736842,True,-0.1538461538439151,0.5384615384615384,True,43846.0,0.5263157894736842,False,-0.002686980609418299,0.005000784677974593,True,-0.2121212121201097,0.5075757575757576,True,-0.0036842105263157343,0.005,True,0.6842105263157895,1.4294534907096292,1.4163245610244444,0.8876663311159082,0.8822476092223737,consistent-but-unverified:all N bidders,consistent-but-unverified:successful S bidders,unknown,unknown
emission-spot-primary-market-auction-report-2021-data.xlsx,Primary Market Auction,71,2021-09-23,2021-09-23 00:00:00,2021-09-23 11:00:38.977000,Auction 4. Period CAP3 EU,T3PA,successful,EU,2515500.0,3922000.0,80.0,27.0,3.33,49025.0,163417.0,253077.0,147971.0,221946.0,1.56,24.0,17.0,True,,True,0.3333333333430346,0.5208333333333334,True,0.411764705873793,0.5294117647058824,True,43158.5,0.5208333333333334,False,0.0008666269131385462,0.005000508672964221,True,0.0,0.50625,True,-0.0033333333333334103,0.005,True,0.7083333333333334,1.5486577283881113,1.4999290401497591,0.9355668395589382,0.916262347531227,consistent-but-unverified:all N bidders,consistent-but-unverified:successful S bidders,unknown,unknown
emission-spot-primary-market-auction-report-2021-data.xlsx,Primary Market Auction,72,2021-09-22,2021-09-22 00:00:00,2021-09-22 11:00:32.888000,Auction 4. Period CAP3 PL,T3PA,successful,PL,2066500.0,3708000.0,76.0,34.0,3.62,48789.0,176571.0,229626.0,129156.0,196214.0,1.79,21.0,16.0,True,,True,-0.42857142857974395,0.5238095238095238,True,-0.25,0.53125,True,30751.23809523809,0.5238095238095238,False,-0.00433825308492608,0.005000676104206929,True,-0.47368421052669873,0.506578947368421,True,0.0009523809523810378,0.005,True,0.7619047619047619,1.3004740302767726,1.5192015856793335,0.8331152018197279,0.923942020242132,consistent-but-unverified:all N bidders,consistent-but-unverified:successful S bidders,unknown,unknown
emission-spot-primary-market-auction-report-2021-data.xlsx,Primary Market Auction,73,2021-09-21,2021-09-21 00:00:00,2021-09-21 11:00:31.788000,Auction 4. Period CAP3 EU,T3PA,successful,EU,2515500.0,5281000.0,112.0,27.0,4.67,47152.0,220042.0,268349.0,193500.0,249637.0,2.1,24.0,13.0,True,,True,0.3333333333430346,0.5208333333333334,True,0.0,0.5384615384615384,True,88687.5,0.5208333333333334,False,0.0006161796859474045,0.005000616057292308,True,0.21428571428259602,0.5044642857142857,True,0.0033333333333329662,0.005,True,0.5416666666666666,1.2195353614309996,1.2901136950904393,0.7972978773258842,0.8286014648448106,consistent-but-unverified:all N bidders,consistent-but-unverified:successful S bidders,unknown,unknown
emission-spot-primary-market-auction-report-2021-data.xlsx,Primary Market Auction,74,2021-09-20,2021-09-20 00:00:00,2021-09-20 11:00:26.450000,Auction 4. Period CAP3 EU,T3PA,successful,EU,2524000.0,4125500.0,81.0,42.0,3.12,50932.0,158673.0,218930.0,109739.0,170740.0,1.63,26.0,23.0,True,,True,-0.07692307693650946,0.5192307692307693,True,-0.13043478260806296,0.5217391304347826,True,12662.076923076922,0.5192307692307693,False,-0.004508716323296413,0.0050005218916482005,True,-0.09876543209975353,0.5061728395061729,True,0.004615384615384688,0.005,True,0.8846153846153846,1.3797558500816145,1.555873481624582,0.8669978984219634,0.9383940367082613,consistent-but-unverified:all N bidders,consistent-but-unverified:successful S bidders,unknown,unknown
emission-spot-primary-market-auction-report-2021-data.xlsx,Primary Market Auction,75,2021-09-17,2021-09-17 00:00:00,2021-09-17 11:00:34.387000,Auction 4. Period DE,T3PA,successful,DE,1805000.0,2550500.0,67.0,34.0,3.19,38067.0,121452.0,139737.0,100278.0,132913.0,1.41,21.0,18.0,True,,True,-0.38095238094683737,0.5238095238095238,True,0.22222222221898846,0.5277777777777778,True,14325.619047619053,0.5238095238095238,False,-0.003019390581717518,0.00500066842653241,True,-0.16417910447489703,0.5074626865671642,True,-0.00047619047619074095,0.005,True,0.8571428571428571,1.1505533050093864,1.325445262171164,0.7657251601975966,0.8439115313147568,consistent-but-unverified:all N bidders,consistent-but-unverified:successful S bidders,unknown,unknown
emission-spot-primary-market-auction-report-2021-data.xlsx,Primary Market Auction,76,2021-09-16,2021-09-16 00:00:00,2021-09-16 11:00:27.995000,Auction 4. Period CAP3 EU,T3PA,successful,EU,2515500.0,3911000.0,78.0,25.0,3.39,50141.0,170043.0,248335.0,193500.0,249577.0,1.55,23.0,13.0,True,,True,-0.47826086956774816,0.5217391304347826,True,0.0,0.5384615384615384,True,84130.43478260869,0.5217391304347826,False,-0.004760484993043157,0.005000507803775398,True,-0.025641025640652515,0.5064102564102564,True,-0.0013043478260867936,0.005,True,0.5652173913043478,1.4604247161012214,1.2898036175710594,0.9003339838638135,0.8284660573696597,consistent-but-unverified:all N bidders,consistent-but-unverified:successful S bidders,unknown,unknown
emission-spot-primary-market-auction-report-2021-data.xlsx,Primary Market Auction,78,2021-09-15,2021-09-15 00:00:00,2021-09-15 11:02:03.693000,Auction 4. Period CAP3 PL,T3PA,successful,PL,2066500.0,3627500.0,73.0,27.0,3.32,49692.0,164886.0,182530.0,129156.0,169260.0,1.76,22.0,16.0,True,,True,-0.36363636364694685,0.5227272727272727,True,-0.25,0.53125,True,35224.18181818182,0.5227272727272727,False,0.0046165013307524205,0.005000666678907185,True,0.21917808218859136,0.5068493150684932,True,0.0018181818181814968,0.005,True,0.7272727272727273,1.1070072656259475,1.3105082226145126,0.7452685831435615,0.8374675101249299,consistent-but-unverified:all N bidders,consistent-but-unverified:successful S bidders,unknown,unknown
emission-spot-primary-market-auction-report-2021-data.xlsx,Primary Market Auction,79,2021-09-14,2021-09-14 00:00:00,2021-09-14 11:00:42.929000,Auction 4. Period CAP3 EU,T3PA,successful,EU,2515500.0,3808500.0,69.0,39.0,3.45,55196.0,190425.0,253300.0,147971.0,232182.0,1.51,20.0,17.0,True,,True,0.0,0.525,True,0.411764705873793,0.5294117647058824,True,22196.0,0.525,False,-0.004013118664281556,0.0050004997045159216,True,0.3478260869596852,0.5072463768115942,True,0.0,0.005,True,0.85,1.3301824865432585,1.5691047570131986,0.8459465849155584,0.9435574946467812,consistent-but-unverified:all N bidders,consistent-but-unverified:successful S bidders,unknown,unknown
emission-spot-primary-market-auction-report-2021-data.xlsx,Primary Market Auction,80,2021-09-13,2021-09-13 00:00:00,2021-09-13 11:00:43.446000,Auction 4. Period CAP3 EU,T3PA,successful,EU,2515500.0,3506500.0,86.0,40.0,4.1,40773.0,166976.0,250820.0,139750.0,235709.0,1.39,21.0,18.0,True,,True,-0.19047619047341868,0.5238095238095238,True,0.0,0.5277777777777778,True,19964.28571428571,0.5238095238095238,False,-0.003957463724905574,0.005000475841331902,True,-0.2558139534885413,0.5058139534883721,True,0.004761904761904745,0.005,True,0.8571428571428571,1.5021320429283251,1.6866475849731664,0.9171431856035396,0.9882941654578975,consistent-but-unverified:all N bidders,consistent-but-unverified:successful S bidders,unknown,unknown
emission-spot-primary-market-auction-report-2021-data.xlsx,Primary Market Auction,81,2021-09-10,2021-09-10 00:00:00,2021-09-10 11:00:31.344000,Auction 4. Period DE,T3PA,successful,DE,1805000.0,3300500.0,67.0,17.0,3.05,49261.0,150023.0,211691.0,138846.0,179725.0,1.83,22.0,13.0,True,,True,0.27272727273521014,0.5227272727272727,True,-0.1538461538439151,0.5384615384615384,True,56800.545454545456,0.5227272727272727,False,0.0014681440443213845,0.005000783526970215,True,-0.19402985074702883,0.5074626865671642,True,0.004545454545454408,0.005,True,0.5909090909090909,1.411056971264406,1.2944197168085505,0.880065228643791,0.8304799648348767,consistent-but-unverified:all N bidders,consistent-but-unverified:successful S bidders,unknown,unknown
emission-spot-primary-market-auction-report-2021-data.xlsx,Primary Market Auction,82,2021-09-09,2021-09-09 00:00:00,2021-09-09 11:00:47.693000,Auction 4. Period CAP3 EU,T3PA,successful,EU,2515500.0,4100500.0,85.0,32.0,3.86,48241.0,186386.0,295422.0,139750.0,223881.0,1.63,22.0,18.0,True,,True,-0.36363636364694685,0.5227272727272727,True,0.0,0.5277777777777778,True,25409.09090909091,0.5227272727272727,False,-9.342079109542212e-05,0.005000522777528285,True,-0.1764705882378621,0.5058823529411764,True,-0.003636363636363882,0.005,True,0.8181818181818182,1.5850010193898683,1.602010733452594,0.9497259023084262,0.9562845051596663,consistent-but-unverified:all N bidders,consistent-but-unverified:successful S bidders,unknown,unknown
emission-spot-primary-market-auction-report-2021-data.xlsx,Primary Market Auction,83,2021-09-08,2021-09-08 00:00:00,2021-09-08 11:00:25.797000,Auction 4. Period CAP3 PL,T3PA,successful,PL,2066500.0,3857000.0,87.0,31.0,4.58,44333.0,203000.0,252274.0,121559.0,168143.0,1.87,19.0,17.0,True,,True,0.0,0.5263157894736842,True,0.1764705882378621,0.5294117647058824,True,12795.84210526316,0.5263157894736842,False,0.0035591579966127718,0.00500069354979279,True,-0.33333333333575865,0.5057471264367817,True,0.0010526315789478602,0.005,True,0.8947368421052632,1.2427290640394089,1.3832213163977987,0.8076934564630256,0.868453066820455,consistent-but-unverified:all N bidders,consistent-but-unverified:successful S bidders,unknown,unknown
emission-spot-primary-market-auction-report-2021-data.xlsx,Primary Market Auction,84,2021-09-07,2021-09-07 00:00:00,2021-09-07 11:00:29.139000,Auction 4. Period CAP3 EU,T3PA,successful,EU,2515500.0,3626000.0,81.0,40.0,4.26,44765.0,190842.0,242551.0,139750.0,217830.0,1.44,19.0,18.0,True,,True,-0.10526315789320506,0.5263157894736842,True,0.0,0.5277777777777778,True,7355.263157894748,0.5263157894736842,False,-0.0014629298350228304,0.0050004852838831946,True,-0.4320987654355122,0.5061728395061729,True,-0.0031578947368426924,0.005,True,0.9473684210526315,1.2709518869012062,1.55871198568873,0.8201990770342713,0.9395040012884656,consistent-but-unverified:all N bidders,consistent-but-unverified:successful S bidders,unknown,unknown
emission-spot-primary-market-auction-report-2021-data.xlsx,Primary Market Auction,85,2021-09-06,2021-09-06 00:00:00,2021-09-06 11:00:43.245000,Auction 4. Period CAP3 EU,T3PA,successful,EU,2515500.0,5087500.0,85.0,28.0,4.25,59853.0,254375.0,375110.0,179679.0,290512.0,2.02,20.0,14.0,True,,True,0.0,0.525,True,0.42857142857974395,0.5357142857142857,True,53904.0,0.525,False,-0.002460743390976017,0.00500060076747076,True,0.0588235294126207,0.5058823529411764,True,0.0,0.005,True,0.7,1.4746339066339067,1.6168389182931784,0.9060924685683747,0.9619670696066716,consistent-but-unverified:all N bidders,consistent-but-unverified:successful S bidders,unknown,unknown
emission-spot-primary-market-auction-report-2021-data.xlsx,Primary Market Auction,86,2021-09-03,2021-09-03 00:00:00,2021-09-03 11:00:35.587000,Auction 4. Period DE,T3PA,successful,DE,1805000.0,3267500.0,77.0,25.0,3.21,42435.0,136146.0,178712.0,120333.0,147680.0,1.81,24.0,15.0,True,,True,0.1666666666569654,0.5208333333333334,True,-0.3333333333284827,0.5333333333333333,True,45124.66666666667,0.5208333333333334,False,-0.0002493074792242478,0.005000778462550951,True,-0.0649350649327971,0.5064935064935064,True,0.0016666666666664831,0.005,True,0.625,1.3126496555168716,1.2272610173435383,0.8383939042096475,0.8007725872192623,consistent-but-unverified:all N bidders,consistent-but-unverified:successful S bidders,unknown,unknown
emission-spot-primary-market-auction-report-2021-data.xlsx,Primary Market Auction,87,2021-09-01,2021-09-01 00:00:00,2021-09-01 11:00:37.325000,Auction 4. Period CAP3 PL,T3PA,successful,PL,2066500.0,4214000.0,82.0,24.0,3.57,51390.0,183217.0,254415.0,147607.0,226702.0,2.04,23.0,14.0,True,,True,-0.3913043478387408,0.5217391304347826,True,-0.14285714286961593,0.5357142857142857,True,57759.17391304347,0.5217391304347826,False,0.0008032905879504781,0.005000735348948175,True,-0.2439024390259874,0.5060975609756098,True,0.0047826086956521685,0.005,True,0.6086956521739131,1.3885993111992883,1.5358485708672354,0.8707071318820936,0.9305283229890182,consistent-but-unverified:all N bidders,consistent-but-unverified:successful S bidders,unknown,unknown
emission-spot-primary-market-auction-report-2021-data.xlsx,Primary Market Auction,88,2021-08-31,2021-08-31 00:00:00,2021-08-31 11:00:29.142000,Auction 4. Period CAP3 EU,T3PA,successful,EU,1759500.0,3321500.0,83.0,41.0,3.61,40018.0,144413.0,211086.0,79977.0,121325.0,1.89,23.0,22.0,True,,True,-0.04347826086450368,0.5217391304347826,True,-0.2727272727206582,0.5227272727272727,True,3477.0,0.5217391304347826,False,0.0022477976697925506,0.005000820617430741,True,-0.0722891566256294,0.5060240963855421,True,0.0013043478260867936,0.005,True,0.9565217391304348,1.4616828124891803,1.5169986371081685,0.9008451861925107,0.9230671746783277,consistent-but-unverified:all N bidders,consistent-but-unverified:successful S bidders,unknown,unknown
emission-spot-primary-market-auction-report-2021-data.xlsx,Primary Market Auction,89,2021-08-27,2021-08-27 00:00:00,2021-08-27 11:00:32.104000,Auction 4. Period DE,T3PA,successful,DE,1328500.0,1937000.0,55.0,35.0,3.06,35218.0,107611.0,216572.0,83031.0,176907.0,1.46,18.0,16.0,True,,True,-0.11111111110949423,0.5277777777777778,True,-0.25,0.53125,True,9225.444444444438,0.5277777777777778,False,0.0019646217538578092,0.005000925117021829,True,-0.18181818181619747,0.509090909090909,True,0.004444444444444695,0.005,True,0.8888888888888888,2.0125451859010695,2.1306138671098744,1.1027852981735171,1.1412291089996038,consistent-but-unverified:all N bidders,consistent-but-unverified:successful S bidders,unknown,unknown
emission-spot-primary-market-auction-report-2021-data.xlsx,Primary Market Auction,90,2021-08-26,2021-08-26 00:00:00,2021-08-26 11:00:21.480000,Auction 4. Period CAP3 EU,T3PA,successful,EU,1644500.0,3116500.0,82.0,38.0,3.42,38006.0,129854.0,222565.0,91361.0,169377.0,1.9,24.0,18.0,True,,True,-0.1666666666715173,0.5208333333333334,True,-0.11111111110949423,0.5277777777777778,True,22840.16666666667,0.5208333333333334,False,0.004895104895104696,0.005000880238817665,True,-0.09756097561330535,0.5060975609756098,True,0.0033333333333334103,0.005,True,0.75,1.713963374251082,1.8539311084598462,0.998410066204109,1.0486973801717998,consistent-but-unverified:all N bidders,consistent-but-unverified:successful S bidders,unknown,unknown
emission-spot-primary-market-auction-report-2021-data.xlsx,Primary Market Auction,91,2021-08-25,2021-08-25 00:00:00,2021-08-25 11:00:42.794000,Auction 4. Period CAP3 PL,T3PA,successful,PL,1300500.0,3291000.0,80.0,34.0,3.64,41138.0,149591.0,237381.0,81281.0,162618.0,2.53,22.0,16.0,True,,True,0.09090909091173671,0.5227272727272727,True,-0.25,0.53125,True,22167.36363636364,0.5227272727272727,False,-0.00056516724336797,0.005001357387981608,True,0.5,0.50625,True,0.003636363636363882,0.005,True,0.7272727272727273,1.58686685696332,2.0006889679014774,0.9504474356882446,1.098841918268374,consistent-but-unverified:all N bidders,consistent-but-unverified:successful S bidders,unknown,unknown
emission-spot-primary-market-auction-report-2021-data.xlsx,Primary Market Auction,92,2021-08-24,2021-08-24 00:00:00,2021-08-24 11:00:23.636000,Auction 4. Period CAP3 EU,T3PA,successful,EU,1644500.0,2649500.0,76.0,38.0,3.8,34862.0,132475.0,216596.0,109633.0,207428.0,1.61,20.0,15.0,True,,True,0.0,0.525,True,-0.3333333333284827,0.5333333333333333,True,27408.0,0.525,False,-0.001128002432350117,0.005000793897382878,True,0.1578947368398076,0.506578947368421,True,0.0,0.005,True,0.75,1.6349952821287035,1.8920215628506016,0.9688813915282326,1.0619557603028167,consistent-but-unverified:all N bidders,consistent-but-unverified:successful S bidders,unknown,unknown
emission-spot-primary-market-auction-report-2021-data.xlsx,Primary Market Auction,93,2021-08-23,2021-08-23 00:00:00,2021-08-23 11:00:27.526000,Auction 4. Period CAP3 EU,T3PA,successful,EU,1644500.0,3130500.0,75.0,45.0,3.26,41740.0,136109.0,188731.0,91361.0,155022.0,1.9,23.0,18.0,True,,True,0.3043478260806296,0.5217391304347826,True,-0.11111111110949423,0.5277777777777778,True,19861.0,0.5217391304347826,False,-0.00361812100942549,0.005000882827211855,True,0.0,0.5066666666666667,True,-0.0008695652173913437,0.005,True,0.782608695652174,1.386616608747401,1.6968071715502238,0.8698767180959682,0.9920685442156315,consistent-but-unverified:all N bidders,consistent-but-unverified:successful S bidders,unknown,unknown
emission-spot-primary-market-auction-report-2021-data.xlsx,Primary Market Auction,94,2021-08-20,2021-08-20 00:00:00,2021-08-20 11:00:30.085000,Auction 4. Period DE,T3PA,successful,DE,1325500.0,2999000.0,61.0,21.0,2.9,49164.0,142810.0,229178.0,88367.0,195517.0,2.26,21.0,15.0,True,,True,0.4761904761835467,0.5238095238095238,True,0.3333333333284827,0.5333333333333333,True,25247.95238095238,0.5238095238095238,False,-0.0025424368162960675,0.005001230684002371,True,0.06557377049466595,0.5081967213114754,True,-0.004761904761904745,0.005,True,0.7142857142857143,1.6047755759400602,2.2125567236638113,0.9573465202234861,1.1670671072370666,consistent-but-unverified:all N bidders,consistent-but-unverified:successful S bidders,unknown,unknown
emission-spot-primary-market-auction-report-2021-data.xlsx,Primary Market Auction,95,2021-08-19,2021-08-19 00:00:00,2021-08-19 11:00:36.753000,Auction 4. Period CAP3 EU,T3PA,successful,EU,1644500.0,3135500.0,80.0,40.0,3.48,39194.0,136326.0,201316.0,82225.0,105698.0,1.91,23.0,20.0,True,,True,-0.08695652172900736,0.5217391304347826,True,0.0,0.525,True,10725.0,0.5217391304347826,False,0.003341441167528103,0.0050008837516383525,True,0.25,0.50625,True,0.0017391304347826875,0.005,True,0.8695652173913043,1.4767249094083301,1.2854727880814838,0.9069370863698377,0.8265729123882117,consistent-but-unverified:all N bidders,consistent-but-unverified:successful S bidders,unknown,unknown
emission-spot-primary-market-auction-report-2021-data.xlsx,Primary Market Auction,96,2021-08-18,2021-08-18 00:00:00,2021-08-18 11:00:25.972000,Auction 4. Period CAP3 PL,T3PA,successful,PL,1287500.0,2927000.0,82.0,14.0,3.73,35695.0,133045.0,228308.0,160938.0,274991.0,2.27,22.0,8.0,True,,True,-0.45454545455868356,0.5227272727272727,True,0.5,0.5625,True,102415.27272727274,0.5227272727272727,False,-0.0033980582524271163,0.005001271222889758,True,-0.12195121950935572,0.5060975609756098,True,0.0027272727272729114,0.005,True,0.36363636363636365,1.7160208951858393,1.7086766332376444,0.9991679030342488,0.9964601884024616,consistent-but-unverified:all N bidders,consistent-but-unverified:successful S bidders,unknown,unknown
emission-spot-primary-market-auction-report-2021-data.xlsx,Primary Market Auction,97,2021-08-17,2021-08-17 00:00:00,2021-08-17 11:00:36.587000,Auction 4. Period CAP3 EU,T3PA,successful,EU,1644500.0,3481000.0,85.0,32.0,3.7,40953.0,151348.0,228480.0,91361.0,184758.0,2.12,23.0,18.0,True,,True,0.17391304348711856,0.5217391304347826,True,-0.11111111110949423,0.5277777777777778,True,19861.0,0.5217391304347826,False,0.003247187595013745,0.005000947629509271,True,0.0588235294126207,0.5058823529411764,True,0.004347826086956719,0.005,True,0.782608695652174,1.5096334275973253,2.022285220170532,0.9201366976961728,1.1060132406578473,consistent-but-unverified:all N bidders,consistent-but-unverified:successful S bidders,unknown,unknown
emission-spot-primary-market-auction-report-2021-data.xlsx,Primary Market Auction,98,2021-08-16,2021-08-16 00:00:00,2021-08-16 11:00:20.783000,Auction 4. Period CAP3 EU,T3PA,successful,EU,1644500.0,2569000.0,70.0,29.0,3.5,36700.0,128450.0,234103.0,117464.0,237292.0,1.56,20.0,14.0,True,,True,0.0,0.525,True,-0.285714285710128,0.5357142857142857,True,35239.0,0.525,False,-0.0021769534813012026,0.005000779014116282,True,0.0,0.5071428571428571,True,0.0,0.005,True,0.7,1.8225223822499026,2.020125314990125,1.037630946948202,1.105298325555726,consistent-but-unverified:all N bidders,consistent-but-unverified:successful S bidders,unknown,unknown
emission-spot-primary-market-auction-report-2021-data.xlsx,Primary Market Auction,99,2021-08-13,2021-08-13 00:00:00,2021-08-13 11:00:33.271000,Auction 4. Period DE,T3PA,successful,DE,1325500.0,3612500.0,60.0,21.0,2.73,60208.0,164205.0,279925.0,82844.0,130633.0,2.73,22.0,16.0,True,,True,0.45454545455868356,0.5227272727272727,True,0.25,0.53125,True,22594.0,0.5227272727272727,False,0.00461335345152758,0.005001405276376692,True,-0.33333333333575865,0.5083333333333333,True,0.0027272727272729114,0.005,True,0.7272727272727273,1.7047288450412594,1.5768552942880596,0.9950016651449425,0.9465697773144242,consistent-but-unverified:all N bidders,consistent-but-unverified:successful S bidders,unknown,unknown
emission-spot-primary-market-auction-report-2021-data.xlsx,Primary Market Auction,100,2021-08-12,2021-08-12 00:00:00,2021-08-12 11:00:38.627000,Auction 4. Period CAP3 EU,T3PA,successful,EU,1644500.0,3019000.0,69.0,35.0,2.76,43754.0,120760.0,154205.0,82225.0,115252.0,1.84,25.0,20.0,True,,True,0.0,0.52,True,0.0,0.525,True,16445.0,0.52,False,0.004183642444512081,0.00500086221250098,True,0.37681159420026233,0.5072463768115942,True,0.0,0.005,True,0.8,1.2769542894998345,1.4016661599270295,0.8228387120007997,0.8761627297883623,consistent-but-unverified:all N bidders,consistent-but-unverified:successful S bidders,unknown,unknown
emission-spot-primary-market-auction-report-2021-data.xlsx,Primary Market Auction,101,2021-08-11,2021-08-11 00:00:00,2021-08-11 11:00:23.927000,Auction 4. Period CAP3 PL,T3PA,successful,PL,1287500.0,2917000.0,68.0,31.0,3.09,42897.0,132591.0,193552.0,80469.0,136746.0,2.27,22.0,16.0,True,,True,0.09090909091173671,0.5227272727272727,True,0.25,0.53125,True,21946.272727272728,0.5227272727272727,False,0.004368932038834927,0.005001268206581677,True,-0.0588235294126207,0.5073529411764706,True,-0.0009090909090909705,0.005,True,0.7272727272727273,1.45976725418769,1.6993624874175148,0.9000667333494374,0.9930156293592752,consistent-but-unverified:all N bidders,consistent-but-unverified:successful S bidders,unknown,unknown
emission-spot-primary-market-auction-report-2021-data.xlsx,Primary Market Auction,102,2021-08-10,2021-08-10 00:00:00,2021-08-10 11:00:26.751000,Auction 4. Period CAP3 EU,T3PA,successful,EU,1644500.0,3537500.0,70.0,31.0,3.33,50536.0,168452.0,202144.0,96735.0,160960.0,2.15,21.0,17.0,True,,True,-0.38095238094683737,0.5238095238095238,True,-0.2941176470631035,0.5294117647058824,True,18425.476190476184,0.5238095238095238,False,-0.0011097598054119473,0.005000958075528683,True,0.285714285717404,0.5071428571428571,True,-0.0033333333333334103,0.005,True,0.8095238095238095,1.2000094982546956,1.6639272238589962,0.7884616777434482,0.9798014339337415,consistent-but-unverified:all N bidders,consistent-but-unverified:successful S bidders,unknown,unknown
emission-spot-primary-market-auction-report-2021-data.xlsx,Primary Market Auction,103,2021-08-09,2021-08-09 00:00:00,2021-08-09 11:00:32.622000,Auction 4. Period CAP3 EU,T3PA,successful,EU,1644500.0,4329000.0,80.0,35.0,3.33,54113.0,180375.0,318299.0,86553.0,134352.0,2.63,24.0,19.0,True,,True,0.0,0.5208333333333334,True,0.3684210526262177,0.5263157894736842,True,18032.16666666667,0.5208333333333334,False,-0.0024110671936758976,0.005001104412243102,True,0.5,0.50625,True,-0.0033333333333334103,0.005,True,0.7916666666666666,1.7646514206514206,1.5522512217947384,1.0169145585465005,0.9369758017796711,consistent-but-unverified:all N bidders,consistent-but-unverified:successful S bidders,unknown,unknown
emission-spot-primary-market-auction-report-2021-data.xlsx,Primary Market Auction,104,2021-08-06,2021-08-06 00:00:00,2021-08-06 11:00:40.073000,Auction 4. Period DE,T3PA,successful,DE,1325500.0,2961000.0,65.0,20.0,3.61,45554.0,164500.0,261561.0,110458.0,298984.0,2.23,18.0,12.0,True,,True,0.0,0.5277777777777778,True,-0.3333333333284827,0.5416666666666666,True,36819.11111111111,0.5277777777777778,False,-0.0038740098076197604,0.005001219869804776,True,0.1538461538439151,0.5076923076923077,True,-0.0011111111111112848,0.005,True,0.6666666666666666,1.5900364741641337,2.7067663727389597,0.9516719583011409,1.3101598989127747,consistent-but-unverified:all N bidders,consistent-but-unverified:successful S bidders,unknown,unknown
emission-spot-primary-market-auction-report-2021-data.xlsx,Primary Market Auction,105,2021-08-05,2021-08-05 00:00:00,2021-08-05 11:00:40.322000,Auction 4. Period CAP3 EU,T3PA,successful,EU,1644500.0,3904500.0,83.0,25.0,3.77,47042.0,177477.0,237355.0,102781.0,175356.0,2.37,22.0,16.0,True,,True,-0.27272727273521014,0.5227272727272727,True,-0.25,0.53125,True,28031.0,0.5227272727272727,False,-0.004277896017026439,0.005001025928433537,True,-0.1686746987979859,0.5060240963855421,True,-0.0027272727272729114,0.005,True,0.7272727272727273,1.337384562506691,1.7061129975384555,0.849032595937349,0.9955132870210417,consistent-but-unverified:all N bidders,consistent-but-unverified:successful S bidders,unknown,unknown
emission-spot-primary-market-auction-report-2021-data.xlsx,Primary Market Auction,106,2021-08-04,2021-08-04 00:00:00,2021-08-04 11:00:38.920000,Auction 4. Period CAP3 PL,T3PA,successful,PL,1287500.0,4650000.0,72.0,6.0,3.13,64583.0,202174.0,373218.0,257500.0,373256.0,3.61,23.0,5.0,True,,True,0.08695652172900736,0.5217391304347826,True,0.0,0.6,True,201521.73913043478,0.5217391304347826,False,-0.0016504854368935007,0.005001790932772046,True,-0.33333333333575865,0.5069444444444444,True,-0.0004347826086958939,0.005,True,0.21739130434782608,1.8460237221403346,1.44953786407767,1.0459228348895406,0.8958993798572696,consistent-but-unverified:all N bidders,consistent-but-unverified:successful S bidders,unknown,unknown
emission-spot-primary-market-auction-report-2021-data.xlsx,Primary Market Auction,107,2021-08-03,2021-08-03 00:00:00,2021-08-03 11:00:45.567000,Auction 4. Period CAP3 EU,T3PA,successful,EU,1644500.0,5322500.0,71.0,21.0,3.74,74965.0,280132.0,483242.0,149500.0,282858.0,3.24,19.0,11.0,True,,True,0.42105263157282025,0.5263157894736842,True,0.0,0.5454545454545454,True,62947.368421052626,0.5263157894736842,False,0.0034539373669808526,0.005001288095787986,True,0.21126760562765412,0.5070422535211268,True,0.0031578947368422483,0.005,True,0.5789473684210527,1.7250510473633858,1.8920267558528427,1.0024871609171366,1.061957555931745,consistent-but-unverified:all N bidders,consistent-but-unverified:successful S bidders,unknown,unknown
emission-spot-primary-market-auction-report-2021-data.xlsx,Primary Market Auction,108,2021-08-02,2021-08-02 00:00:00,2021-08-02 11:00:48.847000,Auction 4. Period CAP3 EU,T3PA,successful,EU,1644500.0,2971500.0,69.0,24.0,3.83,43065.0,165083.0,260758.0,126500.0,268618.0,1.81,18.0,13.0,True,,True,-0.3333333333430346,0.5277777777777778,True,0.0,0.5384615384615384,True,35138.88888888889,0.5277777777777778,False,0.0030678017634540033,0.005000853430449263,True,-0.21739130434434628,0.5072463768115942,True,-0.0033333333333334103,0.005,True,0.7222222222222222,1.5795569501402325,2.123462450592885,0.9476176594352947,1.1389421462985923,consistent-but-unverified:all N bidders,consistent-but-unverified:successful S bidders,unknown,unknown
emission-spot-primary-market-auction-report-2021-data.xlsx,Primary Market Auction,109,2021-07-30,2021-07-30 00:00:00,2021-07-30 11:00:39.816000,Auction 4. Period DE,T3PA,successful,DE,2651000.0,4045000.0,74.0,37.0,3.36,54662.0,183864.0,297889.0,147278.0,317254.0,1.53,22.0,18.0,True,,True,0.36363636364694685,0.5227272727272727,True,0.22222222221898846,0.5277777777777778,True,26778.0,0.5227272727272727,False,0.004160694077706584,0.005000476393737026,True,-0.1621621621598024,0.5067567567567568,True,-0.003636363636363882,0.005,True,0.8181818181818182,1.6201594656920333,2.1541167044636675,0.9632351806887722,1.1487084899056432,consistent-but-unverified:all N bidders,consistent-but-unverified:successful S bidders,unknown,unknown
emission-spot-primary-market-auction-report-2021-data.xlsx,Primary Market Auction,110,2021-07-29,2021-07-29 00:00:00,2021-07-29 11:00:35.789000,Auction 4. Period CAP3 EU,T3PA,successful,EU,3288500.0,4752500.0,81.0,39.0,3.68,58673.0,216023.0,337862.0,164425.0,288013.0,1.45,22.0,20.0,True,,True,0.27272727273521014,0.5227272727272727,True,0.0,0.525,True,14947.727272727265,0.5227272727272727,False,0.0048122244184278795,0.00500037177862176,True,0.16049382716300897,0.5061728395061729,True,-0.0018181818181814968,0.005,True,0.9090909090909091,1.5640093878892525,1.7516375247073133,0.941572200474986,1.012196197990352,consistent-but-unverified:all N bidders,consistent-but-unverified:successful S bidders,unknown,unknown
emission-spot-primary-market-auction-report-2021-data.xlsx,Primary Market Auction,111,2021-07-28,2021-07-28 00:00:00,2021-07-28 11:00:31.527000,Auction 4. Period CAP3 PL,T3PA,successful,PL,2575000.0,4487500.0,72.0,27.0,3.43,62326.0,213690.0,286003.0,160938.0,243020.0,1.74,21.0,16.0,True,,True,-0.4761904761835467,0.5238095238095238,True,0.5,0.53125,True,38318.95238095238,0.5238095238095238,False,-0.0027184466019416487,0.0050005325667543685,True,-0.38888888889050577,0.5069444444444444,True,0.0014285714285717788,0.005,True,0.7619047619047619,1.3384014226215546,1.5100224931340018,0.8494675431886255,0.9202917145115082,consistent-but-unverified:all N bidders,consistent-but-unverified:successful S bidders,unknown,unknown
emission-spot-primary-market-auction-report-2021-data.xlsx,Primary Market Auction,112,2021-07-27,2021-07-27 00:00:00,2021-07-27 11:00:33.165000,Auction 4. Period CAP3 EU,T3PA,successful,EU,3288500.0,4117500.0,73.0,48.0,3.65,56404.0,205875.0,314841.0,182694.0,287701.0,1.25,20.0,18.0,True,,True,0.0,0.525,True,-0.4444444444379769,0.5277777777777778,True,18269.0,0.525,False,-0.0020906188231717415,0.005000342419159069,True,-0.10958904109429568,0.5068493150684932,True,0.0,0.005,True,0.9,1.5292823315118398,1.574769833711014,0.9279355990652917,0.9457601451540288,consistent-but-unverified:all N bidders,consistent-but-unverified:successful S bidders,unknown,unknown
emission-spot-primary-market-auction-report-2021-data.xlsx,Primary Market Auction,113,2021-07-26,2021-07-26 00:00:00,2021-07-26 11:00:38.881000,Auction 4. Period CAP3 EU,T3PA,successful,EU,3288500.0,5401500.0,84.0,37.0,3.36,64304.0,216060.0,329336.0,182694.0,301737.0,1.64,25.0,18.0,True,,True,0.0,0.52,True,-0.4444444444379769,0.5277777777777778,True,51154.0,0.52,False,-0.002542192488976802,0.005000401785379691,True,0.428571428572468,0.5059523809523809,True,0.0,0.005,True,0.72,1.5242802925113395,1.6515977536208086,0.9259559894290148,0.9751623842059839,consistent-but-unverified:all N bidders,consistent-but-unverified:successful S bidders,unknown,unknown
emission-spot-primary-market-auction-report-2021-data.xlsx,Primary Market Auction,114,2021-07-23,2021-07-23 00:00:00,2021-07-23 11:00:44.017000,Auction 4. Period DE,T3PA,successful,DE,2651000.0,3792500.0,69.0,38.0,2.76,54964.0,151700.0,194226.0,132550.0,181002.0,1.43,25.0,20.0,True,,True,0.0,0.52,True,0.0,0.525,True,26510.0,0.52,False,-0.0005922293474160956,0.00500045842936612,True,0.23188405796827283,0.5072463768115942,True,0.0,0.005,True,0.8,1.2803295978905735,1.3655375330064128,0.824319992996812,0.8610052828016638,consistent-but-unverified:all N bidders,consistent-but-unverified:successful S bidders,unknown,unknown
emission-spot-primary-market-auction-report-2021-data.xlsx,Primary Market Auction,115,2021-07-22,2021-07-22 00:00:00,2021-07-22 11:00:33.840000,Auction 4. Period CAP3 EU,T3PA,successful,EU,3288500.0,4444000.0,87.0,45.0,3.22,51080.0,164593.0,246777.0,142978.0,221464.0,1.35,27.0,23.0,True,,True,0.40740740741603076,0.5185185185185185,True,-0.2608695652161259,0.5217391304347826,True,21181.703703703708,0.5185185185185185,False,-0.0013760072981601201,0.005000357515008783,True,-0.4597701149396016,0.5057471264367817,True,-0.0022222222222221255,0.005,True,0.8518518518518519,1.4993164958412568,1.5489375987914225,0.9160172928296094,0.935676644431875,consistent-but-unverified:all N bidders,consistent-but-unverified:successful S bidders,unknown,unknown
emission-spot-primary-market-auction-report-2021-data.xlsx,Primary Market Auction,116,2021-07-21,2021-07-21 00:00:00,2021-07-21 11:00:31.109000,Auction 4. Period CAP3 PL,T3PA,successful,PL,2575000.0,3943500.0,85.0,31.0,3.15,46394.0,146056.0,203694.0,135526.0,197856.0,1.53,27.0,19.0,True,,True,0.4444444444379769,0.5185185185185185,True,-0.3157894736796152,0.5263157894736842,True,40155.629629629635,0.5185185185185185,False,-0.0014563106796117165,0.005000491544972437,True,-0.1176470588252414,0.5058823529411764,True,0.0018518518518515492,0.005,True,0.7037037037037037,1.3946294571945008,1.4599117512506825,0.8732285037343814,0.9001254758254706,consistent-but-unverified:all N bidders,consistent-but-unverified:successful S bidders,unknown,unknown
emission-spot-primary-market-auction-report-2021-data.xlsx,Primary Market Auction,117,2021-07-20,2021-07-20 00:00:00,2021-07-20 11:00:31.386000,Auction 4. Period CAP3 EU,T3PA,successful,EU,3288500.0,3526000.0,75.0,63.0,3.0,47013.0,141040.0,208984.0,137021.0,205915.0,1.07,25.0,24.0,True,,True,0.0,0.52,True,0.1666666666569654,0.5208333333333334,True,5481.0,0.52,False,-0.002221377527748203,0.0050003150709351605,True,-0.33333333333575865,0.5066666666666667,True,0.0,0.005,True,0.96,1.4817356778218944,1.502798841053561,0.9089581854715031,0.9174096420820157,consistent-but-unverified:all N bidders,consistent-but-unverified:successful S bidders,unknown,unknown
emission-spot-primary-market-auction-report-2021-data.xlsx,Primary Market Auction,118,2021-07-19,2021-07-19 00:00:00,2021-07-19 11:00:32.530000,Auction 4. Period CAP3 EU,T3PA,successful,EU,3288500.0,4716500.0,71.0,22.0,2.96,66430.0,196521.0,269462.0,234893.0,252968.0,1.43,24.0,14.0,True,,True,0.1666666666569654,0.5208333333333334,True,0.14285714286961593,0.5357142857142857,True,97872.16666666666,0.5208333333333334,False,-0.004240535198418716,0.005000370114148284,True,0.42253521126986016,0.5070422535211268,True,0.0016666666666664831,0.005,True,0.5833333333333334,1.3711613517130485,1.0769499303938388,0.8633798569454068,0.7309004379080931,consistent-but-unverified:all N bidders,consistent-but-unverified:successful S bidders,unknown,unknown
emission-spot-primary-market-auction-report-2021-data.xlsx,Primary Market Auction,119,2021-07-16,2021-07-16 00:00:00,2021-07-16 11:00:36.714000,Auction 4. Period DE,T3PA,successful,DE,2651000.0,3771500.0,66.0,34.0,2.75,57144.0,157146.0,290593.0,165688.0,301470.0,1.42,24.0,16.0,True,,True,0.1666666666569654,0.5208333333333334,True,0.5,0.53125,True,55229.66666666667,0.5208333333333334,False,-0.0026706903055451203,0.005000456935299629,True,0.060606060607824475,0.5075757575757576,True,0.0,0.005,True,0.6666666666666666,1.849191197994222,1.8195041282410314,1.0470351638270408,1.0365610284388926,consistent-but-unverified:all N bidders,consistent-but-unverified:successful S bidders,unknown,unknown
emission-spot-primary-market-auction-report-2021-data.xlsx,Primary Market Auction,120,2021-07-15,2021-07-15 00:00:00,2021-07-15 11:00:53.172000,Auction 4. Period CAP3 EU,T3PA,successful,EU,3288500.0,4689000.0,97.0,45.0,3.73,48340.0,180346.0,288926.0,149477.0,233302.0,1.43,26.0,22.0,True,,True,-0.1538461538439151,0.5192307692307693,True,-0.27272727273521014,0.5227272727272727,True,22996.230769230766,0.5192307692307693,False,0.004121940094267806,0.005000368842675491,True,-0.20618556701083435,0.5051546391752577,True,-0.0007692307692308553,0.005,True,0.8461538461538461,1.602064919654442,1.5607886163088636,0.9563053296846971,0.940315264298462,consistent-but-unverified:all N bidders,consistent-but-unverified:successful S bidders,unknown,unknown
emission-spot-primary-market-auction-report-2021-data.xlsx,Primary Market Auction,121,2021-07-14,2021-07-14 00:00:00,2021-07-14 11:00:36.973000,Auction 4. Period CAP3 PL,T3PA,successful,PL,2575000.0,4064500.0,75.0,32.0,3.26,54193.0,176717.0,295879.0,143056.0,239426.0,1.58,23.0,18.0,True,,True,-0.3913043478387408,0.5217391304347826,True,0.4444444444379769,0.5277777777777778,True,31099.478260869568,0.5217391304347826,False,0.0015533980582524975,0.00500050066930261,True,-0.33333333333575865,0.5066666666666667,True,-0.0008695652173913437,0.005,True,0.782608695652174,1.6743097721215277,1.6736522760317638,0.983691317939283,0.9834454313427977,consistent-but-unverified:all N bidders,consistent-but-unverified:successful S bidders,unknown,unknown
emission-spot-primary-market-auction-report-2021-data.xlsx,Primary Market Auction,122,2021-07-13,2021-07-13 00:00:00,2021-07-13 11:00:36.883000,Auction 4. Period CAP3 EU,T3PA,successful,EU,3288500.0,5136000.0,93.0,33.0,3.32,55226.0,183429.0,305781.0,164425.0,281276.0,1.56,28.0,20.0,True,,True,0.42857142857974395,0.5178571428571429,True,0.0,0.525,True,46978.571428571435,0.5178571428571429,False,-0.0018062946632202426,0.00500038950988781,True,0.19354838709841715,0.5053763440860215,True,-0.0014285714285717788,0.005,True,0.7142857142857143,1.667026478910096,1.7106644366732553,0.9809641735008336,0.9971937844242342,consistent-but-unverified:all N bidders,consistent-but-unverified:successful S bidders,unknown,unknown
emission-spot-primary-market-auction-report-2021-data.xlsx,Primary Market Auction,123,2021-07-12,2021-07-12 00:00:00,2021-07-12 11:00:26.428000,Auction 4. Period CAP3 EU,T3PA,successful,EU,3288500.0,6396000.0,93.0,52.0,3.44,68774.0,236889.0,621240.0,142978.0,253748.0,1.94,27.0,23.0,True,,True,0.11111111112404615,0.5185185185185185,True,-0.2608695652161259,0.5217391304347826,True,21181.703703703708,0.5185185185185185,False,-0.004959708073589919,0.005000447766459449,True,-0.1935483870911412,0.5053763440860215,True,-0.004444444444444695,0.005,True,0.8518518518518519,2.622494079505591,1.7747345745499308,1.2871627608443783,1.0205550938129229,consistent-but-unverified:all N bidders,consistent-but-unverified:successful S bidders,unknown,unknown
emission-spot-primary-market-auction-report-2021-data.xlsx,Primary Market Auction,124,2021-07-09,2021-07-09 00:00:00,2021-07-09 11:00:29.442000,Auction 4. Period DE,T3PA,successful,DE,2651000.0,4170000.0,62.0,17.0,3.26,67258.0,219474.0,398864.0,241000.0,440109.0,1.57,19.0,11.0,True,,True,0.3157894736796152,0.5263157894736842,True,0.0,0.5454545454545454,True,101473.68421052632,0.5263157894736842,False,-0.0029913240286683074,0.005000485286989949,True,-0.0645161290303804,0.5080645161290323,True,-0.0031578947368422483,0.005,True,0.5789473684210527,1.8173633323309366,1.8261784232365146,1.035801459040465,1.0389254185879757,consistent-but-unverified:all N bidders,consistent-but-unverified:successful S bidders,unknown,unknown
emission-spot-primary-market-auction-report-2021-data.xlsx,Primary Market Auction,125,2021-07-08,2021-07-08 00:00:00,2021-07-08 11:00:44.712000,Auction 4. Period CAP3 EU,T3PA,successful,EU,3288500.0,5067500.0,91.0,42.0,3.5,55687.0,194904.0,327952.0,173079.0,297134.0,1.54,26.0,19.0,True,,True,0.1538461538439151,0.5192307692307693,True,0.052631578961154446,0.5263157894736842,True,46598.230769230766,0.5192307692307693,False,-0.000976128934164544,0.00500038634276467,True,0.18681318681046832,0.5054945054945055,True,0.0,0.005,True,0.7307692307692307,1.682633501621311,1.7167536211787682,0.9867989618971407,0.9994376458682886,consistent-but-unverified:all N bidders,consistent-but-unverified:successful S bidders,unknown,unknown
emission-spot-primary-market-auction-report-2021-data.xlsx,Primary Market Auction,127,2021-07-07,2021-07-07 00:00:00,2021-07-07 11:00:42.697000,Auction 4. Period CAP3 PL,T3PA,successful,PL,2575000.0,4149500.0,93.0,41.0,3.72,44618.0,165980.0,211783.0,128750.0,169923.0,1.61,25.0,20.0,True,,True,0.0,0.52,True,0.0,0.525,True,25750.0,0.52,False,-0.0014563106796114944,0.005000507078956036,True,-0.279569892474683,0.5053763440860215,True,0.0,0.005,True,0.8,1.2759549343294372,1.319790291262136,0.8223997156855575,0.8414767898952877,consistent-but-unverified:all N bidders,consistent-but-unverified:successful S bidders,unknown,unknown
emission-spot-primary-market-auction-report-2021-data.xlsx,Primary Market Auction,128,2021-07-06,2021-07-06 00:00:00,2021-07-06 11:00:37.125000,Auction 4. Period CAP3 EU,T3PA,successful,EU,3288500.0,4737500.0,79.0,38.0,3.04,59968.0,182212.0,310030.0,149477.0,262425.0,1.44,26.0,22.0,True,,True,0.46153846153174527,0.5192307692307693,True,-0.27272727273521014,0.5227272727272727,True,22996.230769230766,0.5192307692307693,False,-0.0006264254219250365,0.005000371085091145,True,-0.35443037974619074,0.5063291139240507,True,0.0015384615384617106,0.005,True,0.8461538461538461,1.7014795951968038,1.7556212661479693,0.9937996211351292,1.0136429221363483,consistent-but-unverified:all N bidders,consistent-but-unverified:successful S bidders,unknown,unknown
emission-spot-primary-market-auction-report-2021-data.xlsx,Primary Market Auction,129,2021-07-05,2021-07-05 00:00:00,2021-07-05 11:00:25.326000,Auction 4. Period CAP3 EU,T3PA,successful,EU,3288500.0,4306000.0,76.0,42.0,3.17,56658.0,179417.0,321226.0,156595.0,310542.0,1.31,24.0,21.0,True,,True,0.3333333333430346,0.5208333333333334,True,-0.23809523810632527,0.5238095238095238,True,19574.166666666657,0.5208333333333334,False,0.0005884141705945201,0.005000351134527127,True,0.10526315789320506,0.506578947368421,True,0.0033333333333334103,0.005,True,0.875,1.7903877558982706,1.9830901369775535,1.0261805667850634,1.0929597219643084,consistent-but-unverified:all N bidders,consistent-but-unverified:successful S bidders,unknown,unknown
emission-spot-primary-market-auction-report-2021-data.xlsx,Primary Market Auction,130,2021-07-02,2021-07-02 00:00:00,2021-07-02 11:00:24.713000,Auction 4. Period DE,T3PA,successful,DE,2651000.0,3735000.0,82.0,41.0,3.15,45549.0,143654.0,190206.0,126238.0,177246.0,1.41,26.0,21.0,True,,True,0.1538461538439151,0.5192307692307693,True,-0.09523809523670934,0.5238095238095238,True,24276.46153846153,0.5192307692307693,False,0.0010976989815163485,0.005000454338469775,True,0.21951219512266107,0.5060975609756098,True,-0.0038461538461538325,0.005,True,0.8076923076923077,1.324056413326465,1.4040621682853023,0.8433141129319113,0.8771598766902112,consistent-but-unverified:all N bidders,consistent-but-unverified:successful S bidders,unknown,unknown
emission-spot-primary-market-auction-report-2021-data.xlsx,Primary Market Auction,131,2021-07-01,2021-07-01 00:00:00,2021-07-01 11:01:34.725000,Auction 4. Period CAP3 EU,T3PA,successful,EU,3288500.0,4736000.0,82.0,31.0,3.04,57756.0,175407.0,252919.0,156595.0,207536.0,1.44,27.0,21.0,True,,True,-0.40740740741603076,0.5185185185185185,True,-0.23809523810632527,0.5238095238095238,True,34798.70370370371,0.5185185185185185,False,-0.00017029040596017175,0.0050003710157380836,True,-0.09756097561330535,0.5060975609756098,True,0.002962962962962834,0.005,True,0.7777777777777778,1.4418979858272476,1.3253041284843066,0.8927755999704028,0.8438508384349451,consistent-but-unverified:all N bidders,consistent-but-unverified:successful S bidders,unknown,unknown
emission-spot-primary-market-auction-report-2021-data.xlsx,Primary Market Auction,132,2021-06-30,2021-06-30 00:00:00,2021-06-30 11:00:45.078000,Auction 4. Period CAP3 PL,T3PA,successful,PL,2575000.0,3242000.0,70.0,45.0,2.69,46314.0,124692.0,189930.0,128750.0,205835.0,1.26,26.0,20.0,True,,True,-0.3076923076878302,0.5192307692307693,True,0.0,0.525,True,29711.53846153847,0.5192307692307693,False,0.000970873786407811,0.005000438646479745,True,-0.285714285717404,0.5071428571428571,True,-0.002307692307692566,0.005,True,0.7692307692307693,1.5231931479164662,1.5987184466019417,0.9255252215906042,0.9550184183566592,consistent-but-unverified:all N bidders,consistent-but-unverified:successful S bidders,unknown,unknown
emission-spot-primary-market-auction-report-2021-data.xlsx,Primary Market Auction,133,2021-06-29,2021-06-29 00:00:00,2021-06-29 11:00:30.337000,Auction 4. Period CAP3 EU,T3PA,successful,EU,3290000.0,4338500.0,85.0,43.0,3.4,51041.0,173540.0,316703.0,164500.0,328567.0,1.32,25.0,20.0,True,,True,0.0,0.52,True,0.0,0.525,True,32900.0,0.52,False,0.0013069908814591358,0.005000352384986251,True,-0.1764705882378621,0.5058823529411764,True,0.0,0.005,True,0.8,1.8249567822980293,1.9973677811550152,1.0384930661798015,1.0977344972402536,consistent-but-unverified:all N bidders,consistent-but-unverified:successful S bidders,unknown,unknown
emission-spot-primary-market-auction-report-2021-data.xlsx,Primary Market Auction,134,2021-06-28,2021-06-28 00:00:00,2021-06-28 11:00:38.895000,Auction 4. Period CAP3 EU,T3PA,successful,EU,3288500.0,4190000.0,90.0,43.0,3.21,46556.0,149643.0,251001.0,156595.0,240602.0,1.27,28.0,21.0,True,,True,0.14285714286961593,0.5178571428571429,True,-0.23809523810632527,0.5238095238095238,True,39148.571428571435,0.5178571428571429,False,-0.0041371445947999685,0.005000345771223707,True,0.4444444444452529,0.5055555555555555,True,-0.004285714285714448,0.005,True,0.75,1.6773320502796656,1.536460295667167,0.9848207950529363,0.9307695247056302,consistent-but-unverified:all N bidders,consistent-but-unverified:successful S bidders,unknown,unknown
emission-spot-primary-market-auction-report-2021-data.xlsx,Primary Market Auction,135,2021-06-25,2021-06-25 00:00:00,2021-06-25 11:00:43.133000,Auction 4. Period DE,T3PA,successful,DE,2651000.0,5054000.0,77.0,21.0,2.85,65636.0,187185.0,321796.0,189357.0,333147.0,1.91,27.0,14.0,True,,True,-0.1851851851970423,0.5185185185185185,True,-0.14285714286961593,0.5357142857142857,True,91171.81481481482,0.5185185185185185,False,0.003549603923047817,0.005000548180074623,True,-0.36363636363239493,0.5064935064935064,True,-0.0018518518518515492,0.005,True,0.5185185185185185,1.7191334775756604,1.7593593054389327,1.000313255131582,1.0149985170708626,consistent-but-unverified:all N bidders,consistent-but-unverified:successful S bidders,unknown,unknown
emission-spot-primary-market-auction-report-2021-data.xlsx,Primary Market Auction,136,2021-06-24,2021-06-24 00:00:00,2021-06-24 11:00:33.442000,Auction 4. Period CAP3 EU,T3PA,successful,EU,3288500.0,4999000.0,84.0,31.0,3.11,59512.0,185148.0,302982.0,156595.0,283512.0,1.52,27.0,21.0,True,,True,-0.1481481481459923,0.5185185185185185,True,-0.23809523810632527,0.5238095238095238,True,34798.70370370371,0.5185185185185185,False,-0.00014596320510862348,0.005000383175641529,True,0.09523809523670934,0.5059523809523809,True,-0.0011111111111112848,0.005,True,0.7777777777777778,1.6364313954242011,1.8104792617899677,0.9694262585704482,1.0333550245998093,consistent-but-unverified:all N bidders,consistent-but-unverified:successful S bidders,unknown,unknown
emission-spot-primary-market-auction-report-2021-data.xlsx,Primary Market Auction,137,2021-06-23,2021-06-23 00:00:00,2021-06-23 11:00:30.735000,Auction 4. Period CAP3 PL,T3PA,successful,PL,2575000.0,3500000.0,74.0,36.0,3.08,47297.0,145833.0,188737.0,151471.0,201255.0,1.36,24.0,17.0,True,,True,-0.3333333333430346,0.5208333333333334,True,0.411764705873793,0.5294117647058824,True,44179.33333333333,0.5208333333333334,False,0.0007766990291262488,0.005000458101663087,True,-0.297297297300247,0.5067567567567568,True,-0.0033333333333334103,0.005,True,0.7083333333333334,1.2941995295989248,1.328670174488846,0.8303839938257471,0.8452973640804887,consistent-but-unverified:all N bidders,consistent-but-unverified:successful S bidders,unknown,unknown
emission-spot-primary-market-auction-report-2021-data.xlsx,Primary Market Auction,138,2021-06-22,2021-06-22 00:00:00,2021-06-22 11:00:37.132000,Auction 4. Period CAP3 EU,T3PA,successful,EU,3288500.0,4365500.0,84.0,40.0,3.11,51970.0,161685.0,240929.0,149477.0,218318.0,1.33,27.0,22.0,True,,True,-0.1851851851970423,0.5185185185185185,True,-0.27272727273521014,0.5227272727272727,True,27680.703703703708,0.5185185185185185,False,0.0024950585373271217,0.0050003538855318995,True,-0.23809523809177335,0.5059523809523809,True,-0.0011111111111112848,0.005,True,0.8148148148148148,1.4901134922843802,1.4605457695832804,0.9123282886685894,0.9003831828917027,consistent-but-unverified:all N bidders,consistent-but-unverified:successful S bidders,unknown,unknown
emission-spot-primary-market-auction-report-2021-data.xlsx,Primary Market Auction,139,2021-06-21,2021-06-21 00:00:00,2021-06-21 11:00:47.998000,Auction 4. Period CAP3 EU,T3PA,successful,EU,3288500.0,4850500.0,85.0,29.0,3.04,57065.0,173232.0,268762.0,193441.0,241843.0,1.47,28.0,17.0,True,,True,-0.14285714286961593,0.5178571428571429,True,-0.1764705882233102,0.5294117647058824,True,75994.57142857143,0.5178571428571429,False,-0.004988596624600827,0.005000376309688442,True,0.29411764705582755,0.5058823529411764,True,0.004285714285714448,0.005,True,0.6071428571428571,1.551457005634063,1.2502158280819475,0.9366645707563857,0.8110261352079319,consistent-but-unverified:all N bidders,consistent-but-unverified:successful S bidders,unknown,unknown
emission-spot-primary-market-auction-report-2021-data.xlsx,Primary Market Auction,140,2021-06-18,2021-06-18 00:00:00,2021-06-18 11:01:02.599000,Auction 4. Period DE,T3PA,successful,DE,2651000.0,3749000.0,83.0,32.0,2.96,45169.0,133893.0,210714.0,132550.0,220068.0,1.41,28.0,20.0,True,,True,0.14285714286961593,0.5178571428571429,True,0.0,0.525,True,37871.428571428565,0.5178571428571429,False,-0.004183327046397567,0.005000455334514103,True,0.32530120482260827,0.5060240963855421,True,-0.004285714285714448,0.005,True,0.7142857142857143,1.5737491877842755,1.6602640513013958,0.9453636637830374,0.9784253852734645,consistent-but-unverified:all N bidders,consistent-but-unverified:successful S bidders,unknown,unknown
emission-spot-primary-market-auction-report-2021-data.xlsx,Primary Market Auction,141,2021-06-17,2021-06-17 00:00:00,2021-06-17 11:00:29.492000,Auction 4. Period CAP3 EU,T3PA,successful,EU,3288500.0,4528500.0,85.0,36.0,3.04,53276.0,161732.0,248912.0,149477.0,240216.0,1.38,28.0,22.0,True,,True,-0.14285714286961593,0.5178571428571429,True,-0.27272727273521014,0.5227272727272727,True,32030.571428571435,0.5178571428571429,False,0.00292838680249341,0.005000361421897913,True,-0.47058823529368965,0.5058823529411764,True,0.004285714285714448,0.005,True,0.7857142857142857,1.53903989315658,1.6070432240411567,0.9317860147521513,0.9582167148066901,consistent-but-unverified:all N bidders,consistent-but-unverified:successful S bidders,unknown,unknown
emission-spot-primary-market-auction-report-2021-data.xlsx,Primary Market Auction,142,2021-06-16,2021-06-16 00:00:00,2021-06-16 11:00:33.928000,Auction 4. Period CAP3 PL,T3PA,successful,PL,2575000.0,3636500.0,87.0,42.0,3.22,41799.0,134685.0,251354.0,128750.0,258534.0,1.41,27.0,20.0,True,,True,-0.1851851851970423,0.5185185185185185,True,0.0,0.525,True,33379.629629629635,0.5185185185185185,False,-0.0022330097087379652,0.005000468394812414,True,0.149425287359918,0.5057471264367817,True,-0.0022222222222221255,0.005,True,0.7407407407407407,1.866236032223336,2.008031067961165,1.052999681989559,1.1012857344787916,consistent-but-unverified:all N bidders,consistent-but-unverified:successful S bidders,unknown,unknown
emission-spot-primary-market-auction-report-2021-data.xlsx,Primary Market Auction,143,2021-06-15,2021-06-15 00:00:00,2021-06-15 11:00:26.853000,Auction 4. Period CAP3 EU,T3PA,successful,EU,3288500.0,4365500.0,84.0,42.0,3.36,51970.0,174620.0,275356.0,156595.0,247518.0,1.33,25.0,21.0,True,,True,0.0,0.52,True,-0.23809523810632527,0.5238095238095238,True,25055.0,0.52,False,0.0024950585373271217,0.0050003538855318995,True,-0.23809523809177335,0.5059523809523809,True,0.0,0.005,True,0.84,1.5768869545298363,1.5806251796034356,0.9465820636260978,0.9480316872550902,consistent-but-unverified:all N bidders,consistent-but-unverified:successful S bidders,unknown,unknown
emission-spot-primary-market-auction-report-2021-data.xlsx,Primary Market Auction,144,2021-06-14,2021-06-14 00:00:00,2021-06-14 11:00:48.312000,Auction 4. Period CAP3 EU,T3PA,successful,EU,3288500.0,5661000.0,86.0,36.0,3.31,65826.0,217731.0,428752.0,182694.0,269647.0,1.72,26.0,18.0,True,,True,0.23076923078042455,0.5192307692307693,True,-0.4444444444379769,0.5277777777777778,True,56213.230769230766,0.5192307692307693,False,-0.001453550250874347,0.0050004137834593265,True,0.4186046511604218,0.5058139534883721,True,0.002307692307692566,0.005,True,0.6923076923076923,1.969182155963092,1.4759488543685069,1.088286546531184,0.9066236980534698,consistent-but-unverified:all N bidders,consistent-but-unverified:successful S bidders,unknown,unknown
emission-spot-primary-market-auction-report-2021-data.xlsx,Primary Market Auction,145,2021-06-11,2021-06-11 00:00:00,2021-06-11 11:01:16.751000,Auction 4. Period DE,T3PA,successful,DE,2651000.0,4255000.0,75.0,39.0,3.0,56733.0,170200.0,306434.0,132550.0,191271.0,1.61,25.0,20.0,True,,True,0.0,0.52,True,0.0,0.525,True,26510.0,0.52,False,0.004945303658996814,0.005000491334401937,True,-0.33333333333575865,0.5066666666666667,True,0.0,0.005,True,0.8,1.8004347826086957,1.443010184835911,1.0297746846296496,0.8932309612541874,consistent-but-unverified:all N bidders,consistent-but-unverified:successful S bidders,unknown,unknown
emission-spot-primary-market-auction-report-2021-data.xlsx,Primary Market Auction,146,2021-06-10,2021-06-10 00:00:00,2021-06-10 11:00:52.798000,Auction 4. Period CAP3 EU,T3PA,successful,EU,3288500.0,4777500.0,96.0,37.0,3.31,49766.0,164741.0,245848.0,164425.0,249902.0,1.45,29.0,20.0,True,,True,-0.37931034484063275,0.5172413793103449,True,0.0,0.525,True,51028.44827586207,0.5172413793103449,False,-0.0027900258476509787,0.005000372934506118,True,0.375,0.5052083333333334,True,-0.0003448275862067973,0.005,True,0.6896551724137931,1.492330385271426,1.5198540367948914,0.913218170496793,0.9242009779390045,consistent-but-unverified:all N bidders,consistent-but-unverified:successful S bidders,unknown,unknown
emission-spot-primary-market-auction-report-2021-data.xlsx,Primary Market Auction,147,2021-06-09,2021-06-09 00:00:00,2021-06-09 11:00:26.981000,Auction 4. Period CAP3 PL,T3PA,successful,PL,2575000.0,4263000.0,83.0,22.0,2.96,51361.0,152250.0,238758.0,198077.0,243486.0,1.66,28.0,13.0,True,,True,0.0,0.5178571428571429,True,0.07692307693650946,0.5384615384615384,True,106112.71428571429,0.5178571428571429,False,0.004466019417475708,0.005000515637728553,True,-0.44578313252713997,0.5060240963855421,True,-0.004285714285714448,0.005,True,0.4642857142857143,1.5681970443349753,1.2292492313595218,0.9432041135441054,0.8016648612350001,consistent-but-unverified:all N bidders,consistent-but-unverified:successful S bidders,unknown,unknown
emission-spot-primary-market-auction-report-2021-data.xlsx,Primary Market Auction,148,2021-06-08,2021-06-08 00:00:00,2021-06-08 11:00:29.652000,Auction 4. Period CAP3 EU,T3PA,successful,EU,3288500.0,4174500.0,90.0,60.0,3.46,46383.0,160558.0,291829.0,156595.0,252132.0,1.27,26.0,21.0,True,,True,0.3076923076878302,0.5192307692307693,True,-0.23809523810632527,0.5238095238095238,True,30114.230769230766,0.5192307692307693,False,0.0005762505701687459,0.005000345054575405,True,-0.33333333333575865,0.5055555555555555,True,-0.0015384615384617106,0.005,True,0.8076923076923077,1.8175923965171465,1.610089721894058,1.0358827601889953,0.9593845969483737,consistent-but-unverified:all N bidders,consistent-but-unverified:successful S bidders,unknown,unknown
emission-spot-primary-market-auction-report-2021-data.xlsx,Primary Market Auction,149,2021-06-07,2021-06-07 00:00:00,2021-06-07 11:01:09.208000,Auction 4. Period CAP3 EU,T3PA,successful,EU,3288500.0,5564000.0,98.0,79.0,3.77,56776.0,214000.0,389217.0,137021.0,188260.0,1.69,26.0,24.0,True,,True,0.0,0.5192307692307693,True,0.1666666666569654,0.5208333333333334,True,10540.230769230766,0.5192307692307693,False,-0.00195681921848867,0.005000409298628017,True,0.4897959183654166,0.5051020408163265,True,0.0007692307692308553,0.005,True,0.9230769230769231,1.8187710280373832,1.3739499784704534,1.0363009842986335,0.8645552253970192,consistent-but-unverified:all N bidders,consistent-but-unverified:successful S bidders,unknown,unknown
emission-spot-primary-market-auction-report-2021-data.xlsx,Primary Market Auction,150,2021-06-04,2021-06-04 00:00:00,2021-06-04 11:01:38.052000,Auction 4. Period DE,T3PA,successful,DE,2651000.0,4481500.0,71.0,35.0,3.23,63120.0,203705.0,320644.0,132550.0,209880.0,1.69,22.0,20.0,True,,True,0.45454545455868356,0.5227272727272727,True,0.0,0.525,True,12050.0,0.5227272727272727,False,-0.0004941531497548723,0.005000507448976234,True,0.2816901408441481,0.5070422535211268,True,0.0027272727272729114,0.005,True,0.9090909090909091,1.5740605287057263,1.583402489626556,0.9454846243231417,0.9491073245168528,consistent-but-unverified:all N bidders,consistent-but-unverified:successful S bidders,unknown,unknown
emission-spot-primary-market-auction-report-2021-data.xlsx,Primary Market Auction,151,2021-06-03,2021-06-03 00:00:00,2021-06-03 11:00:28.269000,Auction 4. Period CAP3 EU,T3PA,successful,EU,3288500.0,5760500.0,71.0,26.0,2.96,81134.0,240021.0,430552.0,182694.0,288654.0,1.75,24.0,18.0,True,,True,0.1666666666569654,0.5208333333333334,True,-0.4444444444379769,0.5277777777777778,True,45673.16666666666,0.5208333333333334,False,-0.0017105063098676876,0.00500041838387907,True,0.1971830985858105,0.5070422535211268,True,0.0016666666666664831,0.005,True,0.75,1.793809708317189,1.5799862064435615,1.0274061512559485,0.9477840525795295,consistent-but-unverified:all N bidders,consistent-but-unverified:successful S bidders,unknown,unknown
emission-spot-primary-market-auction-report-2021-data.xlsx,Primary Market Auction,152,2021-06-02,2021-06-02 00:00:00,2021-06-02 11:00:29.840000,Auction 4. Period CAP3 PL,T3PA,successful,PL,2575000.0,3932000.0,67.0,23.0,2.91,58687.0,170957.0,227694.0,160938.0,200638.0,1.53,23.0,16.0,True,,True,0.47826086956774816,0.5217391304347826,True,0.5,0.53125,True,48981.47826086957,0.5217391304347826,False,0.003009708737864214,0.005000490677784033,True,0.4328358208949794,0.5074626865671642,True,-0.003043478260869481,0.005,True,0.6956521739130435,1.3318787765344502,1.246678845269607,0.8466742845189426,0.8094530569845623,consistent-but-unverified:all N bidders,consistent-but-unverified:successful S bidders,unknown,unknown
emission-spot-primary-market-auction-report-2021-data.xlsx,Primary Market Auction,153,2021-06-01,2021-06-01 00:00:00,2021-06-01 11:00:30.731000,Auction 4. Period CAP3 EU,T3PA,successful,EU,3288500.0,4139500.0,68.0,46.0,3.09,60875.0,188159.0,311436.0,173079.0,315598.0,1.26,22.0,19.0,True,,True,-0.09090909091173671,0.5227272727272727,True,0.052631578961154446,0.5263157894736842,True,23601.727272727265,0.5227272727272727,False,0.0012194009426791386,0.005000343436337304,True,0.0,0.5073529411764706,True,-0.0009090909090909705,0.005,True,0.8636363636363636,1.6551746129603155,1.8234332299123521,0.976510420124648,1.0379536018654278,consistent-but-unverified:all N bidders,consistent-but-unverified:successful S bidders,unknown,unknown
emission-spot-primary-market-auction-report-2021-data.xlsx,Primary Market Auction,154,2021-05-28,2021-05-28 00:00:00,2021-05-28 11:00:41.588000,Auction 4. Period DE,T3PA,successful,DE,2651000.0,4312500.0,80.0,36.0,3.2,53906.0,172500.0,337055.0,139526.0,230291.0,1.63,25.0,19.0,True,,True,0.0,0.52,True,-0.3157894736796152,0.5263157894736842,True,33486.0,0.52,False,0.0032553753300639254,0.005000495425298282,True,-0.25,0.50625,True,0.0,0.005,True,0.76,1.9539420289855072,1.6505239166893626,1.0831405593348722,0.9747573248682695,consistent-but-unverified:all N bidders,consistent-but-unverified:successful S bidders,unknown,unknown
emission-spot-primary-market-auction-report-2021-data.xlsx,Primary Market Auction,155,2021-05-27,2021-05-27 00:00:00,2021-05-27 11:00:34.408000,Auction 4. Period CAP3 EU,T3PA,successful,EU,3288500.0,4850000.0,76.0,40.0,3.04,63816.0,194000.0,285720.0,149477.0,215715.0,1.47,25.0,22.0,True,,True,0.0,0.52,True,-0.27272727273521014,0.5227272727272727,True,17937.0,0.52,False,-0.004836551619279428,0.005000376286570756,True,0.21052631578641012,0.506578947368421,True,0.0,0.005,True,0.88,1.4727835051546392,1.4431317192611572,0.9053444413001922,0.8932807078344779,consistent-but-unverified:all N bidders,consistent-but-unverified:successful S bidders,unknown,unknown
emission-spot-primary-market-auction-report-2021-data.xlsx,Primary Market Auction,156,2021-05-26,2021-05-26 00:00:00,2021-05-26 11:00:31.869000,Auction 4. Period CAP3 PL,T3PA,successful,PL,2575000.0,4608500.0,78.0,31.0,3.55,59083.0,209477.0,271784.0,171667.0,201001.0,1.79,22.0,15.0,True,,True,-0.27272727273521014,0.5227272727272727,True,0.3333333333430346,0.5333333333333333,True,54621.545454545456,0.5227272727272727,False,0.0002912621359223433,0.00500054169108454,True,-0.33333333333575865,0.5064102564102564,True,0.004545454545454408,0.005,True,0.6818181818181818,1.297440769153654,1.1708773381022561,0.8317957943511386,0.7751313891167516,consistent-but-unverified:all N bidders,consistent-but-unverified:successful S bidders,unknown,unknown
emission-spot-primary-market-auction-report-2021-data.xlsx,Primary Market Auction,157,2021-05-25,2021-05-25 00:00:00,2021-05-25 11:00:27.156000,Auction 4. Period CAP3 EU,T3PA,successful,EU,3288500.0,4068000.0,66.0,52.0,3.14,61636.0,193714.0,296196.0,173079.0,268032.0,1.24,21.0,19.0,True,,True,-0.285714285710128,0.5238095238095238,True,0.052631578961154446,0.5263157894736842,True,16483.761904761894,0.5238095238095238,False,0.0029618367036643445,0.00500034013050804,True,-0.3636363636396709,0.5075757575757576,True,-0.0028571428571426694,0.005,True,0.9047619047619048,1.5290376534478665,1.5486107500043333,0.9278388562475609,0.9355484067908866,consistent-but-unverified:all N bidders,consistent-but-unverified:successful S bidders,unknown,unknown
emission-spot-primary-market-auction-report-2021-data.xlsx,Primary Market Auction,158,2021-05-21,2021-05-21 00:00:00,2021-05-21 11:00:29.661000,Auction 4. Period DE,T3PA,successful,DE,2651000.0,4421000.0,74.0,35.0,3.22,59743.0,192217.0,300411.0,139526.0,255099.0,1.67,23.0,19.0,True,,True,-0.3913043478387408,0.5217391304347826,True,-0.3157894736796152,0.5263157894736842,True,24265.130434782608,0.5217391304347826,False,0.002327423613730506,0.005000503144641819,True,-0.2432432432397036,0.5067567567567568,True,0.002608695652174031,0.005,True,0.8260869565217391,1.562874251497006,1.8283259034158508,0.9411293831650417,1.039684983055001,consistent-but-unverified:all N bidders,consistent-but-unverified:successful S bidders,unknown,unknown
emission-spot-primary-market-auction-report-2021-data.xlsx,Primary Market Auction,159,2021-05-20,2021-05-20 00:00:00,2021-05-20 11:00:30.776000,Auction 4. Period CAP3 EU,T3PA,successful,EU,3288500.0,4323500.0,84.0,55.0,3.0,51470.0,154411.0,329288.0,131540.0,288669.0,1.31,28.0,25.0,True,,True,0.285714285710128,0.5178571428571429,True,0.0,0.52,True,14093.571428571435,0.5178571428571429,False,-0.004733161015660681,0.005000351943646178,True,-0.23809523809177335,0.5059523809523809,True,0.0,0.005,True,0.8928571428571429,2.1325423706860263,2.1945339820586893,1.141844933853361,1.1614412186805287,consistent-but-unverified:all N bidders,consistent-but-unverified:successful S bidders,unknown,unknown
emission-spot-primary-market-auction-report-2021-data.xlsx,Primary Market Auction,160,2021-05-19,2021-05-19 00:00:00,2021-05-19 11:00:48.788000,Auction 4. Period CAP3 PL,T3PA,successful,PL,2575000.0,4200000.0,78.0,40.0,3.25,53846.0,175000.0,363694.0,122619.0,321948.0,1.63,24.0,21.0,True,,True,0.0,0.5208333333333334,True,-0.04761904761835467,0.5238095238095238,True,15327.333333333328,0.5208333333333334,False,-0.001067961165048592,0.0050005108870442485,True,-0.1538461538439151,0.5064102564102564,True,0.0,0.005,True,0.875,2.0782514285714284,2.6255963594548968,1.1243617177763134,1.288018787728941,consistent-but-unverified:all N bidders,consistent-but-unverified:successful S bidders,unknown,unknown
emission-spot-primary-market-auction-report-2021-data.xlsx,Primary Market Auction,161,2021-05-18,2021-05-18 00:00:00,2021-05-18 11:01:02.754000,Auction 4. Period CAP3 EU,T3PA,successful,EU,3288500.0,4820500.0,84.0,41.0,3.65,57387.0,209587.0,459722.0,173079.0,392775.0,1.47,23.0,19.0,True,,True,0.04347826086450368,0.5217391304347826,True,0.052631578961154446,0.5263157894736842,True,30100.739130434784,0.5217391304347826,False,0.0041341036946935805,0.0050003749226272135,True,0.09523809523670934,0.5059523809523809,True,-0.0021739130434781373,0.005,True,0.8260869565217391,2.1934661978080703,2.2693394345934514,1.161106909278369,1.1845879567332576,consistent-but-unverified:all N bidders,consistent-but-unverified:successful S bidders,unknown,unknown
emission-spot-primary-market-auction-report-2021-data.xlsx,Primary Market Auction,162,2021-05-17,2021-05-17 00:00:00,2021-05-17 11:00:35.359000,Auction 4. Period CAP3 EU,T3PA,successful,EU,3288500.0,4915500.0,74.0,43.0,3.36,66426.0,223432.0,383790.0,173079.0,244814.0,1.49,22.0,19.0,True,,True,0.18181818182347342,0.5227272727272727,True,0.052631578961154446,0.5263157894736842,True,23601.727272727265,0.5227272727272727,False,-0.004754447316405619,0.005000379314987773,True,0.3243243243196048,0.5067567567567568,True,-0.003636363636363882,0.005,True,0.8636363636363636,1.717703820401733,1.414463915321905,0.9997873401083714,0.8814772812298898,consistent-but-unverified:all N bidders,consistent-but-unverified:successful S bidders,unknown,unknown
emission-spot-primary-market-auction-report-2021-data.xlsx,Primary Market Auction,164,2021-05-12,2021-05-12 00:00:00,2021-05-12 11:00:23.524000,Auction 4. Period CAP3 PL,T3PA,successful,PL,2575000.0,5072500.0,78.0,20.0,3.12,65032.0,202900.0,359092.0,198077.0,394038.0,1.97,25.0,13.0,True,,True,0.0,0.52,True,0.07692307693650946,0.5384615384615384,True,95077.0,0.52,False,9.70873786407811e-05,0.0050005766802514815,True,-0.05128205128130503,0.5064102564102564,True,0.0,0.005,True,0.52,1.7697979300147857,1.989317285702025,1.0187743680851604,1.0950450287896227,consistent-but-unverified:all N bidders,consistent-but-unverified:successful S bidders,unknown,unknown
emission-spot-primary-market-auction-report-2021-data.xlsx,Primary Market Auction,165,2021-05-11,2021-05-11 00:00:00,2021-05-11 11:00:34.421000,Auction 4. Period CAP3 EU,T3PA,successful,EU,3288500.0,5115000.0,81.0,34.0,3.52,63148.0,222391.0,371720.0,193441.0,319419.0,1.56,23.0,17.0,True,,True,-0.3043478260806296,0.5217391304347826,True,-0.1764705882233102,0.5294117647058824,True,50462.739130434784,0.5217391304347826,False,0.004579595560285865,0.005000388538944949,True,-0.1481481481459923,0.5061728395061729,True,-0.0017391304347826875,0.005,True,0.7391304347826086,1.6714705181414715,1.6512476672473777,0.9826290766600438,0.9750303470273921,consistent-but-unverified:all N bidders,consistent-but-unverified:successful S bidders,unknown,unknown
emission-spot-primary-market-auction-report-2021-data.xlsx,Primary Market Auction,166,2021-05-10,2021-05-10 00:00:00,2021-05-10 11:00:46.958000,Auction 4. Period CAP3 EU,T3PA,successful,EU,3288500.0,5830000.0,105.0,28.0,3.89,55524.0,215926.0,331669.0,219233.0,282790.0,1.77,27.0,15.0,True,,True,0.07407407407299615,0.5185185185185185,True,-0.3333333333430346,0.5333333333333333,True,97436.70370370371,0.5185185185185185,False,-0.0028447620495666293,0.0050004215972375855,True,0.19047619047341868,0.5047619047619047,True,0.0011111111111112848,0.005,True,0.5555555555555556,1.53603086242509,1.2899061728845567,0.9306002062269109,0.828510844187256,consistent-but-unverified:all N bidders,consistent-but-unverified:successful S bidders,unknown,unknown
emission-spot-primary-market-auction-report-2021-data.xlsx,Primary Market Auction,167,2021-05-07,2021-05-07 00:00:00,2021-05-07 11:00:54.070000,Auction 4. Period DE,T3PA,successful,DE,2651000.0,5248500.0,97.0,31.0,3.59,54108.0,194389.0,347307.0,147278.0,264307.0,1.98,27.0,18.0,True,,True,0.11111111112404615,0.5185185185185185,True,0.22222222221898846,0.5277777777777778,True,49092.81481481482,0.5185185185185185,False,0.00018106374952853166,0.005000562017976172,True,-0.24742268041154603,0.5051546391752577,True,-0.002592592592592702,0.005,True,0.6666666666666666,1.7866597389769998,1.794612908920545,1.024843652412372,1.027693602890837,consistent-but-unverified:all N bidders,consistent-but-unverified:successful S bidders,unknown,unknown
emission-spot-primary-market-auction-report-2021-data.xlsx,Primary Market Auction,168,2021-05-06,2021-05-06 00:00:00,2021-05-06 11:00:24.993000,Auction 4. Period CAP3 EU,T3PA,successful,EU,3288500.0,5242000.0,85.0,30.0,3.54,61671.0,218417.0,349564.0,193441.0,297591.0,1.59,24.0,17.0,True,,True,0.3333333333430346,0.5208333333333334,True,-0.1764705882233102,0.5294117647058824,True,56420.16666666666,0.5208333333333334,False,-0.0040398357913942196,0.005000394410837487,True,0.41176470588106895,0.5058823529411764,True,-0.0016666666666664831,0.005,True,0.7083333333333334,1.6004431889459154,1.5384070595168553,0.9556818877881343,0.9315367423721934,consistent-but-unverified:all N bidders,consistent-but-unverified:successful S bidders,unknown,unknown
emission-spot-primary-market-auction-report-2021-data.xlsx,Primary Market Auction,169,2021-05-05,2021-05-05 00:00:00,2021-05-05 11:00:47.496000,Auction 4. Period CAP3 PL,T3PA,successful,PL,2575000.0,4005500.0,77.0,36.0,3.5,52019.0,182068.0,270030.0,151471.0,240932.0,1.56,22.0,17.0,True,,True,-0.18181818182347342,0.5227272727272727,True,0.411764705873793,0.5294117647058824,True,34425.545454545456,0.5227272727272727,False,0.004466019417475708,0.005000496220249054,True,-0.48051948052307125,0.5064935064935064,True,0.0,0.005,True,0.7727272727272727,1.4831271832502142,1.5906147051250734,0.9095187268212612,0.9518951854373946,consistent-but-unverified:all N bidders,consistent-but-unverified:successful S bidders,unknown,unknown
emission-spot-primary-market-auction-report-2021-data.xlsx,Primary Market Auction,170,2021-05-04,2021-05-04 00:00:00,2021-05-04 11:00:25.626000,Auction 4. Period CAP3 EU,T3PA,successful,EU,3288500.0,4671500.0,83.0,39.0,3.32,56283.0,186860.0,290346.0,164425.0,258468.0,1.42,25.0,20.0,True,,True,0.0,0.52,True,0.0,0.525,True,32885.0,0.52,False,-0.0005564847194770017,0.0050003680335564404,True,-0.1325301204851712,0.5060240963855421,True,0.0,0.005,True,0.8,1.5538156908915766,1.5719507374182757,0.9375885901244173,0.9446646527775877,consistent-but-unverified:all N bidders,consistent-but-unverified:successful S bidders,unknown,unknown
emission-spot-primary-market-auction-report-2021-data.xlsx,Primary Market Auction,171,2021-04-30,2021-04-30 00:00:00,2021-04-30 11:00:39.695000,Auction 4. Period DE,T3PA,successful,DE,2651000.0,4435000.0,85.0,70.0,3.54,52176.0,184792.0,288947.0,120500.0,168193.0,1.67,24.0,22.0,True,,True,0.3333333333430346,0.5208333333333334,True,0.0,0.5227272727272727,True,10041.666666666672,0.5208333333333334,False,-0.0029536024141834094,0.005000504140686146,True,-0.47058823529368965,0.5058823529411764,True,-0.0016666666666664831,0.005,True,0.9166666666666666,1.5636337070868869,1.3957925311203319,0.9414256689024567,0.8737140868214337,consistent-but-unverified:all N bidders,consistent-but-unverified:successful S bidders,unknown,unknown
emission-spot-primary-market-auction-report-2021-data.xlsx,Primary Market Auction,172,2021-04-29,2021-04-29 00:00:00,2021-04-29 11:00:36.194000,Auction 4. Period CAP3 EU,T3PA,successful,EU,3288500.0,5239500.0,88.0,28.0,3.83,59540.0,227804.0,361007.0,219233.0,327276.0,1.59,23.0,15.0,True,,True,-0.3478260869451333,0.5217391304347826,True,-0.3333333333430346,0.5333333333333333,True,76254.73913043478,0.5217391304347826,False,-0.0032796107647863337,0.005000394295249052,True,0.22727272727206582,0.5056818181818182,True,0.003913043478260825,0.005,True,0.6521739130434783,1.5847263436989694,1.4928227046110758,0.9496196391839455,0.9134156847285021,consistent-but-unverified:all N bidders,consistent-but-unverified:successful S bidders,unknown,unknown
emission-spot-primary-market-auction-report-2021-data.xlsx,Primary Market Auction,173,2021-04-28,2021-04-28 00:00:00,2021-04-28 11:00:41.910000,Auction 4. Period CAP3 PL,T3PA,successful,PL,2575000.0,3797500.0,72.0,41.0,3.6,52743.0,189875.0,279926.0,160938.0,225952.0,1.47,20.0,16.0,True,,True,0.0,0.525,True,0.5,0.53125,True,32188.0,0.525,False,-0.004757281553398052,0.005000480535450081,True,-0.055555555554747116,0.5069444444444444,True,0.0,0.005,True,0.8,1.4742646477946018,1.403969230386857,0.905943239871957,0.8771212172511391,consistent-but-unverified:all N bidders,consistent-but-unverified:successful S bidders,unknown,unknown
emission-spot-primary-market-auction-report-2021-data.xlsx,Primary Market Auction,174,2021-04-27,2021-04-27 00:00:00,2021-04-27 11:00:35.592000,Auction 4. Period CAP3 EU,T3PA,successful,EU,3288500.0,5013500.0,89.0,30.0,3.42,56331.0,192827.0,345709.0,173079.0,316700.0,1.52,26.0,19.0,True,,True,0.07692307693650946,0.5192307692307693,True,0.052631578961154446,0.5263157894736842,True,46598.230769230766,0.5192307692307693,False,-0.004555268359434317,0.005000383846054456,True,-0.46067415730067296,0.5056179775280899,True,-0.003076923076922977,0.005,True,0.7307692307692307,1.792845400281081,1.8298002646190468,1.0270609328642848,1.0402061312912827,consistent-but-unverified:all N bidders,consistent-but-unverified:successful S bidders,unknown,unknown
emission-spot-primary-market-auction-report-2021-data.xlsx,Primary Market Auction,175,2021-04-26,2021-04-26 00:00:00,2021-04-26 11:00:39.297000,Auction 4. Period CAP3 EU,T3PA,successful,EU,3288500.0,4550500.0,88.0,46.0,3.52,51710.0,182020.0,334220.0,164425.0,290292.0,1.38,25.0,20.0,True,,True,0.0,0.52,True,0.0,0.525,True,32885.0,0.52,False,-0.0037615934316559407,0.005000362439076148,True,-0.22727272727206582,0.5056818181818182,True,0.0,0.005,True,0.8,1.8361718492473356,1.7654979473924282,1.0424552024783749,1.017220708232985,consistent-but-unverified:all N bidders,consistent-but-unverified:successful S bidders,unknown,unknown
emission-spot-primary-market-auction-report-2021-data.xlsx,Primary Market Auction,176,2021-04-23,2021-04-23 00:00:00,2021-04-23 11:00:39.069000,Auction 4. Period DE,T3PA,successful,DE,2651000.0,3812500.0,85.0,33.0,4.05,44853.0,181548.0,278092.0,165688.0,257389.0,1.44,21.0,16.0,True,,True,0.38095238094683737,0.5238095238095238,True,0.5,0.53125,True,39449.90476190476,0.5238095238095238,False,0.0018634477555639073,0.005000459852286588,True,0.0588235294126207,0.5058823529411764,True,0.0023809523809523725,0.005,True,0.7619047619047619,1.5317822283913896,1.553455893003718,0.9289234928387347,0.9374476938033411,consistent-but-unverified:all N bidders,consistent-but-unverified:successful S bidders,unknown,unknown
emission-spot-primary-market-auction-report-2021-data.xlsx,Primary Market Auction,177,2021-04-22,2021-04-22 00:00:00,2021-04-22 11:01:05.381000,Auction 4. Period CAP3 EU,T3PA,successful,EU,3288500.0,5532000.0,89.0,26.0,3.56,62157.0,221280.0,381271.0,234893.0,361329.0,1.68,25.0,14.0,True,,True,0.0,0.52,True,0.14285714286961593,0.5357142857142857,True,103353.0,0.52,False,-0.002225938877908007,0.005000407819096039,True,-0.3033707865179167,0.5056179775280899,True,0.0,0.005,True,0.56,1.7230251265365149,1.5382706168340479,1.0017434411688857,0.9314829896261895,consistent-but-unverified:all N bidders,consistent-but-unverified:successful S bidders,unknown,unknown
emission-spot-primary-market-auction-report-2021-data.xlsx,Primary Market Auction,178,2021-04-21,2021-04-21 00:00:00,2021-04-21 11:01:15.493000,Auction 4. Period CAP3 PL,T3PA,successful,PL,2575000.0,3682000.0,80.0,42.0,3.48,46025.0,160087.0,243602.0,151471.0,218403.0,1.43,23.0,17.0,True,,True,0.04347826086450368,0.5217391304347826,True,0.411764705873793,0.5294117647058824,True,39514.47826086957,0.5217391304347826,False,9.70873786407811e-05,0.005000471825862189,True,0.0,0.50625,True,0.0017391304347826875,0.005,True,0.7391304347826086,1.5216850837357188,1.4418799638214577,0.9249273620758967,0.8927682196161051,consistent-but-unverified:all N bidders,consistent-but-unverified:successful S bidders,unknown,unknown
emission-spot-primary-market-auction-report-2021-data.xlsx,Primary Market Auction,179,2021-04-20,2021-04-20 00:00:00,2021-04-20 11:00:27.320000,Auction 4. Period CAP3 EU,T3PA,successful,EU,3288500.0,5574500.0,104.0,27.0,3.71,53601.0,199089.0,342144.0,252962.0,314059.0,1.7,28.0,13.0,True,,True,-0.285714285710128,0.5178571428571429,True,0.46153846153174527,0.5384615384615384,True,135515.57142857142,0.5178571428571429,False,0.004850235669758174,0.005000409784099448,True,0.03846153846097877,0.5048076923076923,True,-0.004285714285714448,0.005,True,0.4642857142857143,1.7185479860765789,1.2415263952688547,1.0000979091223472,0.8071570602606667,consistent-but-unverified:all N bidders,consistent-but-unverified:successful S bidders,unknown,unknown
emission-spot-primary-market-auction-report-2021-data.xlsx,Primary Market Auction,180,2021-04-19,2021-04-19 00:00:00,2021-04-19 11:01:53.718000,Auction 4. Period CAP3 EU,T3PA,successful,EU,3288500.0,4902000.0,95.0,41.0,3.65,51600.0,188538.0,329663.0,173079.0,305359.0,1.49,26.0,19.0,True,,True,-0.46153846153174527,0.5192307692307693,True,0.052631578961154446,0.5263157894736842,True,46598.230769230766,0.5192307692307693,False,-0.0006492321727231687,0.00500037869081022,True,0.0,0.5052631578947369,True,-0.0038461538461538325,0.005,True,0.7307692307692307,1.748522844201169,1.7642752731411668,1.0110636197998348,1.0167784932551098,consistent-but-unverified:all N bidders,consistent-but-unverified:successful S bidders,unknown,unknown
emission-spot-primary-market-auction-report-2021-data.xlsx,Primary Market Auction,181,2021-04-16,2021-04-16 00:00:00,2021-04-16 11:00:38.321000,Auction 4. Period DE,T3PA,successful,DE,2651000.0,4618500.0,71.0,29.0,3.23,65049.0,209932.0,317430.0,155941.0,300582.0,1.74,22.0,17.0,True,,True,0.18181818182347342,0.5227272727272727,True,-0.1764705882233102,0.5294117647058824,True,35441.0,0.5227272727272727,False,-0.0021727649943417138,0.005000517195981438,True,-0.2957746478859917,0.5070422535211268,True,0.0027272727272729114,0.005,True,0.7727272727272727,1.5120610483394623,1.9275366965711391,0.9211035509935538,1.0741613515336783,consistent-but-unverified:all N bidders,consistent-but-unverified:successful S bidders,unknown,unknown
emission-spot-primary-market-auction-report-2021-data.xlsx,Primary Market Auction,182,2021-04-15,2021-04-15 00:00:00,2021-04-15 11:00:39.696000,Auction 4. Period CAP3 EU,T3PA,successful,EU,3288500.0,5207000.0,95.0,47.0,3.65,54811.0,200269.0,338763.0,164425.0,298917.0,1.58,26.0,20.0,True,,True,-0.23076923078042455,0.5192307692307693,True,0.0,0.525,True,37944.230769230766,0.5192307692307693,False,-0.003396685418883827,0.0050003927925993865,True,0.47368421052669873,0.5052631578947369,True,-0.0038461538461538325,0.005,True,0.7692307692307693,1.6915398788629294,1.8179534742283716,0.9901134755031765,1.0360109031302471,consistent-but-unverified:all N bidders,consistent-but-unverified:successful S bidders,unknown,unknown
emission-spot-primary-market-auction-report-2021-data.xlsx,Primary Market Auction,184,2021-04-14,2021-04-14 00:00:00,2021-04-14 11:00:25.663000,Auction 4. Period CAP3 PL,T3PA,successful,PL,2575000.0,4830500.0,91.0,40.0,3.64,53082.0,193220.0,287362.0,151471.0,239176.0,1.88,25.0,17.0,True,,True,0.0,0.52,True,0.411764705873793,0.5294117647058824,True,48471.0,0.52,False,0.004077669902912584,0.005000558431591137,True,-0.4175824175836169,0.5054945054945055,True,0.0,0.005,True,0.68,1.4872269951350792,1.5790217269312277,0.9111684333280964,0.9474101514202269,consistent-but-unverified:all N bidders,consistent-but-unverified:successful S bidders,unknown,unknown
emission-spot-primary-market-auction-report-2021-data.xlsx,Primary Market Auction,185,2021-04-13,2021-04-13 00:00:00,2021-04-13 11:00:38.195000,Auction 4. Period CAP3 EU,T3PA,successful,EU,3288500.0,5041500.0,88.0,29.0,3.38,57290.0,193904.0,302367.0,219233.0,326988.0,1.53,26.0,15.0,True,,True,0.1538461538439151,0.5192307692307693,True,-0.3333333333430346,0.5333333333333333,True,92752.23076923077,0.5192307692307693,False,-0.0030697886574426736,0.005000385140644937,True,0.22727272727206582,0.5056818181818182,True,-0.004615384615384688,0.005,True,0.5769230769230769,1.5593644277580658,1.4915090337677266,0.9397589572602661,0.9128885645676783,consistent-but-unverified:all N bidders,consistent-but-unverified:successful S bidders,unknown,unknown
emission-spot-primary-market-auction-report-2021-data.xlsx,Primary Market Auction,186,2021-04-12,2021-04-12 00:00:00,2021-04-12 11:00:36.476000,Auction 4. Period CAP3 EU,T3PA,successful,EU,3288500.0,6103000.0,108.0,27.0,3.72,56509.0,210448.0,356983.0,182694.0,270191.0,1.86,29.0,18.0,True,,True,-0.275862068956485,0.5172413793103449,True,-0.4444444444379769,0.5277777777777778,True,69297.44827586207,0.5172413793103449,False,0.004138665044853385,0.005000434219494774,True,-0.2592592592627625,0.5046296296296297,True,-0.004137931034482456,0.005,True,0.6206896551724138,1.6963002737018171,1.4789265109965297,0.9918805643338862,0.9078256079974792,consistent-but-unverified:all N bidders,consistent-but-unverified:successful S bidders,unknown,unknown
emission-spot-primary-market-auction-report-2021-data.xlsx,Primary Market Auction,187,2021-04-09,2021-04-09 00:00:00,2021-04-09 11:00:35.004000,Auction 4. Period DE,T3PA,successful,DE,2651000.0,4128000.0,91.0,37.0,3.37,45363.0,152889.0,211063.0,126238.0,201741.0,1.56,27.0,21.0,True,,True,0.11111111112404615,0.5185185185185185,True,-0.09523809523670934,0.5238095238095238,True,28052.814814814818,0.5185185185185185,False,0.002851754055073652,0.005000482298856967,True,0.3626373626393615,0.5054945054945055,True,-0.0003703703703701322,0.005,True,0.7777777777777778,1.3804982699867223,1.59810041350465,0.8673098229085144,0.9547805678112228,consistent-but-unverified:all N bidders,consistent-but-unverified:successful S bidders,unknown,unknown
emission-spot-primary-market-auction-report-2021-data.xlsx,Primary Market Auction,188,2021-04-08,2021-04-08 00:00:00,2021-04-08 11:00:32.921000,Auction 4. Period CAP3 EU,T3PA,successful,EU,3288500.0,6080500.0,101.0,25.0,3.88,60203.0,233865.0,337859.0,219233.0,242976.0,1.85,26.0,15.0,True,,True,-0.38461538462433964,0.5192307692307693,True,-0.3333333333430346,0.5333333333333333,True,92752.23076923077,0.5192307692307693,False,0.0009806902843243481,0.005000433179198852,True,0.029702970299695153,0.504950495049505,True,-0.004615384615384688,0.005,True,0.5769230769230769,1.444675346888162,1.108300301505704,0.8939123316516348,0.7458820785527195,consistent-but-unverified:all N bidders,consistent-but-unverified:successful S bidders,unknown,unknown
emission-spot-primary-market-auction-report-2021-data.xlsx,Primary Market Auction,189,2021-04-07,2021-04-07 00:00:00,2021-04-07 11:00:39.091000,Auction 4. Period CAP3 PL,T3PA,successful,PL,2575000.0,4587000.0,85.0,42.0,3.86,53965.0,208500.0,294835.0,143056.0,212359.0,1.78,22.0,18.0,True,,True,0.0,0.5227272727272727,True,0.4444444444379769,0.5277777777777778,True,26010.545454545456,0.5227272727272727,False,-0.0013592233009709354,0.005000540069819262,True,0.29411764705582755,0.5058823529411764,True,-0.003636363636363882,0.005,True,0.8181818181818182,1.4140767386091126,1.4844466502628342,0.8813169111548002,0.9100499588020518,consistent-but-unverified:all N bidders,consistent-but-unverified:successful S bidders,unknown,unknown
emission-spot-primary-market-auction-report-2021-data.xlsx,Primary Market Auction,190,2021-04-06,2021-04-06 00:00:00,2021-04-06 11:00:32.387000,Auction 4. Period CAP3 EU,T3PA,successful,EU,3288500.0,6185500.0,98.0,24.0,3.63,63117.0,229093.0,414129.0,298955.0,394235.0,1.88,27.0,11.0,True,,True,0.40740740741603076,0.5185185185185185,True,0.45454545452957973,0.5454545454545454,True,177158.7037037037,0.5185185185185185,False,-0.0009487608332068298,0.005000438033913155,True,-0.34693877551035257,0.5051020408163265,True,0.0003703703703701322,0.005,True,0.4074074074074074,1.8076894536280026,1.3187101737719724,1.0323618866103386,0.8410110714943397,consistent-but-unverified:all N bidders,consistent-but-unverified:successful S bidders,unknown,unknown
emission-spot-primary-market-auction-report-2021-data.xlsx,Primary Market Auction,191,2021-04-01,2021-04-01 00:00:00,2021-04-01 11:00:30.729000,Auction 4. Period CAP3 EU,T3PA,successful,EU,3288500.0,4771500.0,89.0,49.0,3.42,53612.0,183519.0,326898.0,156595.0,309345.0,1.45,26.0,21.0,True,,True,-0.23076923078042455,0.5192307692307693,True,-0.23809523810632527,0.5238095238095238,True,30114.230769230766,0.5192307692307693,False,-0.0009654857837919639,0.005000372657093872,True,-0.35955056179955136,0.5056179775280899,True,-0.003076923076922977,0.005,True,0.8076923076923077,1.7812760531607081,1.9754462147578147,1.0229098343171084,1.090394015904382,consistent-but-unverified:all N bidders,consistent-but-unverified:successful S bidders,unknown,unknown
emission-spot-primary-market-auction-report-2021-data.xlsx,Primary Market Auction,192,2021-03-31,2021-03-31 00:00:00,2021-03-31 11:01:07.840000,Auction 4. Period CAP3 PL,T3PA,successful,PL,2575000.0,3445500.0,62.0,37.0,2.82,55573.0,156614.0,218948.0,143056.0,204822.0,1.34,22.0,18.0,True,,True,0.36363636364694685,0.5227272727272727,True,0.4444444444379769,0.5277777777777778,True,26010.545454545456,0.5227272727272727,False,0.001941747572815622,0.005000453991944125,True,0.4193548387120245,0.5080645161290323,True,0.0018181818181814968,0.005,True,0.8181818181818182,1.3980103949838456,1.4317609887037244,0.8746393914515758,0.8886156816031878,consistent-but-unverified:all N bidders,consistent-but-unverified:successful S bidders,unknown,unknown
emission-spot-primary-market-auction-report-2021-data.xlsx,Primary Market Auction,193,2021-03-30,2021-03-30 00:00:00,2021-03-30 11:01:33.868000,Auction 4. Period CAP3 EU,T3PA,successful,EU,3288500.0,5217500.0,89.0,33.0,3.56,58624.0,208700.0,318511.0,274042.0,295095.0,1.59,25.0,12.0,True,,True,0.0,0.52,True,0.3333333333139308,0.5416666666666666,True,142502.0,0.52,False,0.003410369469363017,0.005000393278070817,True,0.4044943820190383,0.5056179775280899,True,0.0,0.005,True,0.48,1.526166746526114,1.0768239904832106,0.9267030338343616,0.7308397991188543,consistent-but-unverified:all N bidders,consistent-but-unverified:successful S bidders,unknown,unknown
emission-spot-primary-market-auction-report-2021-data.xlsx,Primary Market Auction,194,2021-03-29,2021-03-29 00:00:00,2021-03-29 11:00:28.895000,Auction 4. Period CAP3 EU,T3PA,successful,EU,3288500.0,5112500.0,89.0,41.0,3.56,57444.0,204500.0,372510.0,182694.0,277320.0,1.55,25.0,18.0,True,,True,0.0,0.52,True,-0.4444444444379769,0.5277777777777778,True,51154.0,0.52,False,-0.004660179413106258,0.005000388423356514,True,0.17977528089977568,0.5056179775280899,True,0.0,0.005,True,0.72,1.8215647921760392,1.5179480442707478,1.037291621897593,0.923444301680424,consistent-but-unverified:all N bidders,consistent-but-unverified:successful S bidders,unknown,unknown
emission-spot-primary-market-auction-report-2021-data.xlsx,Primary Market Auction,195,2021-03-26,2021-03-26 00:00:00,2021-03-26 11:00:35.908000,Auction 4. Period DE,T3PA,successful,DE,2651000.0,4354000.0,80.0,45.0,3.33,54425.0,181417.0,294924.0,126238.0,239938.0,1.64,24.0,21.0,True,,True,0.3333333333430346,0.5208333333333334,True,-0.09523809523670934,0.5238095238095238,True,15779.666666666672,0.5208333333333334,False,-0.002399094681252434,0.005000498377858252,True,0.0,0.50625,True,-0.0033333333333334103,0.005,True,0.875,1.6256690387339665,1.9006796685625564,0.9653357354679164,1.064945078002276,consistent-but-unverified:all N bidders,consistent-but-unverified:successful S bidders,unknown,unknown
emission-spot-primary-market-auction-report-2021-data.xlsx,Primary Market Auction,196,2021-03-25,2021-03-25 00:00:00,2021-03-25 11:00:41.843000,Auction 4. Period CAP3 EU,T3PA,successful,EU,3290000.0,5275000.0,88.0,30.0,3.52,59943.0,211000.0,339427.0,219333.0,315604.0,1.6,25.0,15.0,True,,True,0.0,0.52,True,-0.3333333333430346,0.5333333333333333,True,87733.0,0.52,False,-0.003343465045592575,0.0050003956449405345,True,-0.18181818181619747,0.5056818181818182,True,0.0,0.005,True,0.6,1.608658767772512,1.4389261989759863,0.958836207172457,0.891557860053546,consistent-but-unverified:all N bidders,consistent-but-unverified:successful S bidders,unknown,unknown
emission-spot-primary-market-auction-report-2021-data.xlsx,Primary Market Auction,197,2021-03-24,2021-03-24 00:00:00,2021-03-24 11:00:27.393000,Auction 4. Period CAP3 PL,T3PA,successful,PL,2575000.0,5004000.0,87.0,36.0,3.78,57517.0,217565.0,330537.0,143056.0,249445.0,1.94,23.0,18.0,True,,True,-0.21739130435162224,0.5217391304347826,True,0.4444444444379769,0.5277777777777778,True,31099.478260869568,0.5217391304347826,False,-0.0033009708737865573,0.005000571514824896,True,-0.24137931034783833,0.5057471264367817,True,-0.002608695652174031,0.005,True,0.782608695652174,1.5192563142049502,1.7436877866010514,0.9239637445580661,1.009302922996956,consistent-but-unverified:all N bidders,consistent-but-unverified:successful S bidders,unknown,unknown
emission-spot-primary-market-auction-report-2021-data.xlsx,Primary Market Auction,198,2021-03-23,2021-03-23 00:00:00,2021-03-23 11:00:31.092000,Auction 4. Period CAP3 EU,T3PA,successful,EU,3288500.0,5449000.0,85.0,34.0,3.54,64106.0,227042.0,388052.0,193441.0,292280.0,1.66,24.0,17.0,True,,True,0.3333333333430346,0.5208333333333334,True,-0.1764705882233102,0.5294117647058824,True,56420.16666666666,0.5208333333333334,False,0.003013532005473607,0.005000403981559971,True,0.1176470588252414,0.5058823529411764,True,-0.0016666666666664831,0.005,True,0.7083333333333334,1.7091639432351724,1.5109516596791788,0.9966400792619152,0.9206618285680656,consistent-but-unverified:all N bidders,consistent-but-unverified:successful S bidders,unknown,unknown
emission-spot-primary-market-auction-report-2021-data.xlsx,Primary Market Auction,199,2021-03-22,2021-03-22 00:00:00,2021-03-22 11:00:29.923000,Auction 4. Period CAP3 EU,T3PA,successful,EU,3288500.0,5581500.0,84.0,32.0,3.82,66446.0,253705.0,441112.0,205531.0,285642.0,1.7,22.0,16.0,True,,True,0.45454545455868356,0.5227272727272727,True,-0.25,0.53125,True,56053.727272727265,0.5227272727272727,False,0.002721605595256138,0.005000410107747068,True,-0.42857142856519204,0.5059523809523809,True,0.0018181818181814968,0.005,True,0.7272727272727273,1.7386807512662343,1.3897757515897846,1.0074763268123406,0.8711995337546162,consistent-but-unverified:all N bidders,consistent-but-unverified:successful S bidders,unknown,unknown
emission-spot-primary-market-auction-report-2021-data.xlsx,Primary Market Auction,200,2021-03-19,2021-03-19 00:00:00,2021-03-19 11:00:24.658000,Auction 4. Period DE,T3PA,successful,DE,2651000.0,3819000.0,70.0,44.0,3.5,54557.0,190950.0,267542.0,147278.0,210934.0,1.44,20.0,18.0,True,,True,0.0,0.525,True,0.22222222221898846,0.5277777777777778,True,14728.0,0.525,False,-0.0005884571859675614,0.00500046031473574,True,-0.142857142855064,0.5071428571428571,True,0.0,0.005,True,0.9,1.4011102382822729,1.4322166243430792,0.8759312296721183,0.8888030326466899,consistent-but-unverified:all N bidders,consistent-but-unverified:successful S bidders,unknown,unknown
emission-spot-primary-market-auction-report-2021-data.xlsx,Primary Market Auction,201,2021-03-18,2021-03-18 00:00:00,2021-03-18 11:00:34.565000,Auction 4. Period CAP3 EU,T3PA,successful,EU,3288500.0,6316000.0,95.0,30.0,3.8,66484.0,252640.0,384860.0,219233.0,283198.0,1.92,25.0,15.0,True,,True,0.0,0.52,True,-0.3333333333430346,0.5333333333333333,True,87693.0,0.52,False,-0.0006325072221378125,0.005000444067629503,True,-0.21052631578641012,0.5052631578947369,True,0.0,0.005,True,0.6,1.5233533882203927,1.2917672065793016,0.9255887265252493,0.8293232258840559,consistent-but-unverified:all N bidders,consistent-but-unverified:successful S bidders,unknown,unknown
emission-spot-primary-market-auction-report-2021-data.xlsx,Primary Market Auction,203,2021-03-17,2021-03-17 00:00:00,2021-03-17 11:00:41.107000,Auction 4. Period CAP3 PL,T3PA,successful,PL,2575000.0,4365500.0,76.0,44.0,3.8,57441.0,218275.0,298432.0,151471.0,186468.0,1.7,20.0,17.0,True,,True,0.0,0.525,True,0.411764705873793,0.5294117647058824,True,22721.0,0.525,False,0.004660194174757271,0.005000523367016509,True,0.21052631578641012,0.506578947368421,True,0.0,0.005,True,0.85,1.3672294124384377,1.2310475272494406,0.8617202470175644,0.8024712183384315,consistent-but-unverified:all N bidders,consistent-but-unverified:successful S bidders,unknown,unknown
emission-spot-primary-market-auction-report-2021-data.xlsx,Primary Market Auction,204,2021-03-16,2021-03-16 00:00:00,2021-03-16 11:00:22.533000,Auction 4. Period CAP3 EU,T3PA,successful,EU,3288500.0,5594000.0,97.0,43.0,3.88,57670.0,223760.0,320505.0,164425.0,249176.0,1.7,25.0,20.0,True,,True,0.0,0.52,True,0.0,0.525,True,32885.0,0.52,False,-0.0010795195377832911,0.005000410685689247,True,-0.1030927835017792,0.5051546391752577,True,0.0,0.005,True,0.8,1.4323605648909545,1.5154386498403527,0.8888622117047326,0.9224472017988528,consistent-but-unverified:all N bidders,consistent-but-unverified:successful S bidders,unknown,unknown
emission-spot-primary-market-auction-report-2021-data.xlsx,Primary Market Auction,205,2021-03-15,2021-03-15 00:00:00,2021-03-15 11:00:37.183000,Auction 4. Period CAP3 EU,T3PA,successful,EU,3288500.0,5465500.0,91.0,37.0,3.96,60060.0,237630.0,301202.0,182694.0,207054.0,1.66,23.0,18.0,True,,True,-0.4347826087032445,0.5217391304347826,True,-0.4444444444379769,0.5277777777777778,True,39715.739130434784,0.5217391304347826,False,-0.0020039531701383506,0.005000404744443647,True,-0.43956043956131907,0.5054945054945055,True,0.003478260869565375,0.005,True,0.782608695652174,1.2675251441316333,1.1333377122401393,0.8186889918681133,0.7576877543079752,consistent-but-unverified:all N bidders,consistent-but-unverified:successful S bidders,unknown,unknown
emission-spot-primary-market-auction-report-2021-data.xlsx,Primary Market Auction,206,2021-03-12,2021-03-12 00:00:00,2021-03-12 11:00:37.282000,Auction 4. Period DE,T3PA,successful,DE,2651000.0,5421000.0,79.0,29.0,3.43,68620.0,235696.0,313580.0,155941.0,244564.0,2.04,23.0,17.0,True,,True,0.3478260869451333,0.5217391304347826,True,-0.1764705882233102,0.5294117647058824,True,40680.13043478261,0.5217391304347826,False,-0.0048887212372688005,0.005000574290665206,True,-0.25316455696884077,0.5063291139240507,True,-0.0047826086956521685,0.005,True,0.7391304347826086,1.3304426040323127,1.56831109201557,0.84605820834987,0.9432485202412568,consistent-but-unverified:all N bidders,consistent-but-unverified:successful S bidders,unknown,unknown
emission-spot-primary-market-auction-report-2021-data.xlsx,Primary Market Auction,207,2021-03-11,2021-03-11 00:00:00,2021-03-11 11:00:28.116000,Auction 4. Period CAP3 EU,T3PA,successful,EU,3288500.0,5497000.0,84.0,43.0,3.65,65440.0,239000.0,306747.0,173079.0,230074.0,1.67,23.0,19.0,True,,True,0.0,0.5217391304347826,True,0.052631578961154446,0.5263157894736842,True,30100.739130434784,0.5217391304347826,False,-0.0015827885053976143,0.0050004062008579386,True,-0.47619047619082266,0.5059523809523809,True,-0.0021739130434781373,0.005,True,0.8260869565217391,1.2834602510460251,1.3293004928385304,0.8256919464609878,0.8455680048373974,consistent-but-unverified:all N bidders,consistent-but-unverified:successful S bidders,unknown,unknown
emission-spot-primary-market-auction-report-2021-data.xlsx,Primary Market Auction,208,2021-03-10,2021-03-10 00:00:00,2021-03-10 11:00:35.448000,Auction 4. Period CAP3 PL,T3PA,successful,PL,2575000.0,5207500.0,81.0,33.0,3.52,64290.0,226413.0,274190.0,151471.0,164964.0,2.02,23.0,17.0,True,,True,-0.04347826086450368,0.5217391304347826,True,0.411764705873793,0.5294117647058824,True,39514.47826086957,0.5217391304347826,False,-0.0023300970873787463,0.005000586860289277,True,-0.1234567901265109,0.5061728395061729,True,-0.0017391304347826875,0.005,True,0.7391304347826086,1.2110170352409093,1.089079757841435,0.7934526066131127,0.7367236617601157,consistent-but-unverified:all N bidders,consistent-but-unverified:successful S bidders,unknown,unknown
emission-spot-primary-market-auction-report-2021-data.xlsx,Primary Market Auction,209,2021-03-09,2021-03-09 00:00:00,2021-03-09 11:00:31.791000,Auction 4. Period CAP3 EU,T3PA,successful,EU,3288500.0,6514000.0,101.0,32.0,3.88,64495.0,250538.0,343152.0,205531.0,259408.0,1.98,26.0,16.0,True,,True,-0.46153846153174527,0.5192307692307693,True,-0.25,0.53125,True,79050.23076923077,0.5192307692307693,False,-0.0008423293294814727,0.005000453222233618,True,-0.0495049504970666,0.504950495049505,True,-0.004615384615384688,0.005,True,0.6153846153846154,1.3696604906241767,1.2621356389060532,0.8627466919841718,0.8163093400455997,consistent-but-unverified:all N bidders,consistent-but-unverified:successful S bidders,unknown,unknown
emission-spot-primary-market-auction-report-2021-data.xlsx,Primary Market Auction,210,2021-03-08,2021-03-08 00:00:00,2021-03-08 11:00:39.921000,Auction 4. Period CAP3 EU,T3PA,successful,EU,3288500.0,5138500.0,88.0,41.0,3.38,58392.0,197635.0,248528.0,156595.0,211307.0,1.56,26.0,21.0,True,,True,0.38461538462433964,0.5192307692307693,True,-0.23809523810632527,0.5238095238095238,True,30114.230769230766,0.5192307692307693,False,-0.0025665196898281284,0.0050003896254762455,True,-0.045454545455868356,0.5056818181818182,True,-0.004615384615384688,0.005,True,0.8076923076923077,1.2575100564171326,1.3493853571314538,0.8142624609689076,0.8541537437890319,consistent-but-unverified:all N bidders,consistent-but-unverified:successful S bidders,unknown,unknown
emission-spot-primary-market-auction-report-2021-data.xlsx,Primary Market Auction,211,2021-03-05,2021-03-05 00:00:00,2021-03-05 11:00:37.133000,Auction 4. Period DE,T3PA,successful,DE,2651000.0,4160500.0,77.0,44.0,2.75,54032.0,148589.0,170972.0,110458.0,144287.0,1.57,28.0,24.0,True,,True,-0.285714285710128,0.5178571428571429,True,-0.3333333333284827,0.5208333333333334,True,15779.428571428565,0.5178571428571429,False,0.0005922293474160956,0.005000484611102727,True,-0.46753246753360145,0.5064935064935064,True,0.0,0.005,True,0.8571428571428571,1.1506369919711419,1.3062612033533108,0.765764073594116,0.8356276866174749,consistent-but-unverified:all N bidders,consistent-but-unverified:successful S bidders,unknown,unknown
emission-spot-primary-market-auction-report-2021-data.xlsx,Primary Market Auction,212,2021-03-04,2021-03-04 00:00:00,2021-03-04 11:00:27.045000,Auction 4. Period CAP3 EU,T3PA,successful,EU,3288500.0,5911000.0,95.0,44.0,3.65,62221.0,227346.0,302349.0,156595.0,176938.0,1.8,26.0,21.0,True,,True,-0.1538461538439151,0.5192307692307693,True,-0.23809523810632527,0.5238095238095238,True,30114.230769230766,0.5192307692307693,False,0.002523947088338252,0.005000425342302905,True,-0.05263157894660253,0.5052631578947369,True,-0.0038461538461538325,0.005,True,0.8076923076923077,1.3299068380354173,1.1299083623359623,0.8458282831024542,0.7560789564183622,consistent-but-unverified:all N bidders,consistent-but-unverified:successful S bidders,unknown,unknown
emission-spot-primary-market-auction-report-2021-data.xlsx,Primary Market Auction,213,2021-03-03,2021-03-03 00:00:00,2021-03-03 11:00:28.696000,Auction 4. Period CAP3 PL,T3PA,successful,PL,2575000.0,4712500.0,76.0,37.0,3.04,62007.0,188500.0,219951.0,151471.0,157485.0,1.83,25.0,17.0,True,,True,0.0,0.52,True,0.411764705873793,0.5294117647058824,True,48471.0,0.52,False,-9.70873786407811e-05,0.005000549533484027,True,0.4210526315800962,0.506578947368421,True,0.0,0.005,True,0.68,1.1668488063660478,1.0397039697367814,0.7732739491768991,0.7128046844521064,consistent-but-unverified:all N bidders,consistent-but-unverified:successful S bidders,unknown,unknown
emission-spot-primary-market-auction-report-2021-data.xlsx,Primary Market Auction,214,2021-03-02,2021-03-02 00:00:00,2021-03-02 11:00:37.067000,Auction 4. Period CAP3 EU,T3PA,successful,EU,3288500.0,5143000.0,97.0,48.0,3.34,53021.0,177345.0,274930.0,142978.0,197067.0,1.56,29.0,23.0,True,,True,0.17241379310144112,0.5172413793103449,True,-0.2608695652161259,0.5217391304347826,True,29581.448275862072,0.5172413793103449,False,-0.0039349247377222785,0.00500038983353543,True,0.38144329896749696,0.5051546391752577,True,-0.004827586206896495,0.005,True,0.7931034482758621,1.550255152386591,1.3783029556994781,0.9361934139241384,0.866387189522978,consistent-but-unverified:all N bidders,consistent-but-unverified:successful S bidders,unknown,unknown
emission-spot-primary-market-auction-report-2021-data.xlsx,Primary Market Auction,215,2021-03-01,2021-03-01 00:00:00,2021-03-01 11:00:27.572000,Auction 4. Period CAP3 EU,T3PA,successful,EU,3288500.0,6185500.0,97.0,35.0,3.59,63768.0,229093.0,300331.0,173079.0,205995.0,1.88,27.0,19.0,True,,True,0.40740740741603076,0.5185185185185185,True,0.052631578961154446,0.5263157894736842,True,51282.70370370371,0.5185185185185185,False,-0.0009487608332068298,0.005000438033913155,True,-0.04123711340071168,0.5051546391752577,True,-0.002592592592592702,0.005,True,0.7037037037037037,1.3109566857127892,1.190179051184719,0.8376615884566191,0.783983299018198,consistent-but-unverified:all N bidders,consistent-but-unverified:successful S bidders,unknown,unknown
emission-spot-primary-market-auction-report-2021-data.xlsx,Primary Market Auction,216,2021-02-26,2021-02-26 00:00:00,2021-02-26 11:00:45.603000,Auction 4. Period DE,T3PA,successful,DE,2651000.0,4850500.0,88.0,36.0,3.38,55119.0,186558.0,235086.0,132550.0,171771.0,1.83,26.0,20.0,True,,True,0.3076923076878302,0.5192307692307693,True,0.0,0.525,True,30588.46153846153,0.5192307692307693,False,0.0003130894002263407,0.005000533701858863,True,-0.31818181818380253,0.5056818181818182,True,-0.004615384615384688,0.005,True,0.7692307692307693,1.2601228572347474,1.295895888344021,0.8154191734149512,0.8311231326313133,consistent-but-unverified:all N bidders,consistent-but-unverified:successful S bidders,unknown,unknown
emission-spot-primary-market-auction-report-2021-data.xlsx,Primary Market Auction,217,2021-02-25,2021-02-25 00:00:00,2021-02-25 11:00:49.947000,Auction 4. Period CAP3 EU,T3PA,successful,EU,3288500.0,6563000.0,104.0,38.0,3.59,63106.0,226310.0,313184.0,142978.0,259265.0,2.0,29.0,23.0,True,,True,-0.34482758620288223,0.5172413793103449,True,-0.2608695652161259,0.5217391304347826,True,29581.448275862072,0.5172413793103449,False,0.004257260149004072,0.00500045548776696,True,0.23076923076587263,0.5048076923076923,True,0.0037931034482756587,0.005,True,0.7931034482758621,1.3838716804383369,1.813320930492803,0.8687259224349793,1.0343656113374327,consistent-but-unverified:all N bidders,consistent-but-unverified:successful S bidders,unknown,unknown
emission-spot-primary-market-auction-report-2021-data.xlsx,Primary Market Auction,218,2021-02-24,2021-02-24 00:00:00,2021-02-24 11:00:41.486000,Auction 4. Period CAP3 PL,T3PA,successful,PL,2575000.0,5044500.0,91.0,37.0,3.14,55434.0,173948.0,228482.0,128750.0,177362.0,1.96,29.0,20.0,True,,True,-0.275862068956485,0.5172413793103449,True,0.0,0.525,True,39956.896551724145,0.5172413793103449,False,0.000970873786407811,0.005000574568836235,True,-0.06593406593310647,0.5054945054945055,True,0.002068965517241672,0.005,True,0.6896551724137931,1.313507484995516,1.377568932038835,0.8387647647154284,0.8660785085139862,consistent-but-unverified:all N bidders,consistent-but-unverified:successful S bidders,unknown,unknown
emission-spot-primary-market-auction-report-2021-data.xlsx,Primary Market Auction,219,2021-02-23,2021-02-23 00:00:00,2021-02-23 11:00:35.448000,Auction 4. Period CAP3 EU,T3PA,successful,EU,3288500.0,6132500.0,104.0,41.0,3.59,58966.0,211466.0,260393.0,149477.0,186539.0,1.86,29.0,22.0,True,,True,0.48275862069567665,0.5172413793103449,True,-0.27272727273521014,0.5227272727272727,True,36080.44827586207,0.5172413793103449,False,-0.004831990269119624,0.005000435583438316,True,-0.3461538461560849,0.5048076923076923,True,0.0037931034482756587,0.005,True,0.7586206896551724,1.231370527649835,1.2479444998227152,0.8026159830812166,0.8100162430357108,consistent-but-unverified:all N bidders,consistent-but-unverified:successful S bidders,unknown,unknown
emission-spot-primary-market-auction-report-2021-data.xlsx,Primary Market Auction,220,2021-02-22,2021-02-22 00:00:00,2021-02-22 11:00:38.951000,Auction 4. Period CAP3 EU,T3PA,successful,EU,3288500.0,5522500.0,106.0,55.0,3.53,52099.0,184083.0,225984.0,126481.0,164757.0,1.68,30.0,26.0,True,,True,-0.3333333333430346,0.5166666666666667,True,0.23076923076587263,0.5192307692307693,True,16864.33333333333,0.5166666666666667,False,0.0006629162232019148,0.005000407379859983,True,-0.05660377358435653,0.5047169811320755,True,-0.0033333333333334103,0.005,True,0.8666666666666667,1.2276201496064276,1.3026225282848807,0.8009338181254115,0.834048703056035,consistent-but-unverified:all N bidders,consistent-but-unverified:successful S bidders,unknown,unknown
emission-spot-primary-market-auction-report-2021-data.xlsx,Primary Market Auction,221,2021-02-19,2021-02-19 00:00:00,2021-02-19 11:01:01.118000,Auction 4. Period DE,T3PA,successful,DE,2651000.0,5030500.0,87.0,38.0,3.48,57822.0,201220.0,254851.0,139526.0,188700.0,1.9,25.0,19.0,True,,True,0.0,0.52,True,-0.3157894736796152,0.5263157894736842,True,33486.0,0.52,False,0.0024141833270463486,0.0050005465081430734,True,0.16091954022704158,0.5057471264367817,True,0.0,0.005,True,0.76,1.266529172050492,1.3524361050986913,0.8182496622846074,0.8554514316829106,consistent-but-unverified:all N bidders,consistent-but-unverified:successful S bidders,unknown,unknown
emission-spot-primary-market-auction-report-2021-data.xlsx,Primary Market Auction,222,2021-02-18,2021-02-18 00:00:00,2021-02-18 11:00:44.992000,Auction 4. Period CAP3 EU,T3PA,successful,EU,3288500.0,5296000.0,95.0,51.0,3.39,55747.0,189143.0,279988.0,137021.0,200954.0,1.61,28.0,24.0,True,,True,0.14285714286961593,0.5178571428571429,True,0.1666666666569654,0.5208333333333334,True,19574.571428571435,0.5178571428571429,False,-0.0004606963661242247,0.005000396907547701,True,-0.3684210526334937,0.5052631578947369,True,-0.0028571428571426694,0.005,True,0.8571428571428571,1.4802979756057586,1.4665927120660336,0.9083787044132179,0.9028377294977061,consistent-but-unverified:all N bidders,consistent-but-unverified:successful S bidders,unknown,unknown
emission-spot-primary-market-auction-report-2021-data.xlsx,Primary Market Auction,223,2021-02-17,2021-02-17 00:00:00,2021-02-17 11:00:41.033000,Auction 4. Period CAP3 PL,T3PA,successful,PL,2575000.0,4700000.0,88.0,45.0,3.52,53409.0,188000.0,275057.0,117045.0,174715.0,1.83,25.0,22.0,True,,True,0.0,0.52,True,-0.45454545454413164,0.5227272727272727,True,14045.0,0.52,False,0.004757281553398052,0.0050005485908879346,True,-0.09090909091173671,0.5056818181818182,True,0.0,0.005,True,0.88,1.4630691489361702,1.492716476568841,0.90140819383004,0.9133730702635905,consistent-but-unverified:all N bidders,consistent-but-unverified:successful S bidders,unknown,unknown
emission-spot-primary-market-auction-report-2021-data.xlsx,Primary Market Auction,224,2021-02-16,2021-02-16 00:00:00,2021-02-16 11:00:52.093000,Auction 4. Period CAP3 EU,T3PA,successful,EU,3288500.0,5995500.0,117.0,39.0,4.03,51244.0,206741.0,294006.0,149477.0,192411.0,1.82,29.0,22.0,True,,True,-0.37931034484063275,0.5172413793103449,True,-0.27272727273521014,0.5227272727272727,True,36080.44827586207,0.5172413793103449,False,-0.0031716588110080046,0.005000429249192035,True,0.4102564102577162,0.5042735042735043,True,-0.004482758620689253,0.005,True,0.7586206896551724,1.42209818081561,1.287228135432207,0.8846341813925362,0.8273406632060795,consistent-but-unverified:all N bidders,consistent-but-unverified:successful S bidders,unknown,unknown
emission-spot-primary-market-auction-report-2021-data.xlsx,Primary Market Auction,225,2021-02-15,2021-02-15 00:00:00,2021-02-15 11:00:28.029000,Auction 4. Period CAP3 EU,T3PA,successful,EU,3288500.0,6524000.0,119.0,35.0,4.1,54824.0,224966.0,326555.0,156595.0,249595.0,1.98,29.0,21.0,True,,True,0.48275862069567665,0.5172413793103449,True,-0.23809523810632527,0.5238095238095238,True,43198.44827586207,0.5172413793103449,False,-0.003883229435913016,0.005000453684587361,True,0.47058823529368965,0.5042016806722689,True,-0.0034482758620697496,0.005,True,0.7241379310344828,1.4515749046522586,1.5938886937641688,0.8967306362629099,0.9531581758618985,consistent-but-unverified:all N bidders,consistent-but-unverified:successful S bidders,unknown,unknown
emission-spot-primary-market-auction-report-2021-data.xlsx,Primary Market Auction,226,2021-02-12,2021-02-12 00:00:00,2021-02-12 11:00:44.374000,Auction 4. Period DE,T3PA,successful,DE,2651000.0,5535500.0,112.0,32.0,3.73,49424.0,184517.0,278522.0,132550.0,190803.0,2.09,30.0,20.0,True,,True,0.3333333333430346,0.5166666666666667,True,0.0,0.525,True,44183.33333333333,0.5166666666666667,False,0.0019200301772914763,0.005000582436884883,True,-0.10714285714493599,0.5044642857142857,True,-0.0033333333333334103,0.005,True,0.6666666666666666,1.5094652525241576,1.4394794417201056,0.9200696836428741,0.8917846729868026,consistent-but-unverified:all N bidders,consistent-but-unverified:successful S bidders,unknown,unknown
emission-spot-primary-market-auction-report-2021-data.xlsx,Primary Market Auction,227,2021-02-11,2021-02-11 00:00:00,2021-02-11 11:00:34.038000,Auction 4. Period CAP3 EU,T3PA,successful,EU,3288500.0,6223000.0,100.0,36.0,4.17,62230.0,259292.0,351660.0,182694.0,214244.0,1.89,24.0,18.0,True,,True,0.3333333333430346,0.5208333333333334,True,-0.4444444444379769,0.5277777777777778,True,45673.16666666666,0.5208333333333334,False,-0.0023521362323248862,0.005000439767739692,True,0.0,0.505,True,0.0033333333333329662,0.005,True,0.75,1.3562315844684758,1.1726931371583085,0.8570635565734459,0.775967475084354,consistent-but-unverified:all N bidders,consistent-but-unverified:successful S bidders,unknown,unknown
emission-spot-primary-market-auction-report-2021-data.xlsx,Primary Market Auction,228,2021-02-10,2021-02-10 00:00:00,2021-02-10 11:00:48.138000,Auction 4. Period CAP3 PL,T3PA,successful,PL,2575000.0,4604000.0,90.0,34.0,3.46,51156.0,177077.0,234003.0,135526.0,205825.0,1.79,26.0,19.0,True,,True,0.07692307693650946,0.5192307692307693,True,-0.3157894736796152,0.5263157894736842,True,36487.53846153847,0.5192307692307693,False,0.002038834951456403,0.005000541351749947,True,0.4444444444452529,0.5055555555555555,True,-0.0015384615384617106,0.005,True,0.7307692307692307,1.3214759680816819,1.51871227661113,0.8422031765318101,0.9237477695728601,consistent-but-unverified:all N bidders,consistent-but-unverified:successful S bidders,unknown,unknown
emission-spot-primary-market-auction-report-2021-data.xlsx,Primary Market Auction,229,2021-02-09,2021-02-09 00:00:00,2021-02-09 11:01:40.380000,Auction 4. Period CAP3 EU,T3PA,successful,EU,3288500.0,4716000.0,92.0,54.0,3.41,51261.0,174667.0,259262.0,149477.0,194555.0,1.43,27.0,22.0,True,,True,0.3333333333430346,0.5185185185185185,True,-0.27272727273521014,0.5227272727272727,True,27680.703703703708,0.5185185185185185,False,-0.004088490193097316,0.005000370091030598,True,0.13043478260806296,0.5054347826086957,True,0.002592592592592702,0.005,True,0.8148148148148148,1.4843215948061168,1.3015714792242286,0.9099996221992658,0.8335921414614561,consistent-but-unverified:all N bidders,consistent-but-unverified:successful S bidders,unknown,unknown
emission-spot-primary-market-auction-report-2021-data.xlsx,Primary Market Auction,230,2021-02-08,2021-02-08 00:00:00,2021-02-08 11:00:37.826000,Auction 4. Period CAP3 EU,T3PA,successful,EU,3288500.0,5255000.0,99.0,52.0,3.67,53081.0,194630.0,302810.0,156595.0,213222.0,1.6,27.0,21.0,True,,True,0.37037037036498077,0.5185185185185185,True,-0.23809523810632527,0.5238095238095238,True,34798.70370370371,0.5185185185185185,False,0.0020069940702449607,0.005000395011897354,True,0.19191919192235218,0.5050505050505051,True,0.0033333333333334103,0.005,True,0.7777777777777778,1.555823870934594,1.3616143555030493,0.9383746260559601,0.8593454341246506,consistent-but-unverified:all N bidders,consistent-but-unverified:successful S bidders,unknown,unknown
emission-spot-primary-market-auction-report-2021-data.xlsx,Primary Market Auction,231,2021-02-05,2021-02-05 00:00:00,2021-02-05 11:00:30.367000,Auction 4. Period DE,T3PA,successful,DE,2651000.0,4492000.0,90.0,52.0,3.75,49911.0,187167.0,318361.0,126238.0,169627.0,1.69,24.0,21.0,True,,True,0.3333333333430346,0.5208333333333334,True,-0.09523809523670934,0.5238095238095238,True,15779.666666666672,0.5208333333333334,False,-0.004454922670690253,0.005000508196009479,True,-0.11111111110949423,0.5055555555555555,True,0.0,0.005,True,0.875,1.7009462138090583,1.3437079167920911,0.9936021611760902,0.8517342550733408,consistent-but-unverified:all N bidders,consistent-but-unverified:successful S bidders,unknown,unknown
emission-spot-primary-market-auction-report-2021-data.xlsx,Primary Market Auction,232,2021-02-04,2021-02-04 00:00:00,2021-02-04 11:01:11.335000,Auction 4. Period CAP3 EU,T3PA,successful,EU,3288500.0,4537000.0,71.0,60.0,3.23,63901.0,206227.0,338471.0,156595.0,174760.0,1.38,22.0,21.0,True,,True,-0.27272727273521014,0.5227272727272727,True,-0.23809523810632527,0.5238095238095238,True,7117.727272727265,0.5227272727272727,False,0.00034362171202673153,0.005000361814898595,True,-0.40845070422801655,0.5070422535211268,True,0.0027272727272729114,0.005,True,0.9545454545454546,1.641254539900207,1.1159998722820013,0.9712540087919742,0.7495274536378287,consistent-but-unverified:all N bidders,consistent-but-unverified:successful S bidders,unknown,unknown
emission-spot-primary-market-auction-report-2021-data.xlsx,Primary Market Auction,233,2021-02-03,2021-02-03 00:00:00,2021-02-03 11:00:34.719000,Auction 4. Period CAP3 PL,T3PA,successful,PL,2575000.0,4907000.0,70.0,7.0,3.33,70100.0,233667.0,369372.0,515000.0,487444.0,1.91,21.0,5.0,True,,True,0.3333333333430346,0.5238095238095238,True,0.0,0.6,True,392380.95238095237,0.5238095238095238,False,0.004368932038834927,0.005000564200279221,True,0.0,0.5071428571428571,True,-0.0033333333333334103,0.005,True,0.23809523809523808,1.580762366958107,0.9464932038834951,0.9480848463536722,0.6660293966076134,consistent-but-unverified:all N bidders,consistent-but-unverified:successful S bidders,unknown,unknown
emission-spot-primary-market-auction-report-2021-data.xlsx,Primary Market Auction,234,2021-02-02,2021-02-02 00:00:00,2021-02-02 11:01:26.006000,Auction 4. Period CAP3 EU,T3PA,successful,EU,3288500.0,5228500.0,80.0,24.0,3.2,65356.0,209140.0,386763.0,219233.0,385576.0,1.59,25.0,15.0,True,,True,0.0,0.52,True,-0.3333333333430346,0.5333333333333333,True,87693.0,0.52,False,6.537935228845271e-05,0.005000393786659935,True,-0.25,0.50625,True,0.0,0.005,True,0.6,1.8493019030314621,1.7587498232474126,1.0470740179715632,1.0147776145189973,consistent-but-unverified:all N bidders,consistent-but-unverified:successful S bidders,unknown,unknown
emission-spot-primary-market-auction-report-2021-data.xlsx,Primary Market Auction,235,2021-02-01,2021-02-01 00:00:00,2021-02-01 11:00:31.150000,Auction 4. Period CAP3 EU,T3PA,successful,EU,3288500.0,4779500.0,82.0,37.0,3.15,58287.0,183827.0,333090.0,149477.0,298013.0,1.45,26.0,22.0,True,,True,0.07692307693650946,0.5192307692307693,True,-0.27272727273521014,0.5227272727272727,True,22996.230769230766,0.5192307692307693,False,-0.003398205868937243,0.005000373026976867,True,0.4146341463419958,0.5060975609756098,True,-0.0038461538461538325,0.005,True,0.8461538461538461,1.8119753899046387,1.9937047171136697,1.033887222098115,1.0965116562551498,consistent-but-unverified:all N bidders,consistent-but-unverified:successful S bidders,unknown,unknown
emission-spot-primary-market-auction-report-2021-data.xlsx,Primary Market Auction,236,2021-01-29,2021-01-29 00:00:00,2021-01-29 11:00:34.021000,Auction 4. Period DE,T3PA,successful,DE,2651000.0,4208000.0,89.0,37.0,3.3,47281.0,155852.0,313129.0,139526.0,315583.0,1.59,27.0,19.0,True,,True,0.1481481481459923,0.5185185185185185,True,-0.3157894736796152,0.5263157894736842,True,41340.81481481482,0.5185185185185185,False,0.0026744624669936545,0.005000487990538837,True,0.10112359550839756,0.5056179775280899,True,0.0037037037037035425,0.005,True,0.7037037037037037,2.0091432897877475,2.2618221693447818,1.1016554169154713,1.1822859868773359,consistent-but-unverified:all N bidders,consistent-but-unverified:successful S bidders,unknown,unknown
emission-spot-primary-market-auction-report-2022-data.xlsx,Primary Market Auction,7,2022-12-19,2022-12-19 00:00:00,2022-12-19 11:01:03.230000,Auction 4. Period CAP3 EU,T3PA,successful,EU,2568500.0,3235500.0,63.0,57.0,3.94,51357.0,202219.0,276989.0,197577.0,280314.0,1.26,16.0,13.0,True,,True,0.25,0.53125,True,0.07692307693650946,0.5384615384615384,True,37045.75,0.53125,False,0.0003153591590423499,0.005000439884151462,True,-0.142857142855064,0.5079365079365079,True,0.0024999999999999467,0.005,True,0.8125,1.3697476498251895,1.418758256274769,0.8627834726109671,0.883254291237062,consistent-but-unverified:all N bidders,consistent-but-unverified:successful S bidders,unknown,unknown
emission-spot-primary-market-auction-report-2022-data.xlsx,Primary Market Auction,8,2022-12-16,2022-12-16 00:00:00,2022-12-16 11:00:54.627000,Auction 4. Period DE,T3PA,successful,DE,1865500.0,4316500.0,83.0,51.0,4.61,52006.0,239806.0,346218.0,116594.0,153157.0,2.31,18.0,16.0,True,,True,0.4444444444379769,0.5277777777777778,True,0.25,0.53125,True,12955.11111111111,0.5277777777777778,False,-0.003856874832484536,0.0050008881955226495,True,-0.02409638553945115,0.5060240963855421,True,-0.0011111111111103966,0.005,True,0.8888888888888888,1.4437420248033828,1.3135924661646396,0.8935304812386464,0.8388014966512112,consistent-but-unverified:all N bidders,consistent-but-unverified:successful S bidders,unknown,unknown
emission-spot-primary-market-auction-report-2022-data.xlsx,Primary Market Auction,9,2022-12-15,2022-12-15 00:00:00,2022-12-15 11:00:29.470000,Auction 4. Period CAP3 EU,T3PA,successful,EU,2510500.0,4378500.0,66.0,31.0,3.88,66341.0,257559.0,370674.0,179321.0,212582.0,1.74,17.0,14.0,True,,True,0.1764705882233102,0.5294117647058824,True,-0.42857142857974395,0.5357142857142857,True,31644.5294117647,0.5294117647058824,False,-0.004074885480979784,0.005000546519663978,True,0.09090909091173671,0.5075757575757576,True,-0.0023529411764706687,0.005,True,0.8235294117647058,1.4391809255355084,1.1854830164899817,0.8916622966939279,0.7818368642958339,consistent-but-unverified:all N bidders,consistent-but-unverified:successful S bidders,unknown,unknown
emission-spot-primary-market-auction-report-2022-data.xlsx,Primary Market Auction,10,2022-12-13,2022-12-13 00:00:00,2022-12-13 11:02:00.673000,Auction 4. Period CAP3 EU,T3PA,successful,EU,2510500.0,4993500.0,82.0,42.0,4.56,60896.0,277417.0,360612.0,179321.0,214991.0,1.99,18.0,14.0,True,,True,0.3333333333139308,0.5277777777777778,True,-0.42857142857974395,0.5357142857142857,True,39848.77777777778,0.5277777777777778,False,0.0009539932284405861,0.005000595308982855,True,-0.3414634146320168,0.5060975609756098,True,0.004444444444444251,0.005,True,0.7777777777777778,1.2998914990790038,1.1989170258921154,0.8328619475088845,0.7879649782059389,consistent-but-unverified:all N bidders,consistent-but-unverified:successful S bidders,unknown,unknown
emission-spot-primary-market-auction-report-2022-data.xlsx,Primary Market Auction,11,2022-12-12,2022-12-12 00:00:00,2022-12-12 11:00:32.575000,Auction 4. Period CAP3 EU,T3PA,successful,EU,2510500.0,5522500.0,104.0,39.0,4.95,53101.0,262976.0,365700.0,167367.0,225472.0,2.2,21.0,15.0,True,,True,-0.19047619047341868,0.5238095238095238,True,0.3333333333430346,0.5333333333333333,True,47819.38095238095,0.5238095238095238,False,0.00023899621589329456,0.0050006372757303115,True,0.03846153846097877,0.5048076923076923,True,-0.0023809523809523725,0.005,True,0.7142857142857143,1.3906211973716234,1.3471711866735976,0.8715532473895632,0.8532108527150096,consistent-but-unverified:all N bidders,consistent-but-unverified:successful S bidders,unknown,unknown
emission-spot-primary-market-auction-report-2022-data.xlsx,Primary Market Auction,12,2022-12-09,2022-12-09 00:00:00,2022-12-09 11:00:54.086000,Auction 4. Period DE,T3PA,successful,DE,1861500.0,4285000.0,76.0,36.0,4.47,56382.0,252059.0,386495.0,132964.0,262744.0,2.3,17.0,14.0,True,,True,0.1764705882233102,0.5294117647058824,True,-0.285714285710128,0.5357142857142857,True,23464.0,0.5294117647058824,False,-0.0019070641955414303,0.0050008868943546845,True,0.4210526315800962,0.506578947368421,True,-0.0005882352941180002,0.005,True,0.8235294117647058,1.5333513185405003,1.9760536686621943,0.9295430580228566,1.0905981506329,consistent-but-unverified:all N bidders,consistent-but-unverified:successful S bidders,unknown,unknown
emission-spot-primary-market-auction-report-2022-data.xlsx,Primary Market Auction,13,2022-12-08,2022-12-08 00:00:00,2022-12-08 11:00:43.088000,Auction 4. Period CAP3 EU,T3PA,successful,EU,2510500.0,4895000.0,92.0,33.0,4.6,53207.0,244750.0,360524.0,167367.0,219384.0,1.95,20.0,15.0,True,,True,0.0,0.525,True,0.3333333333430346,0.5333333333333333,True,41842.0,0.525,False,0.0001892053375820435,0.0050005874947586125,True,0.47826086956774816,0.5054347826086957,True,0.0,0.005,True,0.75,1.4730296220633299,1.310796035060675,0.9054439666573227,0.8375920690937779,consistent-but-unverified:all N bidders,consistent-but-unverified:successful S bidders,unknown,unknown
emission-spot-primary-market-auction-report-2022-data.xlsx,Primary Market Auction,14,2022-12-07,2022-12-07 00:00:00,2022-12-07 11:00:25.903000,Auction 4. Period CAP3 PL,T3PA,successful,PL,3102500.0,3691000.0,72.0,60.0,3.79,51264.0,194263.0,296921.0,172361.0,299141.0,1.19,19.0,18.0,True,,True,-0.1578947368543595,0.5263157894736842,True,-0.11111111112404615,0.5277777777777778,True,9071.526315789466,0.5263157894736842,False,0.00031426269137790896,0.005000352890560683,True,0.11111111110949423,0.5069444444444444,True,0.0005263157894739301,0.005,True,0.9473684210526315,1.5284485465580167,1.7355492251727478,0.9276058919371438,1.0063322293050925,consistent-but-unverified:all N bidders,consistent-but-unverified:successful S bidders,unknown,unknown
emission-spot-primary-market-auction-report-2022-data.xlsx,Primary Market Auction,15,2022-12-06,2022-12-06 00:00:00,2022-12-06 11:00:26.924000,Auction 4. Period CAP3 EU,T3PA,successful,EU,2510500.0,5577500.0,65.0,29.0,3.61,85808.0,309861.0,612950.0,156906.0,307654.0,2.22,18.0,16.0,True,,True,-0.11111111112404615,0.5277777777777778,True,-0.25,0.53125,True,17433.77777777778,0.5277777777777778,False,-0.0016689902409878776,0.005000641639002732,True,0.3076923076878302,0.5076923076923077,True,-0.0011111111111112848,0.005,True,0.8888888888888888,1.9781450392272664,1.9607535722024652,1.0913006366444287,1.0854438211381907,consistent-but-unverified:all N bidders,consistent-but-unverified:successful S bidders,unknown,unknown
emission-spot-primary-market-auction-report-2022-data.xlsx,Primary Market Auction,16,2022-12-05,2022-12-05 00:00:00,2022-12-05 11:00:56.216000,Auction 4. Period CAP3 EU,T3PA,successful,EU,2510500.0,5270000.0,76.0,32.0,3.8,69342.0,263500.0,403820.0,167367.0,308706.0,2.1,20.0,15.0,True,,True,0.0,0.525,True,0.3333333333430346,0.5333333333333333,True,41842.0,0.525,False,0.0008165704043019417,0.005000617244343293,True,-0.10526315789320506,0.506578947368421,True,0.0,0.005,True,0.75,1.5325237191650853,1.8444854720464607,0.9292163230060559,1.0453821978116098,consistent-but-unverified:all N bidders,consistent-but-unverified:successful S bidders,unknown,unknown
emission-spot-primary-market-auction-report-2022-data.xlsx,Primary Market Auction,17,2022-12-02,2022-12-02 00:00:00,2022-12-02 11:00:31.178000,Auction 4. Period DE,T3PA,successful,DE,1861500.0,4229000.0,69.0,35.0,3.63,61290.0,222579.0,358404.0,132964.0,215757.0,2.27,19.0,14.0,True,,True,0.052631578961154446,0.5263157894736842,True,-0.285714285710128,0.5357142857142857,True,34990.31578947368,0.5263157894736842,False,-0.0018237980123556596,0.00500087881396944,True,0.1449275362319895,0.5072463768115942,True,-0.0015789473684213462,0.005,True,0.7368421052631579,1.6102327712857007,1.6226723022773082,0.9594394017585615,0.964193760665739,consistent-but-unverified:all N bidders,consistent-but-unverified:successful S bidders,unknown,unknown
emission-spot-primary-market-auction-report-2022-data.xlsx,Primary Market Auction,18,2022-12-01,2022-12-01 00:00:00,2022-12-01 11:00:28.551000,Auction 4. Period CAP3 EU,T3PA,successful,EU,2510500.0,5094000.0,73.0,40.0,3.48,69781.0,242571.0,347570.0,147676.0,209970.0,2.03,21.0,17.0,True,,True,-0.42857142857974395,0.5238095238095238,True,-0.4705882353009656,0.5294117647058824,True,28128.380952380947,0.5238095238095238,False,0.0009221270663211101,0.00500060328187155,True,0.17808219177823048,0.5068493150684932,True,0.003809523809523707,0.005,True,0.8095238095238095,1.4328588330839218,1.4218288686042417,0.8890670403687458,0.8845229855760436,consistent-but-unverified:all N bidders,consistent-but-unverified:successful S bidders,unknown,unknown
emission-spot-primary-market-auction-report-2022-data.xlsx,Primary Market Auction,19,2022-11-29,2022-11-29 00:00:00,2022-11-29 11:00:30.769000,Auction 4. Period CAP3 EU,T3PA,successful,EU,2510500.0,5626000.0,94.0,31.0,4.27,59851.0,255727.0,344183.0,167367.0,204599.0,2.24,22.0,15.0,True,,True,-0.27272727273521014,0.5227272727272727,True,0.3333333333430346,0.5333333333333333,True,53253.36363636363,0.5227272727272727,False,-0.0009878510256919881,0.005000645486615683,True,-0.06382978723559063,0.5053191489361702,True,-0.0027272727272729114,0.005,True,0.6818181818181818,1.345900120049897,1.2224572346997915,0.8526691747511744,0.798613446240947,consistent-but-unverified:all N bidders,consistent-but-unverified:successful S bidders,unknown,unknown
emission-spot-primary-market-auction-report-2022-data.xlsx,Primary Market Auction,20,2022-11-28,2022-11-28 00:00:00,2022-11-28 11:00:28.116000,Auction 4. Period CAP3 EU,T3PA,successful,EU,2510500.0,5072000.0,65.0,25.0,3.61,78031.0,281778.0,385424.0,209208.0,257757.0,2.02,18.0,12.0,True,,True,0.2222222222480923,0.5277777777777778,True,-0.3333333333430346,0.5416666666666666,True,69735.77777777778,0.5277777777777778,False,-0.00031467835092602314,0.005000601536562582,True,0.23076923076587263,0.5076923076923077,True,-0.0011111111111112848,0.005,True,0.6666666666666666,1.367828574267686,1.232060915452564,0.8619733217778434,0.8029253360160765,consistent-but-unverified:all N bidders,consistent-but-unverified:successful S bidders,unknown,unknown
emission-spot-primary-market-auction-report-2022-data.xlsx,Primary Market Auction,21,2022-11-25,2022-11-25 00:00:00,2022-11-25 11:00:37.664000,Auction 4. Period DE,T3PA,successful,DE,1861500.0,3688000.0,61.0,23.0,3.21,60459.0,194105.0,367077.0,124100.0,241286.0,1.98,19.0,15.0,True,,True,-0.26315789474756457,0.5263157894736842,True,0.0,0.5333333333333333,True,26126.31578947368,0.5263157894736842,False,-0.0011979586355090888,0.005000800751676279,True,-0.016393442623666488,0.5081967213114754,True,-0.0005263157894739301,0.005,True,0.7894736842105263,1.8911259369928646,1.9442868654311039,1.061646023826297,1.0798666368230927,consistent-but-unverified:all N bidders,consistent-but-unverified:successful S bidders,unknown,unknown
emission-spot-primary-market-auction-report-2022-data.xlsx,Primary Market Auction,22,2022-11-24,2022-11-24 00:00:00,2022-11-24 11:01:02.268000,Auction 4. Period CAP3 EU,T3PA,successful,EU,2510500.0,5707000.0,83.0,26.0,4.15,68759.0,285350.0,385430.0,228227.0,256325.0,2.27,20.0,11.0,True,,True,0.0,0.525,True,-0.27272727273521014,0.5454545454545454,True,102702.0,0.525,False,-0.003252340171280732,0.005000651912525975,True,-0.03614457832009066,0.5060240963855421,True,0.0,0.005,True,0.55,1.3507271771508673,1.1231142678123096,0.8547247173757622,0.752884005018462,consistent-but-unverified:all N bidders,consistent-but-unverified:successful S bidders,unknown,unknown
emission-spot-primary-market-auction-report-2022-data.xlsx,Primary Market Auction,23,2022-11-23,2022-11-23 00:00:00,2022-11-23 11:00:51.827000,Auction 4. Period CAP3 PL,T3PA,successful,PL,3101500.0,7498500.0,79.0,34.0,3.95,94918.0,374925.0,775599.0,221536.0,323935.0,2.42,20.0,14.0,True,,True,0.0,0.525,True,0.285714285710128,0.5357142857142857,True,66461.0,0.525,False,0.002298887635015401,0.005000550975576677,True,0.2784810126613593,0.5063291139240507,True,0.0,0.005,True,0.7,2.0686777355471095,1.4622228441427128,1.1212467637855366,0.9010645371278685,consistent-but-unverified:all N bidders,consistent-but-unverified:successful S bidders,unknown,unknown
emission-spot-primary-market-auction-report-2022-data.xlsx,Primary Market Auction,24,2022-11-22,2022-11-22 00:00:00,2022-11-22 11:01:02.947000,Auction 4. Period CAP3 EU,T3PA,successful,EU,2510500.0,5360500.0,76.0,29.0,3.8,70533.0,268025.0,380852.0,167367.0,242173.0,2.14,20.0,15.0,True,,True,0.0,0.525,True,0.3333333333430346,0.5333333333333333,True,41842.0,0.525,False,0.004767974507070338,0.00500062442390973,True,0.10526315789320506,0.506578947368421,True,0.0,0.005,True,0.75,1.4209570002798246,1.446957882975736,0.8841629166580933,0.8948455726147149,consistent-but-unverified:all N bidders,consistent-but-unverified:successful S bidders,unknown,unknown
emission-spot-primary-market-auction-report-2022-data.xlsx,Primary Market Auction,25,2022-11-21,2022-11-21 00:00:00,2022-11-21 11:00:37.344000,Auction 4. Period CAP3 EU,T3PA,successful,EU,2510500.0,5503000.0,85.0,32.0,3.86,64741.0,250136.0,403422.0,167367.0,315875.0,2.19,22.0,15.0,True,,True,-0.36363636364694685,0.5227272727272727,True,0.3333333333430346,0.5333333333333333,True,53253.36363636363,0.5227272727272727,False,-0.0019936267675761954,0.0050006357287519084,True,-0.1764705882378621,0.5058823529411764,True,-0.003636363636363882,0.005,True,0.6818181818181818,1.612810631016727,1.887319483530206,0.9604265120472522,1.0603285573673369,consistent-but-unverified:all N bidders,consistent-but-unverified:successful S bidders,unknown,unknown
emission-spot-primary-market-auction-report-2022-data.xlsx,Primary Market Auction,26,2022-11-18,2022-11-18 00:00:00,2022-11-18 11:00:40.342000,Auction 4. Period DE,T3PA,successful,DE,1861500.0,4667000.0,65.0,33.0,3.61,71800.0,259278.0,452179.0,116344.0,283459.0,2.51,18.0,16.0,True,,True,0.22222222221898846,0.5277777777777778,True,0.25,0.53125,True,12927.333333333328,0.5277777777777778,False,0.0028820843405852337,0.0050009420141254556,True,0.0,0.5076923076923077,True,-0.0011111111111112848,0.005,True,0.8888888888888888,1.7439929342250402,2.4363869215430105,1.0094141348694488,1.2344206059146137,consistent-but-unverified:all N bidders,consistent-but-unverified:successful S bidders,unknown,unknown
emission-spot-primary-market-auction-report-2022-data.xlsx,Primary Market Auction,27,2022-11-17,2022-11-17 00:00:00,2022-11-17 11:00:46.530000,Auction 4. Period CAP3 EU,T3PA,successful,EU,2510500.0,4054500.0,65.0,50.0,3.82,62377.0,238500.0,410980.0,147676.0,265935.0,1.62,17.0,17.0,True,,True,0.0,0.5294117647058824,True,-0.4705882353009656,0.5294117647058824,True,-0.4705882353009656,0.5294117647058824,True,0.004983071101374303,0.005000520816022814,True,0.07692307692195754,0.5076923076923077,True,-0.003529411764706225,0.005,True,1.0,1.7231865828092243,1.8008004008775969,1.0018027323905176,1.0299052337879846,consistent-but-unverified:all N bidders,consistent-but-unverified:successful S bidders,unknown,unknown
emission-spot-primary-market-auction-report-2022-data.xlsx,Primary Market Auction,29,2022-11-15,2022-11-15 00:00:00,2022-11-15 11:00:52.860000,Auction 4. Period CAP3 EU,T3PA,successful,EU,2510500.0,4354000.0,69.0,44.0,4.06,63101.0,256118.0,388914.0,167367.0,259294.0,1.73,17.0,15.0,True,,True,0.3529411764757242,0.5294117647058824,True,0.3333333333430346,0.5333333333333333,True,19690.5294117647,0.5294117647058824,False,-0.004315873332005671,0.005000544576024446,True,-0.44927536231989507,0.5072463768115942,True,0.0011764705882351123,0.005,True,0.8823529411764706,1.5184953810353041,1.5492540345468342,0.9236616521877129,0.9358007809016573,consistent-but-unverified:all N bidders,consistent-but-unverified:successful S bidders,unknown,unknown
emission-spot-primary-market-auction-report-2022-data.xlsx,Primary Market Auction,30,2022-11-14,2022-11-14 00:00:00,2022-11-14 11:00:32.023000,Auction 4. Period CAP3 EU,T3PA,successful,EU,2510500.0,4926000.0,79.0,29.0,3.95,62354.0,246300.0,423501.0,167367.0,333330.0,1.96,20.0,15.0,True,,True,0.0,0.525,True,0.3333333333430346,0.5333333333333333,True,41842.0,0.525,False,-0.0021589324835691315,0.005000589954057612,True,-0.43037974683829816,0.5063291139240507,True,0.0,0.005,True,0.75,1.7194518879415348,1.991611249529477,1.0004303482154775,1.0958121217005063,consistent-but-unverified:all N bidders,consistent-but-unverified:successful S bidders,unknown,unknown
emission-spot-primary-market-auction-report-2022-data.xlsx,Primary Market Auction,31,2022-11-11,2022-11-11 00:00:00,2022-11-11 11:01:02.537000,Auction 4. Period DE,T3PA,successful,DE,1861500.0,4295000.0,71.0,35.0,3.74,60493.0,226053.0,331727.0,116344.0,145222.0,2.31,19.0,16.0,True,,True,0.36842105264076963,0.5263157894736842,True,0.25,0.53125,True,18370.31578947368,0.5263157894736842,False,0.0027209239860326306,0.00500088833728062,True,0.042253521125530824,0.5070422535211268,True,0.0031578947368422483,0.005,True,0.8421052631578947,1.467474441834437,1.2482121983084646,0.9031951343526815,0.8101353218419176,consistent-but-unverified:all N bidders,consistent-but-unverified:successful S bidders,unknown,unknown
emission-spot-primary-market-auction-report-2022-data.xlsx,Primary Market Auction,32,2022-11-10,2022-11-10 00:00:00,2022-11-10 11:00:29.796000,Auction 4. Period CAP3 EU,T3PA,successful,EU,2510500.0,5622000.0,74.0,14.0,3.52,75973.0,267714.0,436486.0,313813.0,425868.0,2.24,21.0,8.0,True,,True,-0.28571428573923185,0.5238095238095238,True,0.5,0.5625,True,194265.38095238095,0.5238095238095238,False,0.0006054570802631609,0.0050006451692867805,True,0.027027027026633732,0.5067567567567568,True,-0.003809523809523707,0.005,True,0.38095238095238093,1.6304190292625713,1.3570757106939484,0.9671431602143266,0.8574217450732129,consistent-but-unverified:all N bidders,consistent-but-unverified:successful S bidders,unknown,unknown
emission-spot-primary-market-auction-report-2022-data.xlsx,Primary Market Auction,33,2022-11-09,2022-11-09 00:00:00,2022-11-09 11:00:37.120000,Auction 4. Period CAP3 PL,T3PA,successful,PL,3101500.0,5108000.0,76.0,39.0,4.47,67211.0,300471.0,468830.0,206767.0,361064.0,1.65,17.0,15.0,True,,True,0.4117647059028968,0.5294117647058824,True,0.3333333333430346,0.5333333333333333,True,24325.823529411777,0.5294117647058824,False,0.003054973399967631,0.00500042672018251,True,0.4736842105194228,0.506578947368421,True,-0.0005882352941180002,0.005,True,0.8823529411764706,1.560316969025297,1.7462361015055594,0.9401310668524063,1.0102312838046719,consistent-but-unverified:all N bidders,consistent-but-unverified:successful S bidders,unknown,unknown
emission-spot-primary-market-auction-report-2022-data.xlsx,Primary Market Auction,34,2022-11-08,2022-11-08 00:00:00,2022-11-08 11:00:43.543000,Auction 4. Period CAP3 EU,T3PA,successful,EU,2510500.0,4924000.0,72.0,41.0,3.6,68389.0,246200.0,372981.0,147676.0,241130.0,1.96,20.0,17.0,True,,True,0.0,0.525,True,-0.4705882353009656,0.5294117647058824,True,22151.0,0.525,False,-0.001362278430591557,0.005000589795393161,True,0.11111111110949423,0.5069444444444444,True,0.0,0.005,True,0.85,1.5149512591389114,1.6328313334597362,0.9222534232998555,0.9680598197687209,consistent-but-unverified:all N bidders,consistent-but-unverified:successful S bidders,unknown,unknown
emission-spot-primary-market-auction-report-2022-data.xlsx,Primary Market Auction,35,2022-11-07,2022-11-07 00:00:00,2022-11-07 11:01:47.210000,Auction 4. Period CAP3 EU,T3PA,successful,EU,2510500.0,6263500.0,88.0,23.0,4.19,71176.0,298262.0,539582.0,228227.0,255269.0,2.49,21.0,11.0,True,,True,0.09523809526581317,0.5238095238095238,True,-0.27272727273521014,0.5454545454545454,True,108679.38095238095,0.5238095238095238,False,-0.004921330412268166,0.005000696060909641,True,-0.13636363636760507,0.5056818181818182,True,-0.00047619047619029686,0.005,True,0.5238095238095238,1.8090873124970663,1.1184872955434721,1.0328596307636595,0.7507022941552242,consistent-but-unverified:all N bidders,consistent-but-unverified:successful S bidders,unknown,unknown
emission-spot-primary-market-auction-report-2022-data.xlsx,Primary Market Auction,36,2022-11-04,2022-11-04 00:00:00,2022-11-04 11:00:33.192000,Auction 4. Period DE,T3PA,successful,DE,1861500.0,4360000.0,71.0,14.0,3.55,61408.0,218000.0,340984.0,232688.0,234939.0,2.34,20.0,8.0,True,,True,0.0,0.525,True,0.5,0.5625,True,139613.0,0.525,False,-0.00219715283373656,0.005000897716299207,True,-0.45070422535354737,0.5070422535211268,True,0.0,0.005,True,0.4,1.5641467889908256,1.0096738980953035,0.9416257874161269,0.6979724691551116,consistent-but-unverified:all N bidders,consistent-but-unverified:successful S bidders,unknown,unknown
emission-spot-primary-market-auction-report-2022-data.xlsx,Primary Market Auction,37,2022-11-03,2022-11-03 00:00:00,2022-11-03 11:00:29.207000,Auction 4. Period CAP3 EU,T3PA,successful,EU,2510500.0,4429000.0,68.0,15.0,3.58,65132.0,233105.0,271143.0,278944.0,252110.0,1.76,19.0,9.0,True,,True,-0.26315789474756457,0.5263157894736842,True,-0.4444444444379769,0.5555555555555556,True,146812.42105263157,0.5263157894736842,False,-0.004190400318661691,0.005000550525941382,True,-0.35294117646844825,0.5073529411764706,True,0.001052631578947416,0.005,True,0.47368421052631576,1.1631796829754832,0.9038014798669267,0.7715792147067783,0.6438526661574502,consistent-but-unverified:all N bidders,consistent-but-unverified:successful S bidders,unknown,unknown
emission-spot-primary-market-auction-report-2022-data.xlsx,Primary Market Auction,38,2022-11-01,2022-11-01 00:00:00,2022-11-01 11:01:10.112000,Auction 4. Period CAP3 EU,T3PA,successful,EU,2510500.0,4376500.0,63.0,37.0,3.71,69468.0,257441.0,373441.0,147676.0,217253.0,1.74,17.0,17.0,True,,True,-0.1764705882233102,0.5294117647058824,True,-0.4705882353009656,0.5294117647058824,True,-0.4705882353009656,0.5294117647058824,True,-0.0032782314280024316,0.005000546360999527,True,-0.25396825396455824,0.5079365079365079,True,0.004117647058823337,0.005,True,1.0,1.4505886785710125,1.4711462932365449,0.8963282726625084,0.9046821293157158,consistent-but-unverified:all N bidders,consistent-but-unverified:successful S bidders,unknown,unknown
emission-spot-primary-market-auction-report-2022-data.xlsx,Primary Market Auction,39,2022-10-31,2022-10-31 00:00:00,2022-10-31 11:01:48.087000,Auction 4. Period CAP3 EU,T3PA,successful,EU,2510500.0,6271500.0,64.0,29.0,3.76,97992.0,368912.0,745631.0,209208.0,284809.0,2.5,17.0,12.0,True,,True,0.2352941176504828,0.5294117647058824,True,-0.3333333333430346,0.5416666666666666,True,61531.5294117647,0.5294117647058824,False,0.0018920533758217672,0.005000696695567448,True,-0.1875,0.5078125,True,-0.004705882352941337,0.005,True,0.7058823529411765,2.0211622283905104,1.3613676341248901,1.1056416011912995,0.8592409571738914,consistent-but-unverified:all N bidders,consistent-but-unverified:successful S bidders,unknown,unknown
emission-spot-primary-market-auction-report-2022-data.xlsx,Primary Market Auction,40,2022-10-28,2022-10-28 00:00:00,2022-10-28 11:00:29.138000,Auction 4. Period DE,T3PA,successful,DE,1861500.0,4441000.0,64.0,47.0,3.56,69391.0,246722.0,443497.0,109500.0,158299.0,2.39,18.0,17.0,True,,True,-0.22222222221898846,0.5277777777777778,True,0.0,0.5294117647058824,True,6083.3333333333285,0.5277777777777778,False,0.0042895514370133725,0.005000909403999293,True,0.375,0.5078125,True,0.004444444444444695,0.005,True,0.9444444444444444,1.7975575749223822,1.4456529680365298,1.028746741840197,0.8943121498635971,consistent-but-unverified:all N bidders,consistent-but-unverified:successful S bidders,unknown,unknown
emission-spot-primary-market-auction-report-2022-data.xlsx,Primary Market Auction,41,2022-10-27,2022-10-27 00:00:00,2022-10-27 11:00:30.368000,Auction 4. Period CAP3 EU,T3PA,successful,EU,2510500.0,4882000.0,78.0,25.0,4.33,62590.0,271222.0,390819.0,228227.0,268231.0,1.94,18.0,11.0,True,,True,-0.2222222222480923,0.5277777777777778,True,-0.27272727273521014,0.5454545454545454,True,88754.77777777778,0.5277777777777778,False,-0.004632543318064286,0.005000586463439677,True,0.2564102564138011,0.5064102564102564,True,-0.0033333333333329662,0.005,True,0.6111111111111112,1.4409561171291414,1.1752816275024427,0.8923898138338817,0.7771581400674986,consistent-but-unverified:all N bidders,consistent-but-unverified:successful S bidders,unknown,unknown
emission-spot-primary-market-auction-report-2022-data.xlsx,Primary Market Auction,42,2022-10-26,2022-10-26 00:00:00,2022-10-26 11:00:41.905000,Auction 4. Period CAP3 PL,T3PA,successful,PL,3101500.0,7930500.0,91.0,35.0,4.33,87148.0,377643.0,761956.0,221536.0,348642.0,2.56,21.0,14.0,True,,True,0.1428571428405121,0.5238095238095238,True,0.285714285710128,0.5357142857142857,True,73845.52380952382,0.5238095238095238,False,0.0030114460744803395,0.005000573430431428,True,-0.3516483516432345,0.5054945054945055,True,-0.0033333333333329662,0.005,True,0.6666666666666666,2.0176621835966775,1.5737487360970677,1.104482420216008,0.9453634882852656,consistent-but-unverified:all N bidders,consistent-but-unverified:successful S bidders,unknown,unknown
emission-spot-primary-market-auction-report-2022-data.xlsx,Primary Market Auction,43,2022-10-25,2022-10-25 00:00:00,2022-10-25 11:00:31.143000,Auction 4. Period CAP3 EU,T3PA,successful,EU,2510500.0,5010500.0,64.0,27.0,4.0,78289.0,313156.0,438447.0,209208.0,322153.0,2.0,16.0,12.0,True,,True,-0.25,0.53125,True,-0.3333333333430346,0.5416666666666666,True,52301.75,0.53125,False,0.004182433778131767,0.005000596657630694,True,-0.0625,0.5078125,True,0.0,0.005,True,0.75,1.400091328283667,1.5398694122595695,0.8755067900814136,0.932112667212545,consistent-but-unverified:all N bidders,consistent-but-unverified:successful S bidders,unknown,unknown
emission-spot-primary-market-auction-report-2022-data.xlsx,Primary Market Auction,44,2022-10-24,2022-10-24 00:00:00,2022-10-24 11:00:47.923000,Auction 4. Period CAP3 EU,T3PA,successful,EU,2510500.0,5385500.0,71.0,22.0,3.74,75852.0,283447.0,431640.0,228227.0,343924.0,2.15,19.0,11.0,True,,True,-0.36842105264076963,0.5263157894736842,True,-0.27272727273521014,0.5454545454545454,True,96095.42105263157,0.5263157894736842,False,0.004809798844851443,0.0050006264072153745,True,-0.11267605633474886,0.5070422535211268,True,0.0031578947368422483,0.005,True,0.5789473684210527,1.5228243728104371,1.5069382676019927,0.9253790567764033,0.9190621948610109,consistent-but-unverified:all N bidders,consistent-but-unverified:successful S bidders,unknown,unknown
emission-spot-primary-market-auction-report-2022-data.xlsx,Primary Market Auction,45,2022-10-21,2022-10-21 00:00:00,2022-10-21 11:00:47.637000,Auction 4. Period DE,T3PA,successful,DE,1861500.0,4923500.0,71.0,26.0,4.18,69345.0,289618.0,467946.0,169227.0,227843.0,2.64,17.0,11.0,True,,True,0.3529411764466204,0.5294117647058824,True,-0.27272727273521014,0.5454545454545454,True,59727.0,0.5294117647058824,False,-0.004910018802041449,0.005000979025175725,True,-0.07042253520921804,0.5070422535211268,True,0.003529411764705337,0.005,True,0.6470588235294118,1.6157352098281184,1.346374987442902,0.9615452089872503,0.852871578652799,consistent-but-unverified:all N bidders,consistent-but-unverified:successful S bidders,unknown,unknown
emission-spot-primary-market-auction-report-2022-data.xlsx,Primary Market Auction,46,2022-10-20,2022-10-20 00:00:00,2022-10-20 11:00:39.542000,Auction 4. Period CAP3 EU,T3PA,successful,EU,2510500.0,6175500.0,80.0,21.0,4.71,77194.0,363265.0,593651.0,278944.0,384801.0,2.46,17.0,9.0,True,,True,0.2941176470485516,0.5294117647058824,True,-0.4444444444379769,0.5555555555555556,True,131267.5294117647,0.5294117647058824,False,0.000131447918741312,0.005000689079673769,True,0.25,0.50625,True,0.004117647058823337,0.005,True,0.5294117647058824,1.6342091861313366,1.3794919410347597,0.968583017833329,0.8668869947419247,consistent-but-unverified:all N bidders,consistent-but-unverified:successful S bidders,unknown,unknown
emission-spot-primary-market-auction-report-2022-data.xlsx,Primary Market Auction,48,2022-10-18,2022-10-18 00:00:00,2022-10-18 11:00:33.344000,Auction 4. Period CAP3 EU,T3PA,successful,EU,2510500.0,6788500.0,75.0,19.0,3.75,90513.0,339425.0,466138.0,209208.0,194749.0,2.7,20.0,12.0,True,,True,0.0,0.525,True,-0.3333333333430346,0.5416666666666666,True,83683.0,0.525,False,-0.00404301931886053,0.005000737710328195,True,-0.3333333333284827,0.5066666666666667,True,0.0,0.005,True,0.6,1.3733166384326434,0.9308869641696302,0.8642884023627652,0.657979464275526,consistent-but-unverified:all N bidders,consistent-but-unverified:successful S bidders,unknown,unknown
emission-spot-primary-market-auction-report-2022-data.xlsx,Primary Market Auction,49,2022-10-17,2022-10-17 00:00:00,2022-10-17 11:00:44.569000,Auction 4. Period CAP3 EU,T3PA,successful,EU,2510500.0,5754000.0,85.0,47.0,4.47,67694.0,302842.0,544157.0,156906.0,226847.0,2.29,19.0,16.0,True,,True,-0.10526315792230889,0.5263157894736842,True,-0.25,0.53125,True,24774.421052631573,0.5263157894736842,False,-0.001973710416251606,0.005000655641140588,True,-0.1176470588252414,0.5058823529411764,True,-0.0036842105263161784,0.005,True,0.8421052631578947,1.7968346530534074,1.445750959173008,1.02848829665311,0.8943522165348226,consistent-but-unverified:all N bidders,consistent-but-unverified:successful S bidders,unknown,unknown
emission-spot-primary-market-auction-report-2022-data.xlsx,Primary Market Auction,50,2022-10-14,2022-10-14 00:00:00,2022-10-14 11:00:26.781000,Auction 4. Period DE,T3PA,successful,DE,1861500.0,5928500.0,67.0,30.0,4.47,88485.0,395233.0,613339.0,143192.0,206430.0,3.18,15.0,13.0,True,,True,-0.3333333333139308,0.5333333333333333,True,-0.3076923076878302,0.5384615384615384,True,19092.0,0.5333333333333333,False,-0.004797206553854405,0.005001124039232337,True,-0.07462686566577759,0.5074626865671642,True,0.0033333333333329662,0.005,True,0.8666666666666667,1.5518415719335177,1.4416308173640986,0.9368152835921476,0.8926661838190162,consistent-but-unverified:all N bidders,consistent-but-unverified:successful S bidders,unknown,unknown
emission-spot-primary-market-auction-report-2022-data.xlsx,Primary Market Auction,51,2022-10-13,2022-10-13 00:00:00,2022-10-13 11:00:59.459000,Auction 4. Period CAP3 EU,T3PA,successful,EU,2510500.0,6003500.0,64.0,25.0,4.27,93805.0,400233.0,644127.0,209208.0,304321.0,2.39,15.0,12.0,True,,True,-0.3333333333139308,0.5333333333333333,True,-0.3333333333430346,0.5416666666666666,True,41841.33333333334,0.5333333333333333,False,-0.0013563035251942246,0.005000675434530929,True,0.3125,0.5078125,True,0.0033333333333329662,0.005,True,0.8,1.609380036128955,1.454633666016596,0.9591126590687126,0.8979775305669652,consistent-but-unverified:all N bidders,consistent-but-unverified:successful S bidders,unknown,unknown
emission-spot-primary-market-auction-report-2022-data.xlsx,Primary Market Auction,52,2022-10-12,2022-10-12 00:00:00,2022-10-12 11:00:39.414000,Auction 4. Period CAP3 PL,T3PA,successful,PL,3101500.0,7662500.0,101.0,46.0,5.61,75866.0,425694.0,681887.0,221536.0,282685.0,2.47,18.0,14.0,True,,True,-0.4444444444379769,0.5277777777777778,True,0.285714285710128,0.5357142857142857,True,49230.44444444444,0.5277777777777778,False,-0.0005787522166693648,0.00500055950010487,True,-0.3366336633625906,0.504950495049505,True,-0.0011111111111103966,0.005,True,0.7777777777777778,1.6018243151183713,1.2760228585873177,0.9562128586402965,0.8224295595296954,consistent-but-unverified:all N bidders,consistent-but-unverified:successful S bidders,unknown,unknown
emission-spot-primary-market-auction-report-2022-data.xlsx,Primary Market Auction,53,2022-10-11,2022-10-11 00:00:00,2022-10-11 11:00:27.713000,Auction 4. Period CAP3 EU,T3PA,successful,EU,2510500.0,5030500.0,68.0,17.0,4.0,73978.0,295912.0,350520.0,251050.0,290359.0,2.0,17.0,10.0,True,,True,0.2352941176504828,0.5294117647058824,True,0.0,0.55,True,103373.5294117647,0.5294117647058824,False,-0.0037841067516430904,0.0050005982442752105,True,0.0588235294126207,0.5073529411764706,True,0.0,0.005,True,0.5882352941176471,1.1845413501311202,1.1565783708424617,0.7814058981068904,0.7685228781298424,consistent-but-unverified:all N bidders,consistent-but-unverified:successful S bidders,unknown,unknown
emission-spot-primary-market-auction-report-2022-data.xlsx,Primary Market Auction,54,2022-10-10,2022-10-10 00:00:00,2022-10-10 11:00:34.386000,Auction 4. Period CAP3 EU,T3PA,successful,EU,2510500.0,4884000.0,77.0,15.0,4.05,63429.0,257053.0,399926.0,228227.0,414652.0,1.95,19.0,11.0,True,,True,0.36842105264076963,0.5263157894736842,True,-0.27272727273521014,0.5454545454545454,True,96095.42105263157,0.5263157894736842,False,0.00457080262895837,0.005000586622104128,True,0.428571428572468,0.5064935064935064,True,-0.002631578947368318,0.005,True,0.5789473684210527,1.5558114474446905,1.816840251153457,0.9383697651888873,1.0356157784305149,consistent-but-unverified:all N bidders,consistent-but-unverified:successful S bidders,unknown,unknown
emission-spot-primary-market-auction-report-2022-data.xlsx,Primary Market Auction,55,2022-10-07,2022-10-07 00:00:00,2022-10-07 11:00:33.553000,Auction 4. Period DE,T3PA,successful,DE,1861500.0,3768500.0,80.0,38.0,4.21,47106.0,198342.0,284600.0,116344.0,220447.0,2.02,19.0,16.0,True,,True,-0.10526315789320506,0.5263157894736842,True,0.25,0.53125,True,18370.31578947368,0.5263157894736842,False,-0.004442653773838234,0.005000812367230067,True,-0.25,0.50625,True,-0.000526315789473486,0.005,True,0.8421052631578947,1.434895281886842,1.8947861514130508,0.8899037502245145,1.06291124004546,consistent-but-unverified:all N bidders,consistent-but-unverified:successful S bidders,unknown,unknown
emission-spot-primary-market-auction-report-2022-data.xlsx,Primary Market Auction,56,2022-10-06,2022-10-06 00:00:00,2022-10-06 11:00:20.612000,Auction 4. Period CAP3 EU,T3PA,successful,EU,2510500.0,6652500.0,73.0,26.0,3.84,91130.0,350132.0,643859.0,179321.0,338012.0,2.65,19.0,14.0,True,,True,0.42105263157282025,0.5263157894736842,True,-0.42857142857974395,0.5357142857142857,True,47189.42105263157,0.5263157894736842,False,0.0001294562836089419,0.005000726921145483,True,-0.1369863013678696,0.5068493150684932,True,-0.002105263157894832,0.005,True,0.7368421052631579,1.8389036134943393,1.884954913256116,1.0434179260495167,1.0595092718504633,consistent-but-unverified:all N bidders,consistent-but-unverified:successful S bidders,unknown,unknown
emission-spot-primary-market-auction-report-2022-data.xlsx,Primary Market Auction,57,2022-10-04,2022-10-04 00:00:00,2022-10-04 11:00:37.682000,Auction 4. Period CAP3 EU,T3PA,successful,EU,2510500.0,3528500.0,73.0,27.0,4.06,48336.0,196028.0,286908.0,167367.0,266264.0,1.41,18.0,15.0,True,,True,0.22222222221898846,0.5277777777777778,True,0.3333333333430346,0.5333333333333333,True,27894.77777777778,0.5277777777777778,False,0.004503087034455122,0.005000479087272035,True,0.38356164383731084,0.5068493150684932,True,0.004444444444444251,0.005,True,0.8333333333333334,1.4636072397820719,1.5908990422245723,0.9016266335267383,0.9520049360290743,consistent-but-unverified:all N bidders,consistent-but-unverified:successful S bidders,unknown,unknown
emission-spot-primary-market-auction-report-2022-data.xlsx,Primary Market Auction,58,2022-10-03,2022-10-03 00:00:00,2022-10-03 11:01:03.034000,Auction 4. Period CAP3 EU,T3PA,successful,EU,2510500.0,4440500.0,71.0,42.0,4.44,62542.0,277531.0,305481.0,179321.0,246335.0,1.77,16.0,14.0,True,,True,-0.25,0.53125,True,-0.42857142857974395,0.5357142857142857,True,22414.75,0.53125,False,0.0012288388767178748,0.005000551438261979,True,-0.2535211267604609,0.5070422535211268,True,0.002500000000000391,0.005,True,0.875,1.1007094702934086,1.3737097160957166,0.7422751306701436,0.8644540124245659,consistent-but-unverified:all N bidders,consistent-but-unverified:successful S bidders,unknown,unknown
emission-spot-primary-market-auction-report-2022-data.xlsx,Primary Market Auction,59,2022-09-30,2022-09-30 00:00:00,2022-09-30 11:00:30.171000,Auction 4. Period DE,T3PA,successful,DE,1861500.0,3037500.0,60.0,37.0,4.29,50625.0,216964.0,290482.0,206833.0,231478.0,1.63,14.0,9.0,True,,True,-0.285714285710128,0.5357142857142857,True,-0.3333333333430346,0.5555555555555556,True,73868.71428571429,0.5357142857142857,False,-0.0017485898468978522,0.005000706889344114,True,0.0,0.5083333333333333,True,0.004285714285714448,0.005,True,0.6428571428571429,1.3388488412824247,1.1191541001677683,0.8496588601535046,0.7510169997036806,consistent-but-unverified:all N bidders,consistent-but-unverified:successful S bidders,unknown,unknown
emission-spot-primary-market-auction-report-2022-data.xlsx,Primary Market Auction,60,2022-09-29,2022-09-29 00:00:00,2022-09-29 11:00:21.793000,Auction 4. Period CAP3 EU,T3PA,successful,EU,2510500.0,4296000.0,69.0,25.0,4.31,62261.0,268500.0,336423.0,251050.0,271479.0,1.71,16.0,10.0,True,,True,0.0,0.53125,True,0.0,0.55,True,94143.75,0.53125,False,-0.0012129057956582479,0.0050005399747553485,True,0.13043478260806296,0.5072463768115942,True,-0.002500000000000391,0.005,True,0.625,1.2529720670391062,1.081374228241386,0.8122502632547886,0.7330283622103952,consistent-but-unverified:all N bidders,consistent-but-unverified:successful S bidders,unknown,unknown
emission-spot-primary-market-auction-report-2022-data.xlsx,Primary Market Auction,61,2022-09-28,2022-09-28 00:00:00,2022-09-28 11:00:39.976000,Auction 4. Period CAP3 PL,T3PA,successful,PL,3101500.0,4663000.0,76.0,44.0,4.47,61355.0,274294.0,304113.0,221536.0,256101.0,1.5,17.0,14.0,True,,True,-0.11764705879613757,0.5294117647058824,True,0.285714285710128,0.5357142857142857,True,39094.82352941178,0.5294117647058824,False,-0.0034660648073512323,0.005000403589602964,True,-0.2631578947402886,0.506578947368421,True,-0.0005882352941180002,0.005,True,0.8235294117647058,1.1087118201637658,1.1560243030478117,0.7460772492790513,0.768265925268846,consistent-but-unverified:all N bidders,consistent-but-unverified:successful S bidders,unknown,unknown
emission-spot-primary-market-auction-report-2022-data.xlsx,Primary Market Auction,62,2022-09-27,2022-09-27 00:00:00,2022-09-27 11:00:31.220000,Auction 4. Period CAP3 EU,T3PA,successful,EU,2510500.0,4831500.0,81.0,36.0,4.05,59648.0,241575.0,274427.0,156906.0,193158.0,1.92,20.0,16.0,True,,True,0.0,0.525,True,-0.25,0.53125,True,31381.0,0.525,False,-0.004517028480382379,0.005000582457162273,True,-0.1481481481459923,0.5061728395061729,True,0.0,0.005,True,0.8,1.1359908930973817,1.231042789950671,0.7589306575576712,0.8024690949843832,consistent-but-unverified:all N bidders,consistent-but-unverified:successful S bidders,unknown,unknown
emission-spot-primary-market-auction-report-2022-data.xlsx,Primary Market Auction,63,2022-09-26,2022-09-26 00:00:00,2022-09-26 11:00:47.161000,Auction 4. Period CAP3 EU,T3PA,successful,EU,2510500.0,4546500.0,67.0,13.0,4.19,67858.0,284156.0,438621.0,278944.0,457267.0,1.81,16.0,9.0,True,,True,-0.25,0.53125,True,-0.4444444444379769,0.5555555555555556,True,122037.75,0.53125,False,-0.0009938259310893205,0.005000559847477916,True,-0.20895522387581877,0.5074626865671642,True,0.002500000000000391,0.005,True,0.5625,1.5435922521431888,1.6392788516691523,0.9335773543863432,0.9705057175960895,consistent-but-unverified:all N bidders,consistent-but-unverified:successful S bidders,unknown,unknown
emission-spot-primary-market-auction-report-2022-data.xlsx,Primary Market Auction,64,2022-09-23,2022-09-23 00:00:00,2022-09-23 11:00:33.407000,Auction 4. Period DE,T3PA,successful,DE,1861500.0,2958000.0,53.0,39.0,3.79,55811.0,211286.0,291236.0,143192.0,220868.0,1.59,14.0,13.0,True,,True,0.285714285710128,0.5357142857142857,True,-0.3076923076878302,0.5384615384615384,True,10227.71428571429,0.5357142857142857,False,0.0009589041095892092,0.005000695418082919,True,-0.32075471698044566,0.5094339622641509,True,0.004285714285714448,0.005,True,0.9285714285714286,1.3783970542298116,1.5424604726521034,0.8664267541497779,0.9331323021735539,consistent-but-unverified:all N bidders,consistent-but-unverified:successful S bidders,unknown,unknown
emission-spot-primary-market-auction-report-2022-data.xlsx,Primary Market Auction,65,2022-09-22,2022-09-22 00:00:00,2022-09-22 11:00:31.462000,Auction 4. Period CAP3 EU,T3PA,successful,EU,2511500.0,4229000.0,73.0,28.0,3.65,57932.0,211450.0,314356.0,167433.0,256313.0,1.68,20.0,15.0,True,,True,0.0,0.525,True,-0.3333333333430346,0.5333333333333333,True,41858.0,0.525,False,-0.0038542703563608782,0.005000534313080945,True,0.4931506849316065,0.5068493150684932,True,0.0,0.005,True,0.75,1.4866682430834712,1.5308392013521828,0.9109437594951355,0.9285509478783024,consistent-but-unverified:all N bidders,consistent-but-unverified:successful S bidders,unknown,unknown
emission-spot-primary-market-auction-report-2022-data.xlsx,Primary Market Auction,67,2022-09-20,2022-09-20 00:00:00,2022-09-20 11:00:43.003000,Auction 4. Period CAP3 EU,T3PA,successful,EU,2510500.0,5304500.0,81.0,22.0,3.86,65488.0,252595.0,439275.0,193115.0,275286.0,2.11,21.0,13.0,True,,True,-0.23809523810632527,0.5238095238095238,True,-0.38461538462433964,0.5384615384615384,True,73567.38095238095,0.5238095238095238,False,-0.002925712009560044,0.005000619981305084,True,0.34567901234549936,0.5061728395061729,True,0.0028571428571426694,0.005,True,0.6190476190476191,1.7390486747560323,1.4255029386634908,1.0076106611183044,0.8860389002725881,consistent-but-unverified:all N bidders,consistent-but-unverified:successful S bidders,unknown,unknown
emission-spot-primary-market-auction-report-2022-data.xlsx,Primary Market Auction,68,2022-09-19,2022-09-19 00:00:00,2022-09-19 11:00:43.251000,Auction 4. Period CAP3 EU,T3PA,successful,EU,2510500.0,6251000.0,90.0,35.0,5.29,69456.0,367706.0,661058.0,209208.0,351974.0,2.49,17.0,12.0,True,,True,0.11764705879613757,0.5294117647058824,True,-0.3333333333430346,0.5416666666666666,True,61531.5294117647,0.5294117647058824,False,5.7757418840953534e-05,0.0050006950692568185,True,0.4444444444379769,0.5055555555555555,True,-0.004117647058823337,0.005,True,0.7058823529411765,1.7977895383812068,1.6824117624565027,1.0288296548228093,0.9867163012096646,consistent-but-unverified:all N bidders,consistent-but-unverified:successful S bidders,unknown,unknown
emission-spot-primary-market-auction-report-2022-data.xlsx,Primary Market Auction,69,2022-09-16,2022-09-16 00:00:00,2022-09-16 11:00:35.994000,Auction 4. Period DE,T3PA,successful,DE,1861500.0,3102500.0,75.0,32.0,4.41,41367.0,182500.0,190978.0,132964.0,178637.0,1.67,17.0,14.0,True,,True,0.0,0.5294117647058824,True,-0.285714285710128,0.5357142857142857,True,23464.0,0.5294117647058824,False,0.0033333333333331883,0.005000716268362701,True,0.33333333333575865,0.5066666666666667,True,-0.0017647058823531125,0.005,True,0.8235294117647058,1.046454794520548,1.3434989922084173,0.716108927539749,0.8516451083435854,consistent-but-unverified:all N bidders,consistent-but-unverified:successful S bidders,unknown,unknown
emission-spot-primary-market-auction-report-2022-data.xlsx,Primary Market Auction,70,2022-09-15,2022-09-15 00:00:00,2022-09-15 11:00:31.447000,Auction 4. Period CAP3 EU,T3PA,successful,EU,2510500.0,3550500.0,84.0,36.0,4.67,42268.0,197250.0,240667.0,209208.0,261319.0,1.41,18.0,12.0,True,,True,0.0,0.5277777777777778,True,-0.3333333333430346,0.5416666666666666,True,69735.77777777778,0.5277777777777778,False,-0.004260107548297309,0.005000480832581003,True,0.142857142855064,0.5059523809523809,True,0.0033333333333329662,0.005,True,0.6666666666666666,1.2201115335868187,1.24908703300065,0.7975574349766066,0.81052437076138,consistent-but-unverified:all N bidders,consistent-but-unverified:successful S bidders,unknown,unknown
emission-spot-primary-market-auction-report-2022-data.xlsx,Primary Market Auction,71,2022-09-14,2022-09-14 00:00:00,2022-09-14 11:00:44.037000,Auction 4. Period CAP3 PL,T3PA,successful,PL,3101500.0,5838500.0,83.0,39.0,4.15,70343.0,291925.0,419520.0,182441.0,246809.0,1.88,20.0,17.0,True,,True,0.0,0.525,True,-0.1764705882233102,0.5294117647058824,True,27366.0,0.525,False,-0.002476221183298488,0.005000464690718146,True,-0.37349397590151057,0.5060240963855421,True,0.0,0.005,True,0.85,1.4370814421512375,1.3528154307419933,0.8908011931044599,0.8556126666949962,consistent-but-unverified:all N bidders,consistent-but-unverified:successful S bidders,unknown,unknown
emission-spot-primary-market-auction-report-2022-data.xlsx,Primary Market Auction,72,2022-09-13,2022-09-13 00:00:00,2022-09-13 11:00:38.652000,Auction 4. Period CAP3 EU,T3PA,successful,EU,2510500.0,4820000.0,87.0,49.0,4.14,55402.0,229524.0,395025.0,139472.0,173860.0,1.92,21.0,18.0,True,,True,0.19047619047341868,0.5238095238095238,True,-0.22222222221898846,0.5277777777777778,True,19924.380952380947,0.5238095238095238,False,6.373232423806385e-05,0.005000581544841676,True,-0.29885057471256005,0.5057471264367817,True,-0.0028571428571435575,0.005,True,0.8571428571428571,1.7210618497412036,1.2465584490076862,1.001022190061409,0.8093994669985168,consistent-but-unverified:all N bidders,consistent-but-unverified:successful S bidders,unknown,unknown
emission-spot-primary-market-auction-report-2022-data.xlsx,Primary Market Auction,73,2022-09-12,2022-09-12 00:00:00,2022-09-12 11:00:26.756000,Auction 4. Period CAP3 EU,T3PA,successful,EU,2510500.0,5241500.0,78.0,23.0,4.11,67199.0,275868.0,446277.0,278944.0,263028.0,2.09,19.0,9.0,True,,True,-0.42105263157282025,0.5263157894736842,True,-0.4444444444379769,0.5555555555555556,True,146812.42105263157,0.5263157894736842,False,0.002168890659230982,0.005000614983374858,True,0.28205128204717766,0.5064102564102564,True,0.00473684210526315,0.005,True,0.47368421052631576,1.6177193440341033,0.9429419525065963,0.9623034593095291,0.6642032947594251,consistent-but-unverified:all N bidders,consistent-but-unverified:successful S bidders,unknown,unknown
emission-spot-primary-market-auction-report-2022-data.xlsx,Primary Market Auction,74,2022-09-09,2022-09-09 00:00:00,2022-09-09 11:00:45.871000,Auction 4. Period DE,T3PA,successful,DE,1861500.0,4143000.0,69.0,48.0,4.06,60043.0,243706.0,417777.0,124100.0,153723.0,2.23,17.0,15.0,True,,True,0.1176470588252414,0.5294117647058824,True,0.0,0.5333333333333333,True,14600.0,0.5294117647058824,False,0.004375503626107946,0.005000866404806387,True,-0.47826086956774816,0.5072463768115942,True,0.0011764705882351123,0.005,True,0.8823529411764706,1.7142663701345062,1.23870265914585,0.9985217032931811,0.8058965280590293,consistent-but-unverified:all N bidders,consistent-but-unverified:successful S bidders,unknown,unknown
emission-spot-primary-market-auction-report-2022-data.xlsx,Primary Market Auction,76,2022-09-06,2022-09-06 00:00:00,2022-09-06 11:00:22.425000,Auction 4. Period CAP3 EU,T3PA,successful,EU,2510500.0,5663000.0,74.0,34.0,3.7,76527.0,283150.0,425804.0,167367.0,240113.0,2.26,20.0,15.0,True,,True,0.0,0.525,True,0.3333333333430346,0.5333333333333333,True,41842.0,0.525,False,0.0042740489942239,0.005000648421908039,True,-0.027027027026633732,0.5067567567567568,True,0.0,0.005,True,0.75,1.5038107010418507,1.4346496023708377,0.917813851754673,0.8898028457161663,consistent-but-unverified:all N bidders,consistent-but-unverified:successful S bidders,unknown,unknown
emission-spot-primary-market-auction-report-2022-data.xlsx,Primary Market Auction,77,2022-09-05,2022-09-05 00:00:00,2022-09-05 11:01:03.890000,Auction 4. Period CAP3 EU,T3PA,successful,EU,2510500.0,5335000.0,72.0,40.0,3.6,74097.0,266750.0,430312.0,139472.0,221500.0,2.13,20.0,18.0,True,,True,0.0,0.525,True,-0.22222222221898846,0.5277777777777778,True,13947.0,0.525,False,0.00492531368253335,0.005000622400937971,True,-0.22222222221898846,0.5069444444444444,True,0.0,0.005,True,0.9,1.613165885660731,1.5881323849948377,0.9605624692768407,0.9509365287286781,consistent-but-unverified:all N bidders,consistent-but-unverified:successful S bidders,unknown,unknown
emission-spot-primary-market-auction-report-2022-data.xlsx,Primary Market Auction,78,2022-09-02,2022-09-02 00:00:00,2022-09-02 11:00:38.722000,Auction 4. Period DE,T3PA,successful,DE,1861500.0,2933500.0,72.0,47.0,4.24,40743.0,172559.0,238153.0,116344.0,219920.0,1.58,17.0,16.0,True,,True,0.1764705882233102,0.5294117647058824,True,0.25,0.53125,True,6844.0,0.5294117647058824,False,0.004120333064732806,0.005000691882914375,True,-0.055555555554747116,0.5069444444444444,True,0.004705882352941337,0.005,True,0.9411764705882353,1.3801250586755833,1.8902564807811317,0.8671530319649182,1.061345245861631,consistent-but-unverified:all N bidders,consistent-but-unverified:successful S bidders,unknown,unknown
emission-spot-primary-market-auction-report-2022-data.xlsx,Primary Market Auction,79,2022-09-01,2022-09-01 00:00:00,2022-09-01 11:00:32.455000,Auction 4. Period CAP3 EU,T3PA,successful,EU,2510500.0,4576500.0,69.0,43.0,4.31,66326.0,286031.0,463455.0,156906.0,240601.0,1.82,16.0,16.0,True,,True,-0.25,0.53125,True,-0.25,0.53125,True,-0.25,0.53125,True,-0.0029436367257518192,0.00500056222744469,True,-0.08695652174355928,0.5072463768115942,True,-0.002500000000000391,0.005,True,1.0,1.6202964014390049,1.533408537595758,0.9632874416944843,0.9295656440766207,consistent-but-unverified:all N bidders,consistent-but-unverified:successful S bidders,unknown,unknown
emission-spot-primary-market-auction-report-2022-data.xlsx,Primary Market Auction,80,2022-08-31,2022-08-31 00:00:00,2022-08-31 11:00:36.057000,Auction 4. Period CAP3 PL,T3PA,successful,PL,1334500.0,3447000.0,59.0,33.0,3.47,58424.0,202765.0,413321.0,83406.0,107636.0,2.58,17.0,16.0,True,,True,0.2941176470485516,0.5294117647058824,True,-0.25,0.53125,True,4906.0,0.5294117647058824,False,-0.002989883851629571,0.005001342446928298,True,0.27118644068104913,0.5084745762711864,True,-0.0005882352941175562,0.005,True,0.9411764705882353,2.0384237910882055,1.29050667817663,1.1113388911822109,0.8287730499381523,consistent-but-unverified:all N bidders,consistent-but-unverified:successful S bidders,unknown,unknown
emission-spot-primary-market-auction-report-2022-data.xlsx,Primary Market Auction,81,2022-08-30,2022-08-30 00:00:00,2022-08-30 11:00:56.656000,Auction 4. Period CAP3 EU,T3PA,successful,EU,1295500.0,3140000.0,47.0,34.0,3.92,66809.0,261667.0,480175.0,117773.0,145091.0,2.42,12.0,11.0,True,,True,0.3333333333430346,0.5416666666666666,True,0.2727272727206582,0.5454545454545454,True,9814.666666666672,0.5416666666666666,False,-0.0037746043998456713,0.005001321410860617,True,0.4893617021298269,0.5106382978723404,True,0.0033333333333334103,0.005,True,0.9166666666666666,1.835061356609737,1.2319546925016769,1.042063579488636,0.8028777452546474,consistent-but-unverified:all N bidders,consistent-but-unverified:successful S bidders,unknown,unknown
emission-spot-primary-market-auction-report-2022-data.xlsx,Primary Market Auction,82,2022-08-29,2022-08-29 00:00:00,2022-08-29 11:00:24.591000,Auction 4. Period CAP3 EU,T3PA,successful,EU,1146500.0,3253000.0,56.0,28.0,4.31,58089.0,250231.0,477082.0,114650.0,183911.0,2.84,13.0,10.0,True,,True,0.23076923078042455,0.5384615384615384,True,0.0,0.55,True,26457.692307692312,0.5384615384615384,False,0.0026689925861314023,0.0050016734985803765,True,-0.285714285717404,0.5089285714285714,True,0.002307692307692122,0.005,True,0.7692307692307693,1.9065663327085773,1.6041081552551244,1.0669724300934365,0.95709025775996,consistent-but-unverified:all N bidders,consistent-but-unverified:successful S bidders,unknown,unknown
emission-spot-primary-market-auction-report-2022-data.xlsx,Primary Market Auction,83,2022-08-26,2022-08-26 00:00:00,2022-08-26 11:00:36.127000,Auction 4. Period DE,T3PA,successful,DE,982000.0,1940000.0,60.0,12.0,4.0,32333.0,129333.0,132663.0,109111.0,144310.0,1.98,15.0,9.0,True,,True,-0.3333333333284827,0.5333333333333333,True,-0.11111111110949423,0.5555555555555556,True,43644.333333333336,0.5333333333333333,False,0.004439918533604814,0.0050015150514701396,True,-0.3333333333321207,0.5083333333333333,True,0.0,0.005,True,0.6,1.0257474890399203,1.3225980881854258,0.7059387628367251,0.842686424693655,consistent-but-unverified:all N bidders,consistent-but-unverified:successful S bidders,unknown,unknown
emission-spot-primary-market-auction-report-2022-data.xlsx,Primary Market Auction,84,2022-08-25,2022-08-25 00:00:00,2022-08-25 11:00:41.861000,Auction 4. Period CAP3 EU,T3PA,successful,EU,1146500.0,3756000.0,61.0,9.0,3.59,61574.0,220941.0,422349.0,191083.0,171830.0,3.28,17.0,6.0,True,,True,-0.1764705882233102,0.5294117647058824,True,-0.3333333333430346,0.5833333333333334,True,123641.82352941176,0.5294117647058824,False,0.003942433493240305,0.005001864831659498,True,0.22950819672405487,0.5081967213114754,True,0.0017647058823526685,0.005,True,0.35294117647058826,1.9115917824215514,0.8992427374491713,1.0686999358996752,0.6414552474892737,consistent-but-unverified:all N bidders,consistent-but-unverified:successful S bidders,unknown,unknown
emission-spot-primary-market-auction-report-2022-data.xlsx,Primary Market Auction,85,2022-08-23,2022-08-23 00:00:00,2022-08-23 11:01:49.958000,Auction 4. Period CAP3 EU,T3PA,successful,EU,1146500.0,3161500.0,50.0,30.0,3.57,63230.0,225821.0,453708.0,114650.0,136214.0,2.76,14.0,10.0,True,,True,-0.42857142857974395,0.5357142857142857,True,0.0,0.55,True,32757.142857142855,0.5357142857142857,False,0.002477104230265592,0.005001638693457633,True,0.0,0.51,True,-0.0014285714285717788,0.005,True,0.7142857142857143,2.0091488391247934,1.1880854775403402,1.1016572610722277,0.7830269503141812,consistent-but-unverified:all N bidders,consistent-but-unverified:successful S bidders,unknown,unknown
emission-spot-primary-market-auction-report-2022-data.xlsx,Primary Market Auction,86,2022-08-22,2022-08-22 00:00:00,2022-08-22 11:00:30.371000,Auction 4. Period CAP3 EU,T3PA,successful,EU,1146500.0,3565500.0,67.0,21.0,4.19,53216.0,222844.0,421774.0,163786.0,140406.0,3.11,16.0,7.0,True,,True,0.25,0.53125,True,0.285714285710128,0.5714285714285714,True,92129.75,0.53125,False,0.00010030527692972413,0.005001792368535099,True,-0.4179104477589135,0.5074626865671642,True,0.002500000000000391,0.005,True,0.4375,1.8926872610436,0.8572527566458672,1.0621859181953583,0.6190983833108212,consistent-but-unverified:all N bidders,consistent-but-unverified:successful S bidders,unknown,unknown
emission-spot-primary-market-auction-report-2022-data.xlsx,Primary Market Auction,87,2022-08-19,2022-08-19 00:00:00,2022-08-19 11:00:37.971000,Auction 4. Period DE,T3PA,successful,DE,972000.0,2810000.0,53.0,5.0,3.12,53019.0,165294.0,228470.0,324000.0,301957.0,2.89,17.0,3.0,True,,True,-0.1176470588252414,0.5294117647058824,True,0.0,0.6666666666666666,True,266823.5294117647,0.5294117647058824,False,-0.0009465020576131522,0.005002001516455335,True,0.13207547170168255,0.5094339622641509,True,0.0023529411764706687,0.005,True,0.17647058823529413,1.3822038307500575,0.9319660493827161,0.8680260385357648,0.6585381628526498,consistent-but-unverified:all N bidders,consistent-but-unverified:successful S bidders,unknown,unknown
emission-spot-primary-market-auction-report-2022-data.xlsx,Primary Market Auction,88,2022-08-18,2022-08-18 00:00:00,2022-08-18 11:00:28.036000,Auction 4. Period CAP3 EU,T3PA,successful,EU,1146500.0,4051500.0,75.0,15.0,4.17,54020.0,225083.0,400757.0,114650.0,139254.0,3.53,18.0,10.0,True,,True,-0.3333333333430346,0.5277777777777778,True,0.0,0.55,True,50955.555555555555,0.5277777777777778,False,-0.0037985172263410583,0.005001977235088684,True,0.0,0.5066666666666667,True,0.0033333333333329662,0.005,True,0.5555555555555556,1.7804854209336112,1.2146009594417793,1.0226255243062943,0.795072233516573,consistent-but-unverified:all N bidders,consistent-but-unverified:successful S bidders,unknown,unknown
emission-spot-primary-market-auction-report-2022-data.xlsx,Primary Market Auction,89,2022-08-17,2022-08-17 00:00:00,2022-08-17 11:00:28.137000,Auction 4. Period CAP3 PL,T3PA,successful,PL,1329000.0,3595500.0,53.0,26.0,3.12,67840.0,211500.0,417103.0,120818.0,146852.0,2.71,17.0,11.0,True,,True,0.0,0.5294117647058824,True,-0.18181818182347342,0.5454545454545454,True,42641.5294117647,0.5294117647058824,False,0.004582392776523836,0.005001394062688135,True,0.37735849057207815,0.5094339622641509,True,0.0023529411764706687,0.005,True,0.6470588235294118,1.9721182033096927,1.2154811369166847,1.0892748983760867,0.7954695974783879,consistent-but-unverified:all N bidders,consistent-but-unverified:successful S bidders,unknown,unknown
emission-spot-primary-market-auction-report-2022-data.xlsx,Primary Market Auction,90,2022-08-16,2022-08-16 00:00:00,2022-08-16 11:00:46.236000,Auction 4. Period CAP3 EU,T3PA,successful,EU,1146500.0,3591500.0,52.0,12.0,3.47,69067.0,239433.0,436141.0,143313.0,151627.0,3.13,15.0,8.0,True,,True,-0.3333333333430346,0.5333333333333333,True,0.5,0.5625,True,66879.66666666667,0.5333333333333333,False,-0.0025774095071957603,0.005001802258515332,True,-0.3076923076878302,0.5096153846153846,True,0.0033333333333334103,0.005,True,0.5333333333333333,1.8215575964883703,1.0580128808970575,1.037289071647156,0.7217408963315601,consistent-but-unverified:all N bidders,consistent-but-unverified:successful S bidders,unknown,unknown
emission-spot-primary-market-auction-report-2022-data.xlsx,Primary Market Auction,91,2022-08-15,2022-08-15 00:00:00,2022-08-15 11:00:46.792000,Auction 4. Period CAP3 EU,T3PA,successful,EU,1146500.0,3180000.0,60.0,12.0,3.53,53000.0,187059.0,255535.0,163786.0,87284.0,2.77,17.0,7.0,True,,True,0.1764705882233102,0.5294117647058824,True,0.285714285710128,0.5714285714285714,True,96344.82352941176,0.5294117647058824,False,-0.0036589620584388527,0.0050016457305589535,True,0.0,0.5083333333333333,True,0.0005882352941175562,0.005,True,0.4117647058823529,1.3660663213210804,0.5329149011515025,0.8612287961528018,0.42717108703216927,consistent-but-unverified:all N bidders,consistent-but-unverified:successful S bidders,unknown,unknown
emission-spot-primary-market-auction-report-2022-data.xlsx,Primary Market Auction,92,2022-08-12,2022-08-12 00:00:00,2022-08-12 11:00:39.069000,Auction 4. Period DE,T3PA,successful,DE,972000.0,3204000.0,70.0,18.0,3.89,45771.0,178000.0,195315.0,121500.0,79289.0,3.3,18.0,8.0,True,,True,0.0,0.5277777777777778,True,0.0,0.5625,True,67500.0,0.5277777777777778,False,0.0037037037037035425,0.005002210029831236,True,-0.428571428572468,0.5071428571428571,True,0.0011111111111112848,0.005,True,0.4444444444444444,1.0972752808988764,0.6525843621399177,0.740639016980293,0.50234034265995,consistent-but-unverified:all N bidders,consistent-but-unverified:successful S bidders,unknown,unknown
emission-spot-primary-market-auction-report-2022-data.xlsx,Primary Market Auction,93,2022-08-11,2022-08-11 00:00:00,2022-08-11 11:00:33.537000,Auction 4. Period CAP3 EU,T3PA,successful,EU,1146500.0,3863000.0,65.0,18.0,2.95,59431.0,175591.0,370905.0,95542.0,148307.0,3.37,22.0,12.0,True,,True,0.09090909091173671,0.5227272727272727,True,0.3333333333284827,0.5416666666666666,True,43428.36363636364,0.5227272727272727,False,0.000614914958569468,0.005001905532731995,True,0.23076923076587263,0.5076923076923077,True,-0.004545454545454408,0.005,True,0.5454545454545454,2.1123235245542196,1.552270205773377,1.135369561244977,0.9369832398828931,consistent-but-unverified:all N bidders,consistent-but-unverified:successful S bidders,unknown,unknown
emission-spot-primary-market-auction-report-2022-data.xlsx,Primary Market Auction,94,2022-08-09,2022-08-09 00:00:00,2022-08-09 11:01:14.569000,Auction 4. Period CAP3 EU,T3PA,successful,EU,1146500.0,4066000.0,70.0,15.0,3.89,58086.0,225889.0,465483.0,229300.0,101667.0,3.55,18.0,5.0,True,,True,0.11111111112404615,0.5277777777777778,True,0.0,0.6,True,165605.55555555556,0.5277777777777778,False,0.0035542956825116434,0.005001982750654583,True,0.285714285717404,0.5071428571428571,True,0.0011111111111112848,0.005,True,0.2777777777777778,2.060671391701234,0.4433798517226341,1.1186343009503341,0.36698748265784326,consistent-but-unverified:all N bidders,consistent-but-unverified:successful S bidders,unknown,unknown
emission-spot-primary-market-auction-report-2022-data.xlsx,Primary Market Auction,95,2022-08-08,2022-08-08 00:00:00,2022-08-08 11:00:34.869000,Auction 4. Period CAP3 EU,T3PA,successful,EU,1146500.0,4141000.0,72.0,25.0,4.0,57514.0,230056.0,468257.0,114650.0,149911.0,3.61,18.0,10.0,True,,True,0.4444444444379769,0.5277777777777778,True,0.0,0.55,True,50955.555555555555,0.5277777777777778,False,-0.0018621892716965682,0.005002011279443716,True,0.11111111110949423,0.5069444444444444,True,0.0,0.005,True,0.5555555555555556,2.035404423270856,1.3075534234627126,1.110344668771071,0.8361878392233814,consistent-but-unverified:all N bidders,consistent-but-unverified:successful S bidders,unknown,unknown
emission-spot-primary-market-auction-report-2022-data.xlsx,Primary Market Auction,96,2022-08-05,2022-08-05 00:00:00,2022-08-05 11:00:21.385000,Auction 4. Period DE,T3PA,successful,DE,972000.0,2383000.0,40.0,16.0,3.08,59575.0,183308.0,300017.0,97200.0,175069.0,2.45,13.0,10.0,True,,True,0.3076923076878302,0.5384615384615384,True,0.0,0.55,True,22430.769230769234,0.5384615384615384,False,-0.0016460905349791055,0.005001775538761148,True,0.0,0.5125,True,0.003076923076922977,0.005,True,0.7692307692307693,1.6366825234032338,1.8011213991769548,0.9695215070263277,1.0300198367086133,consistent-but-unverified:all N bidders,consistent-but-unverified:successful S bidders,unknown,unknown
emission-spot-primary-market-auction-report-2022-data.xlsx,Primary Market Auction,97,2022-08-04,2022-08-04 00:00:00,2022-08-04 11:00:24.038000,Auction 4. Period CAP3 EU,T3PA,successful,EU,1146500.0,3642000.0,47.0,25.0,3.36,77489.0,260143.0,517300.0,104227.0,128630.0,3.18,14.0,11.0,True,,True,0.14285714286961593,0.5357142857142857,True,-0.2727272727206582,0.5454545454545454,True,22334.142857142855,0.5357142857142857,False,0.0033754906236374005,0.005001821467900015,True,-0.3617021276586456,0.5106382978723404,True,0.0028571428571426694,0.005,True,0.7857142857142857,1.9885216976816598,1.2341331900563193,1.0947788496478714,0.803853318411607,consistent-but-unverified:all N bidders,consistent-but-unverified:successful S bidders,unknown,unknown
emission-spot-primary-market-auction-report-2022-data.xlsx,Primary Market Auction,98,2022-08-03,2022-08-03 00:00:00,2022-08-03 11:00:52.331000,Auction 4. Period CAP3 PL,T3PA,successful,PL,1329000.0,4807500.0,67.0,14.0,4.19,71754.0,300469.0,489364.0,166125.0,164714.0,3.62,16.0,8.0,True,,True,0.25,0.53125,True,0.0,0.5625,True,83062.5,0.53125,False,0.0026185101580136205,0.005001737164353192,True,0.2686567164200824,0.5074626865671642,True,0.002500000000000391,0.005,True,0.5,1.6286671836362487,0.9915063957863055,0.9664769434533914,0.688891335176612,consistent-but-unverified:all N bidders,consistent-but-unverified:successful S bidders,unknown,unknown
emission-spot-primary-market-auction-report-2022-data.xlsx,Primary Market Auction,99,2022-08-02,2022-08-02 00:00:00,2022-08-02 11:00:39.478000,Auction 4. Period CAP3 EU,T3PA,successful,EU,1146500.0,3964500.0,76.0,23.0,4.0,52164.0,208658.0,458141.0,114650.0,157806.0,3.46,19.0,10.0,True,,True,0.10526315789320506,0.5263157894736842,True,0.0,0.55,True,54307.89473684211,0.5263157894736842,False,0.0020846053205407777,0.0050019441416932885,True,-0.47368421052669873,0.506578947368421,True,0.0,0.005,True,0.5263157894736842,2.1956550911060204,1.3764151766245094,1.161792103152333,0.8655931238721339,consistent-but-unverified:all N bidders,consistent-but-unverified:successful S bidders,unknown,unknown
emission-spot-primary-market-auction-report-2022-data.xlsx,Primary Market Auction,100,2022-08-01,2022-08-01 00:00:00,2022-08-01 11:00:30.723000,Auction 4. Period CAP3 EU,T3PA,successful,EU,1146500.0,4318500.0,66.0,11.0,4.13,65432.0,269906.0,500405.0,191083.0,195856.0,3.77,16.0,6.0,True,,True,-0.25,0.53125,True,-0.3333333333430346,0.5833333333333334,True,119426.75,0.53125,False,0.0033187963366767548,0.0050020787975779985,True,0.18181818181619747,0.5075757575757576,True,0.004999999999999893,0.005,True,0.375,1.8539973175846405,1.0249786741887033,1.04872057917496,0.7055591692382104,consistent-but-unverified:all N bidders,consistent-but-unverified:successful S bidders,unknown,unknown
emission-spot-primary-market-auction-report-2022-data.xlsx,Primary Market Auction,101,2022-07-29,2022-07-29 00:00:00,2022-07-29 11:00:38.556000,Auction 4. Period DE,T3PA,successful,DE,1944000.0,4570000.0,78.0,41.0,3.9,58590.0,228500.0,448614.0,129600.0,169663.0,2.35,20.0,15.0,True,,True,0.0,0.525,True,0.0,0.5333333333333333,True,32400.0,0.525,False,-0.0008230452674897748,0.005000861837358515,True,0.2564102564138011,0.5064102564102564,True,0.0,0.005,True,0.75,1.9632997811816193,1.309128086419753,1.0863034383577053,0.8368700015145133,consistent-but-unverified:all N bidders,consistent-but-unverified:successful S bidders,unknown,unknown
emission-spot-primary-market-auction-report-2022-data.xlsx,Primary Market Auction,102,2022-07-28,2022-07-28 00:00:00,2022-07-28 11:01:10.215000,Auction 4. Period CAP3 EU,T3PA,successful,EU,2295500.0,5492000.0,86.0,26.0,4.53,63860.0,289053.0,468687.0,176577.0,217498.0,2.39,19.0,13.0,True,,True,0.36842105264076963,0.5263157894736842,True,0.07692307693650946,0.5384615384615384,True,55761.21052631579,0.5263157894736842,False,-0.00250707906774128,0.005000738947418906,True,-0.4651162790687522,0.5058139534883721,True,0.0036842105263161784,0.005,True,0.6842105263157895,1.6214569646397028,1.2317459238745703,0.9637302565843158,0.8027842046500231,consistent-but-unverified:all N bidders,consistent-but-unverified:successful S bidders,unknown,unknown
emission-spot-primary-market-auction-report-2022-data.xlsx,Primary Market Auction,103,2022-07-26,2022-07-26 00:00:00,2022-07-26 11:00:52.758000,Auction 4. Period CAP3 EU,T3PA,successful,EU,2295500.0,5784500.0,87.0,32.0,3.95,66489.0,262932.0,459930.0,163964.0,219928.0,2.52,22.0,14.0,True,,True,0.18181818182347342,0.5227272727272727,True,-0.285714285710128,0.5357142857142857,True,59623.09090909091,0.5227272727272727,False,6.97015900676945e-05,0.005000766702428075,True,0.4942528735700762,0.5057471264367817,True,-0.004545454545454408,0.005,True,0.6363636363636364,1.74923554379079,1.3413188260837745,1.0113228889576684,0.8507143714967801,consistent-but-unverified:all N bidders,consistent-but-unverified:successful S bidders,unknown,unknown
emission-spot-primary-market-auction-report-2022-data.xlsx,Primary Market Auction,104,2022-07-25,2022-07-25 00:00:00,2022-07-25 11:00:37.530000,Auction 4. Period CAP3 EU,T3PA,successful,EU,2295500.0,6461000.0,90.0,17.0,3.6,71789.0,258440.0,452826.0,208682.0,279016.0,2.81,25.0,11.0,True,,True,0.0,0.52,True,0.18181818182347342,0.5454545454545454,True,116862.0,0.52,False,-0.004637333914179642,0.0050008308947826164,True,0.11111111110949423,0.5055555555555555,True,0.0,0.005,True,0.44,1.7521513697570035,1.3370391313098398,1.0123829221038805,0.8488847996655062,consistent-but-unverified:all N bidders,consistent-but-unverified:successful S bidders,unknown,unknown
emission-spot-primary-market-auction-report-2022-data.xlsx,Primary Market Auction,105,2022-07-22,2022-07-22 00:00:00,2022-07-22 11:00:37.552000,Auction 4. Period DE,T3PA,successful,DE,1944000.0,4379000.0,66.0,37.0,3.47,66348.0,230474.0,471826.0,121500.0,187536.0,2.25,19.0,16.0,True,,True,0.3157894736796152,0.5263157894736842,True,0.0,0.53125,True,19184.210526315786,0.5263157894736842,False,-0.002572016460905324,0.005000836567025675,True,-0.4848484848480439,0.5075757575757576,True,-0.0036842105263157343,0.005,True,0.8421052631578947,2.0471983824639657,1.543506172839506,1.1142226053551163,0.9335435121853477,consistent-but-unverified:all N bidders,consistent-but-unverified:successful S bidders,unknown,unknown
emission-spot-primary-market-auction-report-2022-data.xlsx,Primary Market Auction,106,2022-07-21,2022-07-21 00:00:00,2022-07-21 11:00:31.319000,Auction 4. Period CAP3 EU,T3PA,successful,EU,2295500.0,3735000.0,70.0,27.0,3.5,53357.0,186750.0,268725.0,176577.0,275391.0,1.63,20.0,13.0,True,,True,0.0,0.525,True,0.07692307693650946,0.5384615384615384,True,61802.0,0.525,False,0.0029035068612501824,0.005000572227586048,True,-0.142857142855064,0.5071428571428571,True,0.0,0.005,True,0.65,1.4389558232931727,1.5596085560407074,0.8915700064388221,0.9398543390032834,consistent-but-unverified:all N bidders,consistent-but-unverified:successful S bidders,unknown,unknown
emission-spot-primary-market-auction-report-2022-data.xlsx,Primary Market Auction,107,2022-07-20,2022-07-20 00:00:00,2022-07-20 11:01:27.647000,Auction 4. Period CAP3 PL,T3PA,successful,PL,2658000.0,4902000.0,72.0,48.0,4.0,68083.0,272333.0,503373.0,156353.0,247926.0,1.84,18.0,17.0,True,,True,-0.3333333333139308,0.5277777777777778,True,0.058823529398068786,0.5294117647058824,True,8686.333333333343,0.5277777777777778,False,-0.00424379232505645,0.0050005350346386855,True,-0.3333333333284827,0.5069444444444444,True,0.0,0.005,True,0.9444444444444444,1.8483731314236616,1.5856811190063511,1.0467480002150538,0.9499889622305802,consistent-but-unverified:all N bidders,consistent-but-unverified:successful S bidders,unknown,unknown
emission-spot-primary-market-auction-report-2022-data.xlsx,Primary Market Auction,108,2022-07-19,2022-07-19 00:00:00,2022-07-19 11:00:44.085000,Auction 4. Period CAP3 EU,T3PA,successful,EU,2295500.0,5050500.0,77.0,32.0,4.05,65591.0,265816.0,505201.0,143469.0,276877.0,2.2,19.0,16.0,True,,True,0.21052631578641012,0.5263157894736842,True,0.25,0.53125,True,22653.210526315786,0.5263157894736842,False,-0.00017425397516879215,0.005000697053960621,True,0.09090909091173671,0.5064935064935064,True,-0.002631578947368318,0.005,True,0.8421052631578947,1.9005665573178439,1.9298733524315357,1.0649060825036114,1.0749591976686765,consistent-but-unverified:all N bidders,consistent-but-unverified:successful S bidders,unknown,unknown
emission-spot-primary-market-auction-report-2022-data.xlsx,Primary Market Auction,109,2022-07-18,2022-07-18 00:00:00,2022-07-18 11:00:35.308000,Auction 4. Period CAP3 EU,T3PA,successful,EU,2295500.0,4714500.0,71.0,41.0,3.74,66401.0,248132.0,488261.0,127528.0,224453.0,2.05,19.0,18.0,True,,True,0.42105263157282025,0.5263157894736842,True,0.22222222221898846,0.5277777777777778,True,6712.210526315786,0.5263157894736842,False,-0.0038009148333699727,0.005000665171283421,True,-0.40845070422801655,0.5070422535211268,True,0.0031578947368422483,0.005,True,0.9473684210526315,1.9677470056260378,1.7600291700646133,1.087803080979904,1.0152412485371989,consistent-but-unverified:all N bidders,consistent-but-unverified:successful S bidders,unknown,unknown
emission-spot-primary-market-auction-report-2022-data.xlsx,Primary Market Auction,110,2022-07-15,2022-07-15 00:00:00,2022-07-15 11:00:28.573000,Auction 4. Period DE,T3PA,successful,DE,1944000.0,2736000.0,79.0,35.0,3.95,34633.0,136800.0,213506.0,162000.0,236817.0,1.41,20.0,12.0,True,,True,0.0,0.525,True,0.0,0.5416666666666666,True,64800.0,0.525,False,0.0025925925925924798,0.0050006191892411,True,0.08860759493836667,0.5063291139240507,True,0.0,0.005,True,0.6,1.5607163742690058,1.4618333333333333,0.9402870530441547,0.9009063298304077,consistent-but-unverified:all N bidders,consistent-but-unverified:successful S bidders,unknown,unknown
emission-spot-primary-market-auction-report-2022-data.xlsx,Primary Market Auction,111,2022-07-14,2022-07-14 00:00:00,2022-07-14 11:00:50.399000,Auction 4. Period CAP3 EU,T3PA,successful,EU,2295500.0,5102500.0,73.0,49.0,3.48,69897.0,242976.0,470403.0,127528.0,232841.0,2.22,21.0,18.0,True,,True,-0.19047619047341868,0.5238095238095238,True,0.22222222221898846,0.5277777777777778,True,18218.476190476184,0.5238095238095238,False,-0.0028272707471135305,0.005000701988184473,True,-0.26027397259895224,0.5068493150684932,True,0.003809523809523707,0.005,True,0.8571428571428571,1.936006025286448,1.8258029609183866,1.077050162959444,1.038792558164998,consistent-but-unverified:all N bidders,consistent-but-unverified:successful S bidders,unknown,unknown
emission-spot-primary-market-auction-report-2022-data.xlsx,Primary Market Auction,112,2022-07-12,2022-07-12 00:00:00,2022-07-12 11:00:47.490000,Auction 4. Period CAP3 EU,T3PA,successful,EU,2295500.0,4977500.0,73.0,34.0,3.32,68185.0,226250.0,472900.0,153033.0,264885.0,2.17,22.0,15.0,True,,True,0.0,0.5227272727272727,True,-0.3333333333430346,0.5333333333333333,True,48692.09090909091,0.5227272727272727,False,0.0016270964931388576,0.005000690127069444,True,0.0684931506839348,0.5068493150684932,True,0.0018181818181814968,0.005,True,0.6818181818181818,2.0901657458563534,1.7309011781772559,1.1282247289068241,1.004631656621655,consistent-but-unverified:all N bidders,consistent-but-unverified:successful S bidders,unknown,unknown
emission-spot-primary-market-auction-report-2022-data.xlsx,Primary Market Auction,113,2022-07-11,2022-07-11 00:00:00,2022-07-11 11:00:39.675000,Auction 4. Period CAP3 EU,T3PA,successful,EU,2295500.0,5351000.0,84.0,24.0,4.0,63702.0,254810.0,452229.0,176577.0,218072.0,2.33,21.0,13.0,True,,True,0.4761904761835467,0.5238095238095238,True,0.07692307693650946,0.5384615384615384,True,67267.47619047618,0.5238095238095238,False,-0.0010825528207361046,0.005000725568081153,True,-0.3809523809541133,0.5059523809523809,True,0.0,0.005,True,0.6190476190476191,1.7747694360503905,1.2349966303652231,1.0205676576385885,0.8042397203978288,consistent-but-unverified:all N bidders,consistent-but-unverified:successful S bidders,unknown,unknown
emission-spot-primary-market-auction-report-2022-data.xlsx,Primary Market Auction,114,2022-07-08,2022-07-08 00:00:00,2022-07-08 11:00:42.847000,Auction 4. Period DE,T3PA,successful,DE,1944000.0,4718000.0,81.0,52.0,4.05,58247.0,235900.0,454327.0,108000.0,157539.0,2.43,20.0,18.0,True,,True,0.0,0.525,True,0.0,0.5277777777777778,True,10800.0,0.525,False,0.0030452674897119003,0.005000881418558829,True,0.08641975309001282,0.5061728395061729,True,0.0,0.005,True,0.9,1.9259304790165324,1.4586944444444445,1.073612542581056,0.8996304954254715,consistent-but-unverified:all N bidders,consistent-but-unverified:successful S bidders,unknown,unknown
emission-spot-primary-market-auction-report-2022-data.xlsx,Primary Market Auction,115,2022-07-07,2022-07-07 00:00:00,2022-07-07 11:00:33.248000,Auction 4. Period CAP3 EU,T3PA,successful,EU,2295500.0,5486500.0,82.0,29.0,4.1,66909.0,274325.0,458470.0,176577.0,177141.0,2.39,20.0,13.0,True,,True,0.0,0.525,True,0.07692307693650946,0.5384615384615384,True,61802.0,0.525,False,-0.00011108690917005504,0.005000738425529845,True,0.4634146341413725,0.5060975609756098,True,0.0,0.005,True,0.65,1.671265834320605,1.003194073973394,0.9825524553156751,0.6947429436392117,consistent-but-unverified:all N bidders,consistent-but-unverified:successful S bidders,unknown,unknown
emission-spot-primary-market-auction-report-2022-data.xlsx,Primary Market Auction,116,2022-07-06,2022-07-06 00:00:00,2022-07-06 11:00:34.167000,Auction 4. Period CAP3 PL,T3PA,successful,PL,2658000.0,5634500.0,100.0,42.0,4.55,56345.0,256114.0,472929.0,156353.0,258346.0,2.12,22.0,17.0,True,,True,0.36363636364694685,0.5227272727272727,True,0.058823529398068786,0.5294117647058824,True,35534.81818181818,0.5227272727272727,False,0.00017306245297232792,0.005000586874969209,True,0.0,0.505,True,0.004545454545453964,0.005,True,0.7727272727272727,1.8465566115089374,1.6523251872365736,1.0461100573225766,0.9754366844280788,consistent-but-unverified:all N bidders,consistent-but-unverified:successful S bidders,unknown,unknown
emission-spot-primary-market-auction-report-2022-data.xlsx,Primary Market Auction,117,2022-07-05,2022-07-05 00:00:00,2022-07-05 11:00:33.181000,Auction 4. Period CAP3 EU,T3PA,successful,EU,2295500.0,5578000.0,102.0,26.0,4.64,54686.0,253545.0,484174.0,208682.0,298445.0,2.43,22.0,11.0,True,,True,-0.45454545455868356,0.5227272727272727,True,0.18181818182347342,0.5454545454545454,True,104341.09090909091,0.5227272727272727,False,2.8316270964889867e-05,0.005000747107866047,True,-0.27450980392313795,0.5049019607843137,True,0.0036363636363629936,0.005,True,0.5,1.9096176221183616,1.4301425134894241,1.0680216712155932,0.8879499031592701,consistent-but-unverified:all N bidders,consistent-but-unverified:successful S bidders,unknown,unknown
emission-spot-primary-market-auction-report-2022-data.xlsx,Primary Market Auction,118,2022-07-04,2022-07-04 00:00:00,2022-07-04 11:01:12.963000,Auction 4. Period CAP3 EU,T3PA,successful,EU,2295500.0,4946000.0,94.0,51.0,4.27,52617.0,224818.0,433500.0,127528.0,165971.0,2.15,22.0,18.0,True,,True,-0.18181818182347342,0.5227272727272727,True,0.22222222221898846,0.5277777777777778,True,23187.09090909091,0.5227272727272727,False,-0.004650402962317557,0.005000687138068456,True,-0.021276595747622196,0.5053191489361702,True,-0.0027272727272729114,0.005,True,0.8181818181818182,1.9282263875668317,1.301447525249357,1.0743969112682412,0.8335382837759757,consistent-but-unverified:all N bidders,consistent-but-unverified:successful S bidders,unknown,unknown
emission-spot-primary-market-auction-report-2022-data.xlsx,Primary Market Auction,119,2022-07-01,2022-07-01 00:00:00,2022-07-01 11:00:37.876000,Auction 4. Period DE,T3PA,successful,DE,1944000.0,4056500.0,75.0,62.0,4.17,54087.0,225361.0,468297.0,114353.0,140589.0,2.09,18.0,17.0,True,,True,-0.11111111112404615,0.5277777777777778,True,0.0588235294126207,0.5294117647058824,True,6353.0,0.5277777777777778,False,0.0033230452674897215,0.005000793898531746,True,0.33333333333575865,0.5066666666666667,True,0.0033333333333329662,0.005,True,0.9444444444444444,2.0779859869276405,1.2294299231327557,1.1242754827512365,0.8017459129398086,consistent-but-unverified:all N bidders,consistent-but-unverified:successful S bidders,unknown,unknown
emission-spot-primary-market-auction-report-2022-data.xlsx,Primary Market Auction,120,2022-06-30,2022-06-30 00:00:00,2022-06-30 11:00:30.460000,Auction 4. Period CAP3 EU,T3PA,successful,EU,2295500.0,5914500.0,95.0,36.0,4.75,62258.0,295725.0,471265.0,153033.0,214014.0,2.58,20.0,15.0,True,,True,0.0,0.525,True,-0.3333333333430346,0.5333333333333333,True,38258.0,0.525,False,0.003437159660204969,0.005000779037987706,True,0.10526315789320506,0.5052631578947369,True,0.0,0.005,True,0.75,1.593592019612816,1.39848268020623,0.9530437950408146,0.8748363208399882,consistent-but-unverified:all N bidders,consistent-but-unverified:successful S bidders,unknown,unknown
emission-spot-primary-market-auction-report-2022-data.xlsx,Primary Market Auction,121,2022-06-28,2022-06-28 00:00:00,2022-06-28 11:00:29.412000,Auction 4. Period CAP3 EU,T3PA,successful,EU,2296500.0,5911000.0,98.0,21.0,4.45,60316.0,268682.0,459809.0,208773.0,254551.0,2.57,22.0,11.0,True,,True,0.18181818182347342,0.5227272727272727,True,0.27272727273521014,0.5454545454545454,True,104386.63636363637,0.5227272727272727,False,-0.003916829958632739,0.005000778122662826,True,-0.3265306122484617,0.5051020408163265,True,-0.004545454545453964,0.005,True,0.5,1.7113502207070068,1.2192716491117146,0.9974467472363044,0.7971790560664922,consistent-but-unverified:all N bidders,consistent-but-unverified:successful S bidders,unknown,unknown
emission-spot-primary-market-auction-report-2022-data.xlsx,Primary Market Auction,122,2022-06-27,2022-06-27 00:00:00,2022-06-27 11:00:30.449000,Auction 4. Period CAP3 EU,T3PA,successful,EU,2295500.0,5770500.0,94.0,27.0,4.95,61388.0,303711.0,468309.0,191292.0,205919.0,2.51,19.0,12.0,True,,True,0.47368421050487086,0.5263157894736842,True,0.3333333333430346,0.5416666666666666,True,70476.21052631579,0.5263157894736842,False,-0.003831409279024367,0.005000765373983192,True,-0.297872340423055,0.5053191489361702,True,0.002631578947368318,0.005,True,0.631578947368421,1.5419560042277034,1.0764642536018234,0.9329338650752755,0.7306665692050388,consistent-but-unverified:all N bidders,consistent-but-unverified:successful S bidders,unknown,unknown
emission-spot-primary-market-auction-report-2022-data.xlsx,Primary Market Auction,123,2022-06-24,2022-06-24 00:00:00,2022-06-24 11:00:43.771000,Auction 4. Period DE,T3PA,successful,DE,1944000.0,4500500.0,72.0,44.0,3.79,62507.0,236868.0,457559.0,114353.0,154442.0,2.32,19.0,17.0,True,,True,-0.42105263157282025,0.5263157894736842,True,0.0588235294126207,0.5294117647058824,True,12037.210526315786,0.5263157894736842,False,0.004927983539094516,0.005000852642132691,True,0.055555555554747116,0.5069444444444444,True,0.0005263157894739301,0.005,True,0.8947368421052632,1.9317045780772413,1.3505723505286262,1.0755840211298644,0.8546588519181858,consistent-but-unverified:all N bidders,consistent-but-unverified:successful S bidders,unknown,unknown
emission-spot-primary-market-auction-report-2022-data.xlsx,Primary Market Auction,124,2022-06-23,2022-06-23 00:00:00,2022-06-23 11:01:09.869000,Auction 4. Period CAP3 EU,T3PA,successful,EU,2295500.0,4041000.0,83.0,48.0,3.95,48687.0,192429.0,264041.0,127528.0,188563.0,1.76,21.0,18.0,True,,True,0.42857142857974395,0.5238095238095238,True,0.22222222221898846,0.5277777777777778,True,18218.476190476184,0.5238095238095238,False,-0.0004007841428883552,0.005000601263595641,True,0.2530120481897029,0.5060240963855421,True,-0.0023809523809523725,0.005,True,0.8571428571428571,1.372147649262845,1.4786007778683896,0.8637957259363614,0.9076941984823605,consistent-but-unverified:all N bidders,consistent-but-unverified:successful S bidders,unknown,unknown
emission-spot-primary-market-auction-report-2022-data.xlsx,Primary Market Auction,125,2022-06-22,2022-06-22 00:00:00,2022-06-22 11:00:29.485000,Auction 4. Period CAP3 PL,T3PA,successful,PL,2658000.0,4813000.0,87.0,64.0,5.44,55322.0,300813.0,569006.0,177200.0,346886.0,1.81,16.0,15.0,True,,True,0.5,0.53125,True,0.0,0.5333333333333333,True,11075.0,0.53125,False,-0.0007599699021820783,0.005000528735950062,True,0.16091954022704158,0.5057471264367817,True,0.002500000000000391,0.005,True,0.9375,1.8915605376097442,1.9575959367945823,1.061796334800135,1.0843767548209016,consistent-but-unverified:all N bidders,consistent-but-unverified:successful S bidders,unknown,unknown
emission-spot-primary-market-auction-report-2022-data.xlsx,Primary Market Auction,126,2022-06-21,2022-06-21 00:00:00,2022-06-21 11:00:58.980000,Auction 4. Period CAP3 EU,T3PA,successful,EU,2295500.0,5109000.0,77.0,27.0,4.28,66351.0,283833.0,538584.0,176577.0,326373.0,2.23,18.0,13.0,True,,True,-0.3333333333139308,0.5277777777777778,True,0.07692307693650946,0.5384615384615384,True,49049.22222222222,0.5277777777777778,False,0.004341102156392829,0.005000702604962455,True,0.35064935064292513,0.5064935064935064,True,0.0022222222222225696,0.005,True,0.7222222222222222,1.897538341207682,1.848332455529316,1.0638615286576572,1.0467337197177642,consistent-but-unverified:all N bidders,consistent-but-unverified:successful S bidders,unknown,unknown
emission-spot-primary-market-auction-report-2022-data.xlsx,Primary Market Auction,127,2022-06-20,2022-06-20 00:00:00,2022-06-20 11:00:58.456000,Auction 4. Period CAP3 EU,T3PA,successful,EU,2295500.0,4612500.0,76.0,24.0,4.0,60691.0,242763.0,350746.0,176577.0,211609.0,2.01,19.0,13.0,True,,True,-0.1578947368543595,0.5263157894736842,True,0.07692307693650946,0.5384615384615384,True,55761.21052631579,0.5263157894736842,False,0.0006338488346764315,0.005000655492613557,True,0.21052631578641012,0.506578947368421,True,0.0,0.005,True,0.6842105263157895,1.4448083109864354,1.1983950344608867,0.8939667194388163,0.7877275643374138,consistent-but-unverified:all N bidders,consistent-but-unverified:successful S bidders,unknown,unknown
emission-spot-primary-market-auction-report-2022-data.xlsx,Primary Market Auction,128,2022-06-17,2022-06-17 00:00:00,2022-06-17 11:00:47.526000,Auction 4. Period DE,T3PA,successful,DE,1944000.0,4873500.0,85.0,27.0,4.25,57335.0,243675.0,461020.0,243000.0,210901.0,2.51,20.0,8.0,True,,True,0.0,0.525,True,0.0,0.5625,True,145800.0,0.525,False,0.003055555555555145,0.0050009019920497005,True,-0.29411764705582755,0.5058823529411764,True,0.0,0.005,True,0.4,1.8919462398686775,0.8679053497942387,1.0619297148667088,0.624817669247887,consistent-but-unverified:all N bidders,consistent-but-unverified:successful S bidders,unknown,unknown
emission-spot-primary-market-auction-report-2022-data.xlsx,Primary Market Auction,129,2022-06-16,2022-06-16 00:00:00,2022-06-16 11:00:32.763000,Auction 4. Period CAP3 EU,T3PA,successful,EU,2295500.0,5180500.0,75.0,23.0,3.95,69073.0,272658.0,506512.0,153033.0,282752.0,2.26,19.0,15.0,True,,True,0.10526315792230889,0.5263157894736842,True,-0.3333333333430346,0.5333333333333333,True,32217.210526315786,0.5263157894736842,False,0.0031932040949680385,0.005000709389520252,True,-0.3333333333284827,0.5066666666666667,True,0.0026315789473687623,0.005,True,0.7894736842105263,1.8576825180262453,1.8476537740225965,1.050010987972035,1.0464954180496844,consistent-but-unverified:all N bidders,consistent-but-unverified:successful S bidders,unknown,unknown
emission-spot-primary-market-auction-report-2022-data.xlsx,Primary Market Auction,131,2022-06-14,2022-06-14 00:00:00,2022-06-14 11:00:45.792000,Auction 4. Period CAP3 EU,T3PA,successful,EU,2295500.0,5735500.0,79.0,19.0,3.59,72601.0,260705.0,472771.0,229550.0,304825.0,2.5,22.0,10.0,True,,True,0.45454545455868356,0.5227272727272727,True,0.0,0.55,True,125209.09090909091,0.5227272727272727,False,0.0014158135482467138,0.005000762052870984,True,-0.2658227848151,0.5063291139240507,True,-0.0009090909090909705,0.005,True,0.45454545454545453,1.8134328071958727,1.3279241995208015,1.034405377322688,0.8449769689957936,consistent-but-unverified:all N bidders,consistent-but-unverified:successful S bidders,unknown,unknown
emission-spot-primary-market-auction-report-2022-data.xlsx,Primary Market Auction,132,2022-06-13,2022-06-13 00:00:00,2022-06-13 11:00:48.154000,Auction 4. Period CAP3 EU,T3PA,successful,EU,2295500.0,5668000.0,75.0,16.0,3.75,75573.0,283400.0,510259.0,208682.0,314668.0,2.47,20.0,11.0,True,,True,0.0,0.525,True,0.18181818182347342,0.5454545454545454,True,93907.0,0.525,False,0.0008211718579831384,0.005000755647868868,True,-0.3333333333284827,0.5066666666666667,True,0.0,0.005,True,0.55,1.8004904728299225,1.5078828073336463,1.029794570708713,0.9194388941404903,consistent-but-unverified:all N bidders,consistent-but-unverified:successful S bidders,unknown,unknown
emission-spot-primary-market-auction-report-2022-data.xlsx,Primary Market Auction,133,2022-06-10,2022-06-10 00:00:00,2022-06-10 11:00:32.552000,Auction 4. Period DE,T3PA,successful,DE,1944000.0,4595500.0,73.0,38.0,3.84,62952.0,241868.0,492146.0,108000.0,236519.0,2.36,19.0,18.0,True,,True,-0.42105263157282025,0.5263157894736842,True,0.0,0.5277777777777778,True,5684.210526315786,0.5263157894736842,False,-0.003940329218107053,0.005000865211146406,True,-0.05479452054714784,0.5068493150684932,True,-0.002105263157894832,0.005,True,0.9473684210526315,2.0347710321332295,2.1899907407407406,1.1101359792053151,1.160018014203431,consistent-but-unverified:all N bidders,consistent-but-unverified:successful S bidders,unknown,unknown
emission-spot-primary-market-auction-report-2022-data.xlsx,Primary Market Auction,134,2022-06-09,2022-06-09 00:00:00,2022-06-09 11:00:34.327000,Auction 4. Period CAP3 EU,T3PA,successful,EU,2295500.0,5532500.0,81.0,25.0,3.52,68302.0,240543.0,473202.0,153033.0,273440.0,2.41,23.0,15.0,True,,True,-0.47826086956774816,0.5217391304347826,True,-0.3333333333430346,0.5333333333333333,True,53228.65217391304,0.5217391304347826,False,-0.00015029405358291115,0.005000742790420175,True,-0.46913580247201025,0.5061728395061729,True,-0.0017391304347826875,0.005,True,0.6521739130434783,1.967224155348524,1.786804153352545,1.0876268879489068,1.024895474538923,consistent-but-unverified:all N bidders,consistent-but-unverified:successful S bidders,unknown,unknown
emission-spot-primary-market-auction-report-2022-data.xlsx,Primary Market Auction,135,2022-06-08,2022-06-08 00:00:00,2022-06-08 11:00:24.827000,Auction 4. Period CAP3 PL,T3PA,successful,PL,2658000.0,5964000.0,88.0,38.0,3.83,67773.0,259304.0,464437.0,139895.0,225289.0,2.24,23.0,19.0,True,,True,-0.3478260869451333,0.5217391304347826,True,0.26315789474756457,0.5263157894736842,True,24329.78260869565,0.5217391304347826,False,-0.0037923250564331212,0.005000610194271471,True,0.2727272727206582,0.5056818181818182,True,0.003913043478260825,0.005,True,0.8260869565217391,1.7910907660506588,1.6104149540726973,1.0264324750037697,0.95950919493238,consistent-but-unverified:all N bidders,consistent-but-unverified:successful S bidders,unknown,unknown
emission-spot-primary-market-auction-report-2022-data.xlsx,Primary Market Auction,136,2022-06-07,2022-06-07 00:00:00,2022-06-07 11:00:35.585000,Auction 4. Period CAP3 EU,T3PA,successful,EU,2295500.0,5522000.0,83.0,31.0,3.61,66530.0,240087.0,442120.0,127528.0,197125.0,2.41,23.0,18.0,True,,True,0.04347826086450368,0.5217391304347826,True,0.22222222221898846,0.5277777777777778,True,27723.65217391304,0.5217391304347826,False,0.004423872794598438,0.005000741794086513,True,-0.1204819277045317,0.5060240963855421,True,0.0013043478260867936,0.005,True,0.782608695652174,1.8414991232344942,1.5457389749702026,1.0443317731977135,0.9344209713012313,consistent-but-unverified:all N bidders,consistent-but-unverified:successful S bidders,unknown,unknown
emission-spot-primary-market-auction-report-2022-data.xlsx,Primary Market Auction,137,2022-05-31,2022-05-31 00:00:00,2022-05-31 11:00:45.234000,Auction 4. Period CAP3 EU,T3PA,successful,EU,2506500.0,5465500.0,80.0,36.0,3.64,68319.0,248432.0,462942.0,147441.0,242003.0,2.18,22.0,17.0,True,,True,0.18181818182347342,0.5227272727272727,True,-0.1764705882233102,0.5294117647058824,True,33509.18181818182,0.5227272727272727,False,-0.0005306203869936965,0.005000634456623851,True,0.25,0.50625,True,0.003636363636363882,0.005,True,0.7727272727272727,1.8634555934823211,1.6413548470235553,1.052029144955143,0.9712919851464663,consistent-but-unverified:all N bidders,consistent-but-unverified:successful S bidders,unknown,unknown
emission-spot-primary-market-auction-report-2022-data.xlsx,Primary Market Auction,138,2022-05-30,2022-05-30 00:00:00,2022-05-30 11:02:19.526000,Auction 4. Period CAP3 EU,T3PA,successful,EU,2506500.0,6162000.0,103.0,33.0,4.48,59825.0,267913.0,467803.0,208875.0,299798.0,2.46,23.0,12.0,True,,True,-0.04347826086450368,0.5217391304347826,True,0.0,0.5416666666666666,True,99896.73913043478,0.5217391304347826,False,0.0015918611609815336,0.005000689888017005,True,-0.24271844659961062,0.5048543689320388,True,0.0017391304347826875,0.005,True,0.5217391304347826,1.7461004131938354,1.4352986235786953,1.0101818737543633,0.890069387035124,consistent-but-unverified:all N bidders,consistent-but-unverified:successful S bidders,unknown,unknown
emission-spot-primary-market-auction-report-2022-data.xlsx,Primary Market Auction,139,2022-05-25,2022-05-25 00:00:00,2022-05-25 11:00:32.767000,Auction 4. Period CAP3 PL,T3PA,successful,PL,2658000.0,5782000.0,81.0,49.0,3.38,71383.0,240917.0,446248.0,132900.0,222769.0,2.18,24.0,20.0,True,,True,0.3333333333430346,0.5208333333333334,True,0.0,0.525,True,22150.0,0.5208333333333334,False,0.004680210684725683,0.005000597313807096,True,0.28395061728951987,0.5061728395061729,True,0.004999999999999893,0.005,True,0.8333333333333334,1.8522893776694878,1.6762151993980436,1.048121962225841,0.9844035573427837,consistent-but-unverified:all N bidders,consistent-but-unverified:successful S bidders,unknown,unknown
emission-spot-primary-market-auction-report-2022-data.xlsx,Primary Market Auction,140,2022-05-24,2022-05-24 00:00:00,2022-05-24 11:00:45.866000,Auction 4. Period CAP3 EU,T3PA,successful,EU,2506500.0,5188000.0,80.0,39.0,3.48,64850.0,225565.0,453519.0,147441.0,235440.0,2.07,23.0,17.0,True,,True,-0.21739130435162224,0.5217391304347826,True,-0.1764705882233102,0.5294117647058824,True,38462.739130434784,0.5217391304347826,False,0.00018152802712911864,0.005000612371610785,True,0.0,0.50625,True,0.0017391304347826875,0.005,True,0.7391304347826086,2.0105911821426194,1.596842126681181,1.102136465503094,0.9542961401824889,consistent-but-unverified:all N bidders,consistent-but-unverified:successful S bidders,unknown,unknown
emission-spot-primary-market-auction-report-2022-data.xlsx,Primary Market Auction,141,2022-05-23,2022-05-23 00:00:00,2022-05-23 11:00:51.454000,Auction 4. Period CAP3 EU,T3PA,successful,EU,2506500.0,5732500.0,84.0,57.0,3.65,68244.0,249239.0,459269.0,113932.0,217088.0,2.29,23.0,22.0,True,,True,-0.13043478262261488,0.5217391304347826,True,0.18181818182347342,0.5227272727272727,True,4953.739130434784,0.5217391304347826,False,0.002946339517255314,0.005000655705987774,True,-0.04761904761835467,0.5059523809523809,True,-0.0021739130434781373,0.005,True,0.9565217391304348,1.8426851335465155,1.9054172664396307,1.0447490750569266,1.0665770173176377,consistent-but-unverified:all N bidders,consistent-but-unverified:successful S bidders,unknown,unknown
emission-spot-primary-market-auction-report-2022-data.xlsx,Primary Market Auction,142,2022-05-20,2022-05-20 00:00:00,2022-05-20 11:00:58.719000,Auction 4. Period DE,T3PA,successful,DE,1944000.0,5655500.0,85.0,46.0,3.7,66535.0,245891.0,431250.0,97200.0,131026.0,2.91,23.0,20.0,True,,True,-0.3043478260806296,0.5217391304347826,True,0.0,0.525,True,12678.260869565216,0.5217391304347826,False,0.0007921810699591525,0.005001005454878391,True,-0.2941176470631035,0.5058823529411764,True,0.004347826086956719,0.005,True,0.8695652173913043,1.7538258821998365,1.3480041152263373,1.0129911747056741,0.8535656546160761,consistent-but-unverified:all N bidders,consistent-but-unverified:successful S bidders,unknown,unknown
emission-spot-primary-market-auction-report-2022-data.xlsx,Primary Market Auction,143,2022-05-19,2022-05-19 00:00:00,2022-05-19 11:01:03.500000,Auction 4. Period CAP3 EU,T3PA,successful,EU,2506500.0,6186500.0,92.0,50.0,4.18,67245.0,281205.0,483805.0,156656.0,305009.0,2.47,22.0,16.0,True,,True,0.45454545452957973,0.5227272727272727,True,-0.25,0.53125,True,42724.18181818182,0.5227272727272727,False,0.0018172750847798014,0.0050006918378650055,True,0.43478260868869256,0.5054347826086957,True,-0.001818181818181941,0.005,True,0.7272727272727273,1.7204708308884977,1.9469985190481054,1.0008049649192599,1.080787201226794,consistent-but-unverified:all N bidders,consistent-but-unverified:successful S bidders,unknown,unknown
emission-spot-primary-market-auction-report-2022-data.xlsx,Primary Market Auction,145,2022-05-17,2022-05-17 00:00:00,2022-05-17 11:00:28.401000,Auction 4. Period CAP3 EU,T3PA,successful,EU,2506500.0,5247000.0,90.0,34.0,3.75,58300.0,218625.0,460976.0,139250.0,268934.0,2.09,24.0,18.0,True,,True,0.0,0.5208333333333334,True,0.0,0.5277777777777778,True,34812.5,0.5208333333333334,False,-0.003357271095152825,0.0050006170671631125,True,0.0,0.5055555555555555,True,0.0,0.005,True,0.75,2.1085237278444824,1.9313034111310592,1.1341479279117246,1.0754471743278318,consistent-but-unverified:all N bidders,consistent-but-unverified:successful S bidders,unknown,unknown
emission-spot-primary-market-auction-report-2022-data.xlsx,Primary Market Auction,146,2022-05-16,2022-05-16 00:00:00,2022-05-16 11:02:03.523000,Auction 4. Period CAP3 EU,T3PA,successful,EU,2506500.0,5679000.0,80.0,37.0,3.81,70988.0,270429.0,526388.0,156656.0,360587.0,2.27,21.0,16.0,True,,True,0.42857142857974395,0.5238095238095238,True,-0.25,0.53125,True,37298.857142857145,0.5238095238095238,False,0.0042908438061042276,0.005000651448156426,True,0.5,0.50625,True,0.00047619047619074095,0.005,True,0.7619047619047619,1.9464924249987983,2.301775865590849,1.080615454445351,1.194460464814582,consistent-but-unverified:all N bidders,consistent-but-unverified:successful S bidders,unknown,unknown
emission-spot-primary-market-auction-report-2022-data.xlsx,Primary Market Auction,147,2022-05-13,2022-05-13 00:00:00,2022-05-13 11:01:06.065000,Auction 4. Period DE,T3PA,successful,DE,1944000.0,4524500.0,80.0,43.0,4.21,56556.0,238132.0,465910.0,129600.0,179492.0,2.33,19.0,15.0,True,,True,0.42105263157282025,0.5263157894736842,True,0.0,0.5333333333333333,True,27284.210526315786,0.5263157894736842,False,0.002582304526749013,0.005000855817462471,True,-0.25,0.50625,True,-0.000526315789473486,0.005,True,0.7894736842105263,1.9565199133253826,1.3849691358024692,1.0840128716950574,0.8691861832932443,consistent-but-unverified:all N bidders,consistent-but-unverified:successful S bidders,unknown,unknown
emission-spot-primary-market-auction-report-2022-data.xlsx,Primary Market Auction,148,2022-05-12,2022-05-12 00:00:00,2022-05-12 11:01:40.658000,Auction 4. Period CAP3 EU,T3PA,successful,EU,2506500.0,5206000.0,88.0,64.0,4.19,59159.0,247905.0,465255.0,119357.0,214802.0,2.08,21.0,21.0,True,,True,0.23809523810632527,0.5238095238095238,True,-0.142857142855064,0.5238095238095238,True,-0.142857142855064,0.5238095238095238,True,0.0030001994813484423,0.005000613804152173,True,-0.09090909091173671,0.5056818181818182,True,-0.00047619047619029686,0.005,True,1.0,1.8767471410419314,1.7996598439974194,1.0566601909056703,1.0294979255147088,consistent-but-unverified:all N bidders,consistent-but-unverified:successful S bidders,unknown,unknown
emission-spot-primary-market-auction-report-2022-data.xlsx,Primary Market Auction,149,2022-05-11,2022-05-11 00:00:00,2022-05-11 11:00:36.316000,Auction 4. Period CAP3 PL,T3PA,successful,PL,2658000.0,6399000.0,102.0,35.0,4.64,62735.0,290864.0,477440.0,189857.0,278171.0,2.41,22.0,14.0,True,,True,0.36363636364694685,0.5227272727272727,True,-0.14285714286961593,0.5357142857142857,True,69038.81818181818,0.5227272727272727,False,0.00255079006772041,0.005000640979996765,True,-0.29411764705582755,0.5049019607843137,True,0.0036363636363629936,0.005,True,0.6363636363636364,1.6414544254359427,1.4651606208883527,0.9713296841839532,0.9022569659755877,consistent-but-unverified:all N bidders,consistent-but-unverified:successful S bidders,unknown,unknown
emission-spot-primary-market-auction-report-2022-data.xlsx,Primary Market Auction,150,2022-05-10,2022-05-10 00:00:00,2022-05-10 11:01:41.080000,Auction 4. Period CAP3 EU,T3PA,successful,EU,2506500.0,5591500.0,83.0,41.0,3.95,67367.0,266262.0,491836.0,147441.0,276582.0,2.23,21.0,17.0,True,,True,0.09523809526581317,0.5238095238095238,True,-0.1764705882233102,0.5294117647058824,True,28083.857142857145,0.5238095238095238,False,-0.0007999202074606693,0.005000644484413568,True,-0.4698795180738671,0.5060240963855421,True,-0.0023809523809523725,0.005,True,0.8095238095238095,1.84718810795382,1.8758825564123955,1.046331878453866,1.0563596032852196,consistent-but-unverified:all N bidders,consistent-but-unverified:successful S bidders,unknown,unknown
emission-spot-primary-market-auction-report-2022-data.xlsx,Primary Market Auction,151,2022-05-09,2022-05-09 00:00:00,2022-05-09 11:00:52.303000,Auction 4. Period CAP3 EU,T3PA,successful,EU,2506500.0,5584500.0,76.0,46.0,3.62,73480.0,265929.0,500660.0,139250.0,292666.0,2.23,21.0,18.0,True,,True,0.42857142857974395,0.5238095238095238,True,0.0,0.5277777777777778,True,19892.857142857145,0.5238095238095238,False,0.0019928186714541773,0.005000643927314139,True,-0.26315789473301265,0.506578947368421,True,0.0009523809523810378,0.005,True,0.8571428571428571,1.8826829717706606,2.1017307001795333,1.058721447909968,1.1319602460855005,consistent-but-unverified:all N bidders,consistent-but-unverified:successful S bidders,unknown,unknown
emission-spot-primary-market-auction-report-2022-data.xlsx,Primary Market Auction,152,2022-05-06,2022-05-06 00:00:00,2022-05-06 11:00:36.433000,Auction 4. Period DE,T3PA,successful,DE,1944000.0,4969000.0,64.0,34.0,3.56,77641.0,276056.0,495643.0,121500.0,230505.0,2.56,18.0,16.0,True,,True,0.4444444444379769,0.5277777777777778,True,0.0,0.53125,True,13500.0,0.5277777777777778,False,0.003930041152263364,0.00500091462721612,True,0.375,0.5078125,True,0.004444444444444695,0.005,True,0.8888888888888888,1.7954436780942997,1.8971604938271605,1.0279908339356176,1.063731117262065,consistent-but-unverified:all N bidders,consistent-but-unverified:successful S bidders,unknown,unknown
emission-spot-primary-market-auction-report-2022-data.xlsx,Primary Market Auction,153,2022-05-05,2022-05-05 00:00:00,2022-05-05 11:00:36.609000,Auction 4. Period CAP3 EU,T3PA,successful,EU,2506500.0,5596000.0,73.0,17.0,4.87,76658.0,373067.0,539421.0,358071.0,303217.0,2.23,15.0,7.0,True,,True,0.3333333333139308,0.5333333333333333,True,-0.42857142857974395,0.5714285714285714,True,190971.0,0.5333333333333333,False,-0.002595252343905674,0.005000644842548915,True,0.46575342465075664,0.5068493150684932,True,0.0033333333333338544,0.005,True,0.4666666666666667,1.4459091798524126,0.8468069181810312,0.8944169065071277,0.6134581576806261,consistent-but-unverified:all N bidders,consistent-but-unverified:successful S bidders,unknown,unknown
emission-spot-primary-market-auction-report-2022-data.xlsx,Primary Market Auction,154,2022-05-03,2022-05-03 00:00:00,2022-05-03 11:01:34.123000,Auction 4. Period CAP3 EU,T3PA,successful,EU,2506500.0,7303000.0,84.0,19.0,4.0,86940.0,347762.0,483498.0,192808.0,260715.0,2.91,21.0,13.0,True,,True,0.09523809526581317,0.5238095238095238,True,0.3076923076878302,0.5384615384615384,True,73450.85714285714,0.5238095238095238,False,-0.0036245761021342915,0.005000780695223882,True,-0.4761904761835467,0.5059523809523809,True,0.0,0.005,True,0.6190476190476191,1.3903129151546172,1.352200116177752,0.8714242842161843,0.8553511098259007,consistent-but-unverified:all N bidders,consistent-but-unverified:successful S bidders,unknown,unknown
emission-spot-primary-market-auction-report-2022-data.xlsx,Primary Market Auction,155,2022-05-02,2022-05-02 00:00:00,2022-05-02 11:00:56.233000,Auction 4. Period CAP3 EU,T3PA,successful,EU,2506500.0,6389500.0,87.0,34.0,4.14,73443.0,304262.0,486507.0,167100.0,254655.0,2.55,21.0,15.0,True,,True,0.09523809526581317,0.5238095238095238,True,0.0,0.5333333333333333,True,47742.857142857145,0.5238095238095238,False,0.0008278475962497645,0.005000707993748438,True,0.4712643678212771,0.5057471264367817,True,-0.0028571428571435575,0.005,True,0.7142857142857143,1.5989739106428014,1.523967684021544,0.9551167173799593,0.9258321411190078,consistent-but-unverified:all N bidders,consistent-but-unverified:successful S bidders,unknown,unknown
emission-spot-primary-market-auction-report-2022-data.xlsx,Primary Market Auction,156,2022-04-29,2022-04-29 00:00:00,2022-04-29 11:00:41.496000,Auction 4. Period DE,T3PA,successful,DE,1944000.0,5214000.0,86.0,40.0,4.1,60628.0,248286.0,380554.0,129600.0,156515.0,2.68,21.0,15.0,True,,True,0.285714285710128,0.5238095238095238,True,0.0,0.5333333333333333,True,37028.571428571435,0.5238095238095238,False,-0.002098765432098748,0.005000947042040965,True,0.09302325581666082,0.5058139534883721,True,0.004761904761904745,0.005,True,0.7142857142857143,1.532724358199818,1.2076774691358025,0.929295544805965,0.791941043984079,consistent-but-unverified:all N bidders,consistent-but-unverified:successful S bidders,unknown,unknown
emission-spot-primary-market-auction-report-2022-data.xlsx,Primary Market Auction,157,2022-04-28,2022-04-28 00:00:00,2022-04-28 11:00:39.560000,Auction 4. Period CAP3 EU,T3PA,successful,EU,2506500.0,4562500.0,86.0,23.0,3.74,53052.0,198370.0,277085.0,250650.0,275058.0,1.82,23.0,10.0,True,,True,0.4347826087032445,0.5217391304347826,True,0.0,0.55,True,141671.73913043478,0.5217391304347826,False,-0.00026730500698168846,0.00500056259079755,True,-0.3255813953510369,0.5058139534883721,True,0.0008695652173913437,0.005,True,0.43478260869565216,1.3968089932953571,1.09737881508079,0.8741382665430684,0.740688381804932,consistent-but-unverified:all N bidders,consistent-but-unverified:successful S bidders,unknown,unknown
emission-spot-primary-market-auction-report-2022-data.xlsx,Primary Market Auction,158,2022-04-27,2022-04-27 00:00:00,2022-04-27 11:00:56.921000,Auction 4. Period CAP3 PL,T3PA,successful,PL,3322500.0,5904000.0,88.0,56.0,4.4,67091.0,295200.0,490049.0,195441.0,257239.0,1.78,20.0,17.0,True,,True,0.0,0.525,True,-0.1764705882233102,0.5294117647058824,True,29316.0,0.525,False,0.003024830699774217,0.00500041790450515,True,0.09090909091173671,0.5056818181818182,True,0.0,0.005,True,0.85,1.6600575880758808,1.3161977271913263,0.9783477722118441,0.8399269305015015,consistent-but-unverified:all N bidders,consistent-but-unverified:successful S bidders,unknown,unknown
emission-spot-primary-market-auction-report-2022-data.xlsx,Primary Market Auction,159,2022-04-26,2022-04-26 00:00:00,2022-04-26 11:00:46.429000,Auction 4. Period CAP3 EU,T3PA,successful,EU,2506500.0,5053000.0,85.0,46.0,3.86,59447.0,229682.0,409962.0,131921.0,183919.0,2.02,22.0,19.0,True,,True,0.18181818182347342,0.5227272727272727,True,-0.052631578961154446,0.5263157894736842,True,17989.181818181823,0.5227272727272727,False,0.004041492120486545,0.005000601627550375,True,-0.0588235294126207,0.5058823529411764,True,-0.003636363636363882,0.005,True,0.8636363636363636,1.7849113121620328,1.394160141296685,1.0242160280470674,0.8730324976707757,consistent-but-unverified:all N bidders,consistent-but-unverified:successful S bidders,unknown,unknown
emission-spot-primary-market-auction-report-2022-data.xlsx,Primary Market Auction,160,2022-04-25,2022-04-25 00:00:00,2022-04-25 11:00:43.626000,Auction 4. Period CAP3 EU,T3PA,successful,EU,2506500.0,4820000.0,83.0,57.0,3.95,58072.0,229524.0,460889.0,131921.0,210402.0,1.92,21.0,19.0,True,,True,0.19047619047341868,0.5238095238095238,True,-0.052631578961154446,0.5263157894736842,True,12563.857142857145,0.5238095238095238,False,-0.0030001994813486643,0.005000583084097962,True,-0.2891566265025176,0.5060240963855421,True,-0.0023809523809523725,0.005,True,0.9047619047619048,2.0080209477004582,1.594909074370267,1.1012823700595078,0.9535514772256625,consistent-but-unverified:all N bidders,consistent-but-unverified:successful S bidders,unknown,unknown
emission-spot-primary-market-auction-report-2022-data.xlsx,Primary Market Auction,161,2022-04-22,2022-04-22 00:00:00,2022-04-22 11:00:45.085000,Auction 4. Period DE,T3PA,successful,DE,1944000.0,5370500.0,75.0,18.0,3.95,71607.0,282658.0,477424.0,176727.0,243304.0,2.76,19.0,11.0,True,,True,0.10526315792230889,0.5263157894736842,True,-0.27272727273521014,0.5454545454545454,True,74411.21052631579,0.5263157894736842,False,-0.0026028806584363906,0.005000967747837244,True,0.3333333333284827,0.5066666666666667,True,0.0026315789473687623,0.005,True,0.5789473684210527,1.6890517869651664,1.3767222891804873,0.9891886359206045,0.865722349066488,consistent-but-unverified:all N bidders,consistent-but-unverified:successful S bidders,unknown,unknown
emission-spot-primary-market-auction-report-2022-data.xlsx,Primary Market Auction,162,2022-04-21,2022-04-21 00:00:00,2022-04-21 11:00:39.839000,Auction 4. Period CAP3 EU,T3PA,successful,EU,2506500.0,5188000.0,76.0,36.0,3.3,68263.0,225565.0,464359.0,156656.0,264631.0,2.07,23.0,16.0,True,,True,-0.21739130435162224,0.5217391304347826,True,-0.25,0.53125,True,47677.739130434784,0.5217391304347826,False,0.00018152802712911864,0.005000612371610785,True,-0.1578947368398076,0.506578947368421,True,-0.004347826086956719,0.005,True,0.6956521739130435,2.0586482831999646,1.6892490552548258,1.1179730808531794,0.9892619930255843,consistent-but-unverified:all N bidders,consistent-but-unverified:successful S bidders,unknown,unknown
emission-spot-primary-market-auction-report-2022-data.xlsx,Primary Market Auction,163,2022-04-19,2022-04-19 00:00:00,2022-04-19 11:00:31.092000,Auction 4. Period CAP3 EU,T3PA,successful,EU,2506500.0,5279000.0,91.0,44.0,3.96,58011.0,229522.0,447347.0,125325.0,218781.0,2.11,23.0,20.0,True,,True,0.2608695652161259,0.5217391304347826,True,0.0,0.525,True,16346.739130434784,0.5217391304347826,False,0.003875922601236592,0.005000619613903358,True,0.010989010988851078,0.5054945054945055,True,0.003478260869565375,0.005,True,0.8695652173913043,1.9490375650264462,1.7457091561938958,1.081478867977321,1.010039386293479,consistent-but-unverified:all N bidders,consistent-but-unverified:successful S bidders,unknown,unknown
emission-spot-primary-market-auction-report-2022-data.xlsx,Primary Market Auction,164,2022-04-14,2022-04-14 00:00:00,2022-04-14 11:00:44.029000,Auction 4. Period CAP3 EU,T3PA,successful,EU,2506500.0,6051500.0,78.0,21.0,3.71,77583.0,288167.0,508738.0,167100.0,294684.0,2.41,21.0,15.0,True,,True,0.3333333333139308,0.5238095238095238,True,0.0,0.5333333333333333,True,47742.857142857145,0.5238095238095238,False,-0.004322760821863003,0.005000681093804595,True,-0.3333333333284827,0.5064102564102564,True,-0.004285714285714448,0.005,True,0.7142857142857143,1.7654276860292817,1.7635188509874327,1.0171953015044164,1.0165048136854768,consistent-but-unverified:all N bidders,consistent-but-unverified:successful S bidders,unknown,unknown
emission-spot-primary-market-auction-report-2022-data.xlsx,Primary Market Auction,165,2022-04-13,2022-04-13 00:00:00,2022-04-13 11:00:34.184000,Auction 4. Period CAP3 PL,T3PA,successful,PL,3322500.0,6624500.0,87.0,36.0,4.14,76144.0,315452.0,581101.0,195441.0,407837.0,1.99,21.0,17.0,True,,True,-0.38095238094683737,0.5238095238095238,True,-0.1764705882233102,0.5294117647058824,True,37226.71428571429,0.5238095238095238,False,-0.0038299473288185837,0.005000450538788169,True,0.32183908045408316,0.5057471264367817,True,-0.0028571428571435575,0.005,True,0.8095238095238095,1.8421217808097587,2.086752523779555,1.0445508791473423,1.1271195750824725,consistent-but-unverified:all N bidders,consistent-but-unverified:successful S bidders,unknown,unknown
emission-spot-primary-market-auction-report-2022-data.xlsx,Primary Market Auction,166,2022-04-12,2022-04-12 00:00:00,2022-04-12 11:00:32.887000,Auction 4. Period CAP3 EU,T3PA,successful,EU,2506500.0,6079000.0,91.0,32.0,3.5,66802.0,233808.0,429819.0,139250.0,200673.0,2.43,26.0,18.0,True,,True,0.3076923076878302,0.5192307692307693,True,0.0,0.5277777777777778,True,42846.153846153844,0.5192307692307693,False,0.004705765010971419,0.005000683282409494,True,-0.1978021977993194,0.5054945054945055,True,0.0,0.005,True,0.6923076923076923,1.8383417162800246,1.4410987432675044,1.043219978917233,0.8924482425662422,consistent-but-unverified:all N bidders,consistent-but-unverified:successful S bidders,unknown,unknown
emission-spot-primary-market-auction-report-2022-data.xlsx,Primary Market Auction,167,2022-04-11,2022-04-11 00:00:00,2022-04-11 11:00:46.931000,Auction 4. Period CAP3 EU,T3PA,successful,EU,2506500.0,5676500.0,84.0,13.0,3.65,67577.0,246804.0,390047.0,278500.0,363043.0,2.26,23.0,9.0,True,,True,-0.3478260869451333,0.5217391304347826,True,0.0,0.5555555555555556,True,169521.73913043478,0.5217391304347826,False,-0.004711749451426606,0.005000651249192344,True,-0.38095238094683737,0.5059523809523809,True,-0.0021739130434781373,0.005,True,0.391304347826087,1.5803917278488193,1.3035655296229802,0.9479412199076811,0.8344581528394216,consistent-but-unverified:all N bidders,consistent-but-unverified:successful S bidders,unknown,unknown
emission-spot-primary-market-auction-report-2022-data.xlsx,Primary Market Auction,168,2022-04-08,2022-04-08 00:00:00,2022-04-08 11:00:42.001000,Auction 4. Period DE,T3PA,successful,DE,1944000.0,5456000.0,80.0,41.0,3.64,68200.0,248000.0,462279.0,97200.0,151544.0,2.81,22.0,20.0,True,,True,0.0,0.5227272727272727,True,0.0,0.525,True,8836.363636363632,0.5227272727272727,False,0.0034156378600824766,0.005000979059949588,True,0.0,0.50625,True,0.003636363636363882,0.005,True,0.9090909090909091,1.8640282258064516,1.5590946502057612,1.052229104429183,0.9396535436783873,consistent-but-unverified:all N bidders,consistent-but-unverified:successful S bidders,unknown,unknown
emission-spot-primary-market-auction-report-2022-data.xlsx,Primary Market Auction,169,2022-04-07,2022-04-07 00:00:00,2022-04-07 11:01:08.594000,Auction 4. Period CAP3 EU,T3PA,successful,EU,2506500.0,6988000.0,96.0,18.0,3.31,72792.0,240966.0,436328.0,192808.0,233982.0,2.79,29.0,13.0,True,,True,0.48275862069567665,0.5172413793103449,True,0.3076923076878302,0.5384615384615384,True,106376.96551724138,0.5172413793103449,False,0.0020486734490323677,0.005000755625749591,True,0.3333333333284827,0.5052083333333334,True,-0.0003448275862067973,0.005,True,0.4482758620689655,1.8107450843687491,1.2135492303223934,1.0334496027780178,0.7945972138835021,consistent-but-unverified:all N bidders,consistent-but-unverified:successful S bidders,unknown,unknown
emission-spot-primary-market-auction-report-2022-data.xlsx,Primary Market Auction,171,2022-04-05,2022-04-05 00:00:00,2022-04-05 11:00:38.836000,Auction 4. Period CAP3 EU,T3PA,successful,EU,2506500.0,6060500.0,102.0,30.0,4.43,59417.0,263500.0,454923.0,179036.0,249672.0,2.42,23.0,14.0,True,,True,0.0,0.5217391304347826,True,0.285714285710128,0.5357142857142857,True,70057.73913043478,0.5217391304347826,False,0.00208657490524633,0.00500068181007529,True,0.33333333333575865,0.5049019607843137,True,-0.004782608695652613,0.005,True,0.6086956521739131,1.7264629981024668,1.3945351772827812,1.0030051640842852,0.8731891315603479,consistent-but-unverified:all N bidders,consistent-but-unverified:successful S bidders,unknown,unknown
emission-spot-primary-market-auction-report-2022-data.xlsx,Primary Market Auction,172,2022-04-04,2022-04-04 00:00:00,2022-04-04 11:00:32.143000,Auction 4. Period CAP3 EU,T3PA,successful,EU,2506500.0,6633500.0,107.0,36.0,4.12,61995.0,255135.0,436163.0,156656.0,247285.0,2.65,26.0,16.0,True,,True,0.38461538462433964,0.5192307692307693,True,-0.25,0.53125,True,60252.153846153844,0.5192307692307693,False,0.003480949531218691,0.005000727412642809,True,-0.32710280374158174,0.5046728971962616,True,0.004615384615385132,0.005,True,0.6153846153846154,1.7095380876790718,1.578522367480339,0.9967781730129129,0.9472165090806528,consistent-but-unverified:all N bidders,consistent-but-unverified:successful S bidders,unknown,unknown
emission-spot-primary-market-auction-report-2022-data.xlsx,Primary Market Auction,173,2022-04-01,2022-04-01 00:00:00,2022-04-01 11:01:34.174000,Auction 4. Period DE,T3PA,successful,DE,1944000.0,3985500.0,68.0,62.0,3.4,58610.0,199275.0,453902.0,102316.0,155381.0,2.05,20.0,19.0,True,,True,0.0,0.525,True,0.21052631578641012,0.5263157894736842,True,5116.0,0.525,False,-0.0001543209876544438,0.005000784504847811,True,-0.29411764705582755,0.5073529411764706,True,0.0,0.005,True,0.95,2.2777669050307363,1.5186383361351108,1.1871623688947863,0.9237184126820225,consistent-but-unverified:all N bidders,consistent-but-unverified:successful S bidders,unknown,unknown
emission-spot-primary-market-auction-report-2022-data.xlsx,Primary Market Auction,174,2022-03-31,2022-03-31 00:00:00,2022-03-31 11:00:41.055000,Auction 4. Period CAP3 EU,T3PA,successful,EU,2506500.0,5863500.0,82.0,31.0,3.9,71506.0,279214.0,491241.0,179036.0,257985.0,2.34,21.0,14.0,True,,True,-0.28571428573923185,0.5238095238095238,True,0.285714285710128,0.5357142857142857,True,59678.857142857145,0.5238095238095238,False,0.0006822262118491018,0.005000666131705653,True,-0.09756097561330535,0.5060975609756098,True,-0.004761904761904745,0.005,True,0.6666666666666666,1.7593709484481437,1.4409671797850712,1.0150027365230465,0.8923943459230839,consistent-but-unverified:all N bidders,consistent-but-unverified:successful S bidders,unknown,unknown
emission-spot-primary-market-auction-report-2022-data.xlsx,Primary Market Auction,175,2022-03-30,2022-03-30 00:00:00,2022-03-30 11:00:50.226000,Auction 4. Period CAP3 PL,T3PA,successful,PL,3322500.0,6254000.0,87.0,50.0,3.63,71885.0,260583.0,482328.0,151023.0,261961.0,1.88,24.0,22.0,True,,True,-0.3333333333430346,0.5208333333333334,True,0.27272727273521014,0.5227272727272727,True,12585.5,0.5208333333333334,False,-0.0023175319789316973,0.0050004337573837845,True,-0.05747126437199768,0.5057471264367817,True,0.004999999999999893,0.005,True,0.9166666666666666,1.8509572765683102,1.7345768525323957,1.0476548243985084,1.0059767081939586,consistent-but-unverified:all N bidders,consistent-but-unverified:successful S bidders,unknown,unknown
emission-spot-primary-market-auction-report-2022-data.xlsx,Primary Market Auction,176,2022-03-29,2022-03-29 00:00:00,2022-03-29 11:00:30.720000,Auction 4. Period CAP3 EU,T3PA,successful,EU,2506500.0,5750500.0,74.0,36.0,4.35,77709.0,338265.0,523258.0,192808.0,254157.0,2.29,17.0,13.0,True,,True,0.2941176470485516,0.5294117647058824,True,0.3076923076878302,0.5384615384615384,True,45366.82352941178,0.5294117647058824,False,-0.004234989028525593,0.005000657138529162,True,-0.45945945945277344,0.5067567567567568,True,-0.002941176470588225,0.005,True,0.7647058823529411,1.546887795071911,1.3181870046886022,0.9348721412663871,0.840785416680159,consistent-but-unverified:all N bidders,consistent-but-unverified:successful S bidders,unknown,unknown
emission-spot-primary-market-auction-report-2022-data.xlsx,Primary Market Auction,177,2022-03-28,2022-03-28 00:00:00,2022-03-28 11:00:35.443000,Auction 4. Period CAP3 EU,T3PA,successful,EU,2506500.0,6232000.0,74.0,22.0,4.35,84216.0,366588.0,519513.0,278500.0,279481.0,2.49,17.0,9.0,True,,True,-0.2352941176504828,0.5294117647058824,True,0.0,0.5555555555555556,True,131058.82352941178,0.5294117647058824,False,0.003664472371833316,0.005000695459011292,True,-0.21621621621306986,0.5067567567567568,True,-0.002941176470588225,0.005,True,0.5294117647058824,1.417157681102491,1.0035224416517055,0.8825923379477782,0.6949068522550402,consistent-but-unverified:all N bidders,consistent-but-unverified:successful S bidders,unknown,unknown
emission-spot-primary-market-auction-report-2022-data.xlsx,Primary Market Auction,178,2022-03-25,2022-03-25 00:00:00,2022-03-25 11:00:51.601000,Auction 4. Period DE,T3PA,successful,DE,1944000.0,5028000.0,71.0,20.0,3.74,70817.0,264632.0,464564.0,176727.0,170408.0,2.59,19.0,11.0,True,,True,0.42105263157282025,0.5263157894736842,True,-0.27272727273521014,0.5454545454545454,True,74411.21052631579,0.5263157894736842,False,0.003580246913580165,0.005000922433235164,True,0.09859154929290526,0.5070422535211268,True,0.0031578947368422483,0.005,True,0.5789473684210527,1.7555095377732095,0.9642442863852156,1.0136023756936128,0.6751075842673313,consistent-but-unverified:all N bidders,consistent-but-unverified:successful S bidders,unknown,unknown
emission-spot-primary-market-auction-report-2022-data.xlsx,Primary Market Auction,179,2022-03-24,2022-03-24 00:00:00,2022-03-24 11:00:38.291000,Auction 4. Period CAP3 EU,T3PA,successful,EU,2507500.0,4753000.0,82.0,25.0,4.1,57963.0,237650.0,313676.0,227955.0,213942.0,1.9,20.0,11.0,True,,True,0.0,0.525,True,0.45454545455868356,0.5454545454545454,True,102580.0,0.525,False,0.004486540378863424,0.005000577370655551,True,-0.4146341463419958,0.5060975609756098,True,0.0,0.005,True,0.55,1.319907426888281,0.9385273409225505,0.8415272826787774,0.6619285821937123,consistent-but-unverified:all N bidders,consistent-but-unverified:successful S bidders,unknown,unknown
emission-spot-primary-market-auction-report-2022-data.xlsx,Primary Market Auction,180,2022-03-22,2022-03-22 00:00:00,2022-03-22 11:00:46.754000,Auction 4. Period CAP3 EU,T3PA,successful,EU,2506500.0,4971000.0,90.0,41.0,4.09,55233.0,225955.0,360827.0,139250.0,203189.0,1.98,22.0,18.0,True,,True,0.45454545455868356,0.5227272727272727,True,0.0,0.5277777777777778,True,25318.181818181823,0.5227272727272727,False,-0.00324356672651116,0.005000595101528496,True,-0.33333333333575865,0.5055555555555555,True,-0.0009090909090909705,0.005,True,0.8181818181818182,1.5968976123564427,1.4591669658886894,0.9543175065497124,0.8998226608430271,consistent-but-unverified:all N bidders,consistent-but-unverified:successful S bidders,unknown,unknown
emission-spot-primary-market-auction-report-2022-data.xlsx,Primary Market Auction,181,2022-03-21,2022-03-21 00:00:00,2022-03-21 11:00:39.637000,Auction 4. Period CAP3 EU,T3PA,successful,EU,2506500.0,5761500.0,81.0,27.0,4.26,71130.0,303237.0,502224.0,167100.0,263886.0,2.3,19.0,15.0,True,,True,0.1578947368543595,0.5263157894736842,True,0.0,0.5333333333333333,True,35178.94736842104,0.5263157894736842,False,0.001376421304607689,0.005000658013971121,True,0.37037037036498077,0.5061728395061729,True,-0.0031578947368426924,0.005,True,0.7894736842105263,1.6562094995003909,1.579210053859964,0.9769001063274377,0.9474831713762208,consistent-but-unverified:all N bidders,consistent-but-unverified:successful S bidders,unknown,unknown
emission-spot-primary-market-auction-report-2022-data.xlsx,Primary Market Auction,182,2022-03-18,2022-03-18 00:00:00,2022-03-18 11:00:48.334000,Auction 4. Period DE,T3PA,successful,DE,1944000.0,4063500.0,62.0,35.0,3.44,65540.0,225750.0,336147.0,121500.0,180582.0,2.09,18.0,16.0,True,,True,0.0,0.5277777777777778,True,0.0,0.53125,True,13500.0,0.5277777777777778,False,-0.0002777777777778212,0.005000794824669599,True,-0.3225806451664539,0.5080645161290323,True,-0.004444444444444695,0.005,True,0.8888888888888888,1.4890232558139536,1.4862716049382716,0.9118903667785082,0.9107842409173275,consistent-but-unverified:all N bidders,consistent-but-unverified:successful S bidders,unknown,unknown
emission-spot-primary-market-auction-report-2022-data.xlsx,Primary Market Auction,183,2022-03-17,2022-03-17 00:00:00,2022-03-17 11:02:07.149000,Auction 4. Period CAP3 EU,T3PA,successful,EU,2449000.0,6609500.0,90.0,21.0,3.21,73439.0,236054.0,441178.0,163267.0,278599.0,2.7,28.0,15.0,True,,True,0.42857142857974395,0.5178571428571429,True,0.3333333333430346,0.5333333333333333,True,75802.71428571429,0.5178571428571429,False,0.001143323805635088,0.005000755177057412,True,0.11111111110949423,0.5055555555555555,True,-0.004285714285714448,0.005,True,0.5357142857142857,1.868970659255933,1.70640117108785,1.0539533101278094,0.9956197711948245,consistent-but-unverified:all N bidders,consistent-but-unverified:successful S bidders,unknown,unknown
emission-spot-primary-market-auction-report-2022-data.xlsx,Primary Market Auction,184,2022-03-16,2022-03-16 00:00:00,2022-03-16 11:00:43.678000,Auction 4. Period CAP3 PL,T3PA,successful,PL,3322500.0,6506000.0,91.0,41.0,4.14,71495.0,295727.0,493224.0,174868.0,301098.0,1.96,22.0,19.0,True,,True,-0.2727272727061063,0.5227272727272727,True,-0.42105263157282025,0.5263157894736842,True,23845.272727272735,0.5227272727272727,False,0.001835966892400176,0.005000445171456402,True,0.4945054944982985,0.5054945054945055,True,0.0036363636363629936,0.005,True,0.8636363636363636,1.6678355375058753,1.7218587734748496,0.9812674835394035,1.001315019516221,consistent-but-unverified:all N bidders,consistent-but-unverified:successful S bidders,unknown,unknown
emission-spot-primary-market-auction-report-2022-data.xlsx,Primary Market Auction,185,2022-03-15,2022-03-15 00:00:00,2022-03-15 11:01:17.817000,Auction 4. Period CAP3 EU,T3PA,successful,EU,2449000.0,4723000.0,61.0,41.0,3.05,77426.0,236150.0,474606.0,136056.0,221977.0,1.93,20.0,18.0,True,,True,0.0,0.525,True,0.4444444444379769,0.5277777777777778,True,13606.0,0.525,False,0.0014577378521845041,0.005000597905809695,True,-0.2295081967167789,0.5081967213114754,True,0.0,0.005,True,0.9,2.009764979885666,1.6315120244605164,1.1018619959401963,0.967558595233336,consistent-but-unverified:all N bidders,consistent-but-unverified:successful S bidders,unknown,unknown
emission-spot-primary-market-auction-report-2022-data.xlsx,Primary Market Auction,186,2022-03-14,2022-03-14 00:00:00,2022-03-14 11:00:36.944000,Auction 4. Period CAP3 EU,T3PA,successful,EU,2449000.0,5636000.0,75.0,22.0,3.75,75147.0,281800.0,556162.0,188385.0,413891.0,2.3,20.0,13.0,True,,True,0.0,0.525,True,0.38461538462433964,0.5384615384615384,True,65935.0,0.525,False,-0.0013474887709272743,0.005000674019591389,True,0.3333333333284827,0.5066666666666667,True,0.0,0.005,True,0.65,1.9736053938963805,2.19704859728747,1.0897751539272869,1.162228070865353,consistent-but-unverified:all N bidders,consistent-but-unverified:successful S bidders,unknown,unknown
emission-spot-primary-market-auction-report-2022-data.xlsx,Primary Market Auction,187,2022-03-11,2022-03-11 00:00:00,2022-03-11 11:02:12.069000,Auction 4. Period DE,T3PA,successful,DE,1944000.0,6001500.0,82.0,14.0,3.57,73189.0,260935.0,437092.0,216000.0,262401.0,3.09,23.0,9.0,True,,True,0.21739130435162224,0.5217391304347826,True,0.0,0.5555555555555556,True,131478.26086956522,0.5217391304347826,False,0.00280864197530839,0.005001051232549397,True,-0.02439024389605038,0.5060975609756098,True,0.0047826086956521685,0.005,True,0.391304347826087,1.6750991626267078,1.2148194444444445,0.9839864498017145,0.7951708852510757,consistent-but-unverified:all N bidders,consistent-but-unverified:successful S bidders,unknown,unknown
emission-spot-primary-market-auction-report-2022-data.xlsx,Primary Market Auction,188,2022-03-10,2022-03-10 00:00:00,2022-03-10 11:01:39.508000,Auction 4. Period CAP3 EU,T3PA,successful,EU,2449000.0,6437500.0,91.0,22.0,3.37,70742.0,238426.0,426595.0,188385.0,257566.0,2.63,27.0,13.0,True,,True,0.07407407407299615,0.5185185185185185,True,0.38461538462433964,0.5384615384615384,True,97681.29629629629,0.5185185185185185,False,0.0013760718660678073,0.005000740837987914,True,0.2417582417547237,0.5054945054945055,True,-0.0003703703703701322,0.005,True,0.48148148148148145,1.7892134247103924,1.367231998301351,1.0257596294573923,0.8617213393753593,consistent-but-unverified:all N bidders,consistent-but-unverified:successful S bidders,unknown,unknown
emission-spot-primary-market-auction-report-2022-data.xlsx,Primary Market Auction,189,2022-03-08,2022-03-08 00:00:00,2022-03-08 11:00:46.554000,Auction 4. Period CAP3 EU,T3PA,successful,EU,2449000.0,5470000.0,87.0,44.0,3.95,62874.0,248636.0,481862.0,122450.0,264098.0,2.23,22.0,20.0,True,,True,-0.36363636364694685,0.5227272727272727,True,0.0,0.525,True,11131.818181818177,0.5227272727272727,False,-0.0035647202939976808,0.00500066018072199,True,0.4367816091980785,0.5057471264367817,True,-0.004545454545454408,0.005,True,0.9090909090909091,1.938021847198314,2.1567823601469986,1.0777365138024295,1.1495532683800156,consistent-but-unverified:all N bidders,consistent-but-unverified:successful S bidders,unknown,unknown
emission-spot-primary-market-auction-report-2022-data.xlsx,Primary Market Auction,190,2022-03-07,2022-03-07 00:00:00,2022-03-07 11:00:31.037000,Auction 4. Period CAP3 EU,T3PA,successful,EU,2449000.0,5852500.0,84.0,32.0,4.0,69673.0,278690.0,589869.0,136056.0,284037.0,2.39,21.0,18.0,True,,True,-0.47619047621265054,0.5238095238095238,True,0.4444444444379769,0.5277777777777778,True,19436.95238095238,0.5238095238095238,False,0.00024908125765632505,0.005000692068478286,True,0.38095238094683737,0.5059523809523809,True,0.0,0.005,True,0.8571428571428571,2.1165775592952745,2.087647733286294,1.1367354636233202,1.1274095496470424,consistent-but-unverified:all N bidders,consistent-but-unverified:successful S bidders,unknown,unknown
emission-spot-primary-market-auction-report-2022-data.xlsx,Primary Market Auction,191,2022-03-04,2022-03-04 00:00:00,2022-03-04 11:00:34.279000,Auction 4. Period DE,T3PA,successful,DE,1944000.0,4908500.0,79.0,27.0,3.59,62133.0,223114.0,490364.0,138857.0,333767.0,2.52,22.0,14.0,True,,True,0.36363636364694685,0.5227272727272727,True,-0.14285714286961593,0.5357142857142857,True,50493.36363636363,0.5227272727272727,False,-0.0049485596707818935,0.005000906622738964,True,0.08860759493836667,0.5063291139240507,True,-0.0009090909090909705,0.005,True,0.6363636363636364,2.1978181557410115,2.4036742836155183,1.1624687509254628,1.2248555197684767,consistent-but-unverified:all N bidders,consistent-but-unverified:successful S bidders,unknown,unknown
emission-spot-primary-market-auction-report-2022-data.xlsx,Primary Market Auction,192,2022-03-03,2022-03-03 00:00:00,2022-03-03 11:00:42.297000,Auction 4. Period CAP3 EU,T3PA,successful,EU,2449000.0,5535000.0,89.0,44.0,4.05,62191.0,251591.0,489384.0,136056.0,235070.0,2.26,22.0,18.0,True,,True,0.09090909091173671,0.5227272727272727,True,0.4444444444379769,0.5277777777777778,True,24737.818181818177,0.5227272727272727,False,-0.00010616578195188353,0.005000665599556394,True,-0.011235955054871738,0.5056179775280899,True,0.004545454545453964,0.005,True,0.8181818181818182,1.945157020720137,1.7277444581642853,1.0801621334140055,1.0034750619001176,consistent-but-unverified:all N bidders,consistent-but-unverified:successful S bidders,unknown,unknown
emission-spot-primary-market-auction-report-2022-data.xlsx,Primary Market Auction,194,2022-03-01,2022-03-01 00:00:00,2022-03-01 11:00:50.098000,Auction 4. Period CAP3 EU,T3PA,successful,EU,2449000.0,3573000.0,79.0,25.0,3.16,45228.0,142920.0,213370.0,144059.0,240300.0,1.46,25.0,17.0,True,,True,0.0,0.52,True,0.1764705882233102,0.5294117647058824,True,46099.0,0.52,False,0.0010371580236832045,0.005000502034124101,True,0.1518987341769389,0.5063291139240507,True,0.0,0.005,True,0.68,1.49293310943185,1.668066556063835,0.9134599728263995,0.9813540737931424,consistent-but-unverified:all N bidders,consistent-but-unverified:successful S bidders,unknown,unknown
emission-spot-primary-market-auction-report-2022-data.xlsx,Primary Market Auction,195,2022-02-28,2022-02-28 00:00:00,2022-02-28 11:00:38.475000,Auction 4. Period CAP3 EU,T3PA,successful,EU,2449000.0,3112000.0,76.0,45.0,3.3,40947.0,135304.0,197053.0,111318.0,185017.0,1.27,23.0,22.0,True,,True,-0.3478260869451333,0.5217391304347826,True,-0.18181818182347342,0.5227272727272727,True,4839.739130434784,0.5217391304347826,False,-0.0007227439771335664,0.0050004636020831794,True,-0.3684210526334937,0.506578947368421,True,-0.004347826086956719,0.005,True,0.9565217391304348,1.4563723171524863,1.6620582475430747,0.8986855937273396,0.9790996008541457,consistent-but-unverified:all N bidders,consistent-but-unverified:successful S bidders,unknown,unknown
emission-spot-primary-market-auction-report-2022-data.xlsx,Primary Market Auction,196,2022-02-25,2022-02-25 00:00:00,2022-02-25 11:00:42.715000,Auction 4. Period DE,T3PA,successful,DE,1944000.0,2743500.0,60.0,36.0,3.33,45725.0,152417.0,169447.0,138857.0,179240.0,1.41,18.0,14.0,True,,True,0.3333333333430346,0.5277777777777778,True,-0.14285714286961593,0.5357142857142857,True,30857.0,0.5277777777777778,False,-0.0012654320987655066,0.005000620181531656,True,0.0,0.5083333333333333,True,-0.0033333333333334103,0.005,True,0.7777777777777778,1.11173294317563,1.2908243732761042,0.7475089104888499,0.8289117411160721,consistent-but-unverified:all N bidders,consistent-but-unverified:successful S bidders,unknown,unknown
emission-spot-primary-market-auction-report-2022-data.xlsx,Primary Market Auction,197,2022-02-24,2022-02-24 00:00:00,2022-02-24 11:00:50.017000,Auction 4. Period CAP3 EU,T3PA,successful,EU,2449000.0,3223000.0,56.0,50.0,3.29,57554.0,189588.0,253613.0,144059.0,199354.0,1.32,17.0,17.0,True,,True,-0.2352941176504828,0.5294117647058824,True,0.1764705882233102,0.5294117647058824,True,0.1764705882233102,0.5294117647058824,True,0.003952633728052435,0.005000472855785007,True,0.428571428572468,0.5089285714285714,True,-0.004117647058823337,0.005,True,1.0,1.3377059729518745,1.383835789502912,0.8491700950695058,0.8687108665886835,consistent-but-unverified:all N bidders,consistent-but-unverified:successful S bidders,unknown,unknown
emission-spot-primary-market-auction-report-2022-data.xlsx,Primary Market Auction,199,2022-02-22,2022-02-22 00:00:00,2022-02-22 11:01:08.162000,Auction 4. Period CAP3 EU,T3PA,successful,EU,2449000.0,3701500.0,83.0,34.0,3.46,44596.0,154229.0,224298.0,122450.0,203147.0,1.51,24.0,20.0,True,,True,-0.1666666666569654,0.5208333333333334,True,0.0,0.525,True,20408.33333333333,0.5208333333333334,False,-0.0014332380563495395,0.005000512746742882,True,-0.3855421686748741,0.5060240963855421,True,0.0016666666666664831,0.005,True,0.8333333333333334,1.454317929831614,1.6590200081665987,0.8978488936557011,0.9779576369285478,consistent-but-unverified:all N bidders,consistent-but-unverified:successful S bidders,unknown,unknown
emission-spot-primary-market-auction-report-2022-data.xlsx,Primary Market Auction,200,2022-02-21,2022-02-21 00:00:00,2022-02-21 11:01:42.311000,Auction 4. Period CAP3 EU,T3PA,successful,EU,2449000.0,3855500.0,76.0,22.0,3.45,50730.0,175250.0,263104.0,174929.0,265904.0,1.57,22.0,14.0,True,,True,0.0,0.5227272727272727,True,0.42857142857974395,0.5357142857142857,True,63610.81818181818,0.5227272727272727,False,-0.00431604736627178,0.005000525585212083,True,-0.2631578947402886,0.506578947368421,True,-0.004545454545454408,0.005,True,0.6363636363636364,1.5013067047075606,1.5200681419318696,0.9168132772065835,0.9242859416069001,consistent-but-unverified:all N bidders,consistent-but-unverified:successful S bidders,unknown,unknown
emission-spot-primary-market-auction-report-2022-data.xlsx,Primary Market Auction,201,2022-02-18,2022-02-18 00:00:00,2022-02-18 11:01:06.181000,Auction 4. Period DE,T3PA,successful,DE,1944000.0,3175000.0,80.0,32.0,3.48,39688.0,138043.0,171924.0,114353.0,164625.0,1.63,23.0,17.0,True,,True,-0.47826086956774816,0.5217391304347826,True,0.0588235294126207,0.5294117647058824,True,29831.260869565216,0.5217391304347826,False,-0.0032304526748971885,0.005000677271315006,True,0.5,0.50625,True,0.0017391304347826875,0.005,True,0.7391304347826086,1.245438015690763,1.439621173034376,0.808900609375202,0.8918427702983776,consistent-but-unverified:all N bidders,consistent-but-unverified:successful S bidders,unknown,unknown
emission-spot-primary-market-auction-report-2022-data.xlsx,Primary Market Auction,202,2022-02-17,2022-02-17 00:00:00,2022-02-17 11:00:34.779000,Auction 4. Period CAP3 EU,T3PA,successful,EU,2449000.0,3570000.0,84.0,40.0,3.82,42500.0,162273.0,216158.0,144059.0,208814.0,1.46,22.0,17.0,True,,True,0.27272727273521014,0.5227272727272727,True,0.1764705882233102,0.5294117647058824,True,32740.818181818177,0.5227272727272727,False,0.0022621478154347674,0.0050005017840240515,True,0.0,0.5059523809523809,True,0.0018181818181814968,0.005,True,0.7727272727272727,1.3320638676797742,1.4495033284973518,0.8467536556259826,0.8958852809432327,consistent-but-unverified:all N bidders,consistent-but-unverified:successful S bidders,unknown,unknown
emission-spot-primary-market-auction-report-2022-data.xlsx,Primary Market Auction,203,2022-02-16,2022-02-16 00:00:00,2022-02-16 11:00:32.505000,Auction 4. Period CAP3 PL,T3PA,successful,PL,2658000.0,2992000.0,71.0,49.0,3.09,42141.0,130087.0,235808.0,126571.0,241445.0,1.13,23.0,21.0,True,,True,0.04347826086450368,0.5217391304347826,True,-0.42857142856519204,0.5238095238095238,True,11005.782608695648,0.5217391304347826,False,0.004341610233258075,0.005000399860534522,True,0.15492957746755565,0.5070422535211268,True,0.003043478260869481,0.005,True,0.9130434782608695,1.812694581318656,1.9075854658650087,1.034142949606259,1.067322999945128,consistent-but-unverified:all N bidders,consistent-but-unverified:successful S bidders,unknown,unknown
emission-spot-primary-market-auction-report-2022-data.xlsx,Primary Market Auction,204,2022-02-15,2022-02-15 00:00:00,2022-02-15 11:00:36.966000,Auction 4. Period CAP3 EU,T3PA,successful,EU,2449000.0,3005500.0,77.0,43.0,3.67,39032.0,143119.0,266145.0,128895.0,259748.0,1.23,21.0,19.0,True,,True,-0.047619047632906586,0.5238095238095238,True,0.26315789473301265,0.5263157894736842,True,12275.952380952382,0.5238095238095238,False,0.002764393630052986,0.005000454723531426,True,-0.46753246753360145,0.5064935064935064,True,0.0033333333333334103,0.005,True,0.9047619047619048,1.8596063415758914,2.015190659063579,1.0506839725524886,1.1036630650167922,consistent-but-unverified:all N bidders,consistent-but-unverified:successful S bidders,unknown,unknown
emission-spot-primary-market-auction-report-2022-data.xlsx,Primary Market Auction,205,2022-02-14,2022-02-14 00:00:00,2022-02-14 11:01:04.306000,Auction 4. Period CAP3 EU,T3PA,successful,EU,2449000.0,2941000.0,62.0,34.0,3.44,47435.0,163389.0,304863.0,174929.0,327733.0,1.2,18.0,14.0,True,,True,0.11111111112404615,0.5277777777777778,True,0.42857142857974395,0.5357142857142857,True,38873.44444444444,0.5277777777777778,False,-0.0008983258472845534,0.005000449346380365,True,-0.4838709677424049,0.5080645161290323,True,-0.004444444444444695,0.005,True,0.7777777777777778,1.865872243541487,1.8735201138747721,1.0528727518393122,1.0555377987235766,consistent-but-unverified:all N bidders,consistent-but-unverified:successful S bidders,unknown,unknown
emission-spot-primary-market-auction-report-2022-data.xlsx,Primary Market Auction,206,2022-02-11,2022-02-11 00:00:00,2022-02-11 11:00:44.512000,Auction 4. Period DE,T3PA,successful,DE,1944000.0,3015500.0,73.0,29.0,3.17,41308.0,131109.0,200097.0,102316.0,181382.0,1.55,23.0,19.0,True,,True,0.3043478260806296,0.5217391304347826,True,0.21052631578641012,0.5263157894736842,True,17794.260869565216,0.5217391304347826,False,-0.0011831275720164403,0.005000656168602505,True,-0.21917808218859136,0.5068493150684932,True,-0.003913043478260825,0.005,True,0.8260869565217391,1.5261881335377434,1.7727628132452402,0.9267114999900998,1.0198442286245728,consistent-but-unverified:all N bidders,consistent-but-unverified:successful S bidders,unknown,unknown
emission-spot-primary-market-auction-report-2022-data.xlsx,Primary Market Auction,207,2022-02-10,2022-02-10 00:00:00,2022-02-10 11:00:45.338000,Auction 4. Period CAP3 EU,T3PA,successful,EU,3059000.0,3742000.0,76.0,44.0,3.17,49237.0,155917.0,227190.0,133000.0,194682.0,1.22,24.0,23.0,True,,True,0.3333333333430346,0.5208333333333334,True,0.0,0.5217391304347826,True,5541.6666666666715,0.5208333333333334,False,-0.003275580254985311,0.005000363399114123,True,0.1578947368398076,0.506578947368421,True,0.0033333333333334103,0.005,True,0.9583333333333334,1.4571214171642606,1.4637744360902256,0.8989905091533414,0.9016944976863331,consistent-but-unverified:all N bidders,consistent-but-unverified:successful S bidders,unknown,unknown
emission-spot-primary-market-auction-report-2022-data.xlsx,Primary Market Auction,209,2022-02-08,2022-02-08 00:00:00,2022-02-08 11:00:46.997000,Auction 4. Period CAP3 EU,T3PA,successful,EU,3062000.0,4735500.0,91.0,34.0,3.5,52038.0,182135.0,285232.0,153100.0,214454.0,1.55,26.0,20.0,True,,True,0.38461538462433964,0.5192307692307693,True,0.0,0.525,True,35330.769230769234,0.5192307692307693,False,0.003461789679947813,0.005000415829272185,True,-0.4615384615390212,0.5054945054945055,True,0.0,0.005,True,0.7692307692307693,1.5660471628187882,1.4007446113651207,0.9423666459227392,0.875778943970319,consistent-but-unverified:all N bidders,consistent-but-unverified:successful S bidders,unknown,unknown
emission-spot-primary-market-auction-report-2022-data.xlsx,Primary Market Auction,210,2022-02-07,2022-02-07 00:00:00,2022-02-07 11:01:02.436000,Auction 4. Period CAP3 EU,T3PA,successful,EU,3062000.0,4206500.0,79.0,39.0,3.29,53247.0,175271.0,332899.0,153100.0,317521.0,1.37,24.0,20.0,True,,True,0.1666666666569654,0.5208333333333334,True,0.0,0.525,True,25516.66666666667,0.5208333333333334,False,-0.00377531025473532,0.0050003876184739685,True,0.16455696202319814,0.5063291139240507,True,-0.0016666666666664831,0.005,True,0.8333333333333334,1.8993387382966949,2.073945133899412,1.0644826897146227,1.122961796518411,consistent-but-unverified:all N bidders,consistent-but-unverified:successful S bidders,unknown,unknown
emission-spot-primary-market-auction-report-2022-data.xlsx,Primary Market Auction,211,2022-02-04,2022-02-04 00:00:00,2022-02-04 11:00:55.657000,Auction 4. Period DE,T3PA,successful,DE,1944000.0,3665000.0,77.0,20.0,3.85,47597.0,183250.0,231091.0,162000.0,236327.0,1.89,20.0,12.0,True,,True,0.0,0.525,True,0.0,0.5416666666666666,True,64800.0,0.525,False,0.0047119341563786055,0.005000742100964697,True,-0.40259740260080434,0.5064935064935064,True,0.0,0.005,True,0.6,1.2610695770804912,1.4588086419753086,0.8158379655249243,0.8996769407571276,consistent-but-unverified:all N bidders,consistent-but-unverified:successful S bidders,unknown,unknown
emission-spot-primary-market-auction-report-2022-data.xlsx,Primary Market Auction,212,2022-02-03,2022-02-03 00:00:00,2022-02-03 11:01:06.229000,Auction 4. Period CAP3 EU,T3PA,successful,EU,3062000.0,3552500.0,78.0,60.0,3.55,45545.0,161477.0,227003.0,145810.0,215070.0,1.16,22.0,21.0,True,,True,-0.27272727273521014,0.5227272727272727,True,0.4761904761835467,0.5238095238095238,True,6628.1818181818235,0.5227272727272727,False,-0.00018941868060107225,0.005000352741608121,True,0.12820512820326257,0.5064102564102564,True,0.004545454545454408,0.005,True,0.9545454545454546,1.4057915368752205,1.4750017145600438,0.8778789707710077,0.9062410887719465,consistent-but-unverified:all N bidders,consistent-but-unverified:successful S bidders,unknown,unknown
emission-spot-primary-market-auction-report-2022-data.xlsx,Primary Market Auction,213,2022-02-02,2022-02-02 00:00:00,2022-02-02 11:00:42.364000,Auction 4. Period CAP3 PL,T3PA,successful,PL,2658000.0,2991500.0,71.0,54.0,2.84,42134.0,119660.0,169477.0,115565.0,167612.0,1.13,25.0,23.0,True,,True,0.0,0.52,True,-0.21739130435162224,0.5217391304347826,True,9245.0,0.52,False,0.004529721595184277,0.005000399825148631,True,0.19718309859308647,0.5070422535211268,True,0.0,0.005,True,0.92,1.4163212435233161,1.4503699216890926,0.8822462362679869,0.8962390016035553,consistent-but-unverified:all N bidders,consistent-but-unverified:successful S bidders,unknown,unknown
emission-spot-primary-market-auction-report-2022-data.xlsx,Primary Market Auction,215,2022-01-31,2022-01-31 00:00:00,2022-01-31 11:00:50.819000,Auction 4. Period CAP3 EU,T3PA,successful,EU,2449000.0,2920500.0,65.0,44.0,2.6,44931.0,116820.0,181902.0,111318.0,181664.0,1.19,25.0,22.0,True,,True,0.0,0.52,True,-0.18181818182347342,0.5227272727272727,True,13358.0,0.52,False,-0.0025275622703144762,0.005000447637363361,True,0.23076923076587263,0.5076923076923077,True,0.0,0.005,True,0.88,1.5571135079609655,1.6319373326865376,0.9388790863918303,0.9677202034100612,consistent-but-unverified:all N bidders,consistent-but-unverified:successful S bidders,unknown,unknown
emission-spot-primary-market-auction-report-2022-data.xlsx,Primary Market Auction,216,2022-01-28,2022-01-28 00:00:00,2022-01-28 11:00:55.336000,Auction 4. Period DE,T3PA,successful,DE,1944000.0,2527500.0,65.0,38.0,3.1,38885.0,120357.0,192870.0,102316.0,188314.0,1.3,21.0,19.0,True,,True,-0.142857142855064,0.5238095238095238,True,0.21052631578641012,0.5263157894736842,True,9744.571428571435,0.5238095238095238,False,-0.00015432098765422175,0.005000591603563629,True,0.3846153846170637,0.5076923076923077,True,0.004761904761904745,0.005,True,0.9047619047619048,1.6024826142226876,1.8405137026467024,0.95646584107072,1.043984917029708,consistent-but-unverified:all N bidders,consistent-but-unverified:successful S bidders,unknown,unknown
emission-spot-primary-market-auction-report-2022-data.xlsx,Primary Market Auction,217,2022-01-27,2022-01-27 00:00:00,2022-01-27 11:00:42.407000,Auction 4. Period CAP3 EU,T3PA,successful,EU,2449000.0,3234000.0,89.0,42.0,4.05,36337.0,147000.0,203457.0,128895.0,203174.0,1.32,22.0,19.0,True,,True,0.0,0.5227272727272727,True,0.26315789473301265,0.5263157894736842,True,17576.818181818177,0.5227272727272727,False,-0.0005389955083707765,0.005000473772818521,True,-0.07865168539137812,0.5056179775280899,True,0.004545454545453964,0.005,True,0.8636363636363636,1.3840612244897958,1.576275262810815,0.8688054302868464,0.9463446592145557,consistent-but-unverified:all N bidders,consistent-but-unverified:successful S bidders,unknown,unknown
emission-spot-primary-market-auction-report-2022-data.xlsx,Primary Market Auction,218,2022-01-25,2022-01-25 00:00:00,2022-01-25 11:00:56.669000,Auction 4. Period CAP3 EU,T3PA,successful,EU,2449000.0,3813500.0,95.0,45.0,3.8,40142.0,152540.0,245390.0,106478.0,210182.0,1.56,25.0,23.0,True,,True,0.0,0.52,True,-0.2608695652161259,0.5217391304347826,True,8518.0,0.52,False,0.0028338097182523114,0.005000522083811392,True,-0.10526315789320506,0.5052631578947369,True,0.0,0.005,True,0.92,1.6086928018880293,1.9739476699412084,0.9588492536827653,1.0898902520328546,consistent-but-unverified:all N bidders,consistent-but-unverified:successful S bidders,unknown,unknown
emission-spot-primary-market-auction-report-2022-data.xlsx,Primary Market Auction,219,2022-01-24,2022-01-24 00:00:00,2022-01-24 11:00:53.167000,Auction 4. Period CAP3 EU,T3PA,successful,EU,2449000.0,3669500.0,96.0,38.0,4.0,38224.0,152896.0,179610.0,128895.0,156518.0,1.5,24.0,19.0,True,,True,0.1666666666569654,0.5208333333333334,True,0.26315789473301265,0.5263157894736842,True,26853.33333333333,0.5208333333333334,False,0.0016333197223357132,0.005000510079009022,True,0.04166666666424135,0.5052083333333334,True,0.0,0.005,True,0.7916666666666666,1.174720071159481,1.2143062182396525,0.7768999533425354,0.7949391346771811,consistent-but-unverified:all N bidders,consistent-but-unverified:successful S bidders,unknown,unknown
emission-spot-primary-market-auction-report-2022-data.xlsx,Primary Market Auction,220,2022-01-21,2022-01-21 00:00:00,2022-01-21 11:00:42.619000,Auction 4. Period DE,T3PA,successful,DE,1944000.0,3068500.0,85.0,37.0,3.7,36100.0,133413.0,150956.0,97200.0,131473.0,1.58,23.0,20.0,True,,True,-0.04347826086450368,0.5217391304347826,True,0.0,0.525,True,12678.260869565216,0.5217391304347826,False,0.0015534979423867945,0.005000663180789104,True,0.0,0.5058823529411764,True,0.004347826086956719,0.005,True,0.8695652173913043,1.1314939323754056,1.3526028806584363,0.7568231105737118,0.855522324000836,consistent-but-unverified:all N bidders,consistent-but-unverified:successful S bidders,unknown,unknown
emission-spot-primary-market-auction-report-2022-data.xlsx,Primary Market Auction,221,2022-01-20,2022-01-20 00:00:00,2022-01-20 11:00:26.418000,Auction 4. Period CAP3 EU,T3PA,successful,EU,2449000.0,4639500.0,116.0,32.0,4.0,39996.0,159983.0,224882.0,153063.0,207385.0,1.89,29.0,16.0,True,,True,0.24137931034783833,0.5172413793103449,True,0.5,0.53125,True,68614.72413793103,0.5172413793103449,False,-0.00444671294405885,0.005000590944691654,True,0.3103448275869596,0.5043103448275862,True,0.0,0.005,True,0.5517241379310345,1.4056618515717294,1.354899616497782,0.8778250638563804,0.8564981008689174,consistent-but-unverified:all N bidders,consistent-but-unverified:successful S bidders,unknown,unknown
emission-spot-primary-market-auction-report-2022-data.xlsx,Primary Market Auction,222,2022-01-19,2022-01-19 00:00:00,2022-01-19 11:01:13.663000,Auction 4. Period CAP3 PL,T3PA,successful,PL,2658000.0,3996000.0,98.0,43.0,3.92,40776.0,159840.0,195415.0,132900.0,165983.0,1.5,25.0,20.0,True,,True,0.0,0.52,True,0.0,0.525,True,26580.0,0.52,False,-0.003386004514672747,0.005000470915403936,True,0.4897959183654166,0.5051020408163265,True,0.0,0.005,True,0.8,1.2225663163163163,1.248931527464259,0.7986625265732759,0.8104552267441365,consistent-but-unverified:all N bidders,consistent-but-unverified:successful S bidders,unknown,unknown
emission-spot-primary-market-auction-report-2022-data.xlsx,Primary Market Auction,223,2022-01-18,2022-01-18 00:00:00,2022-01-18 11:02:30.023000,Auction 4. Period CAP3 EU,T3PA,successful,EU,2449000.0,3719500.0,88.0,49.0,3.83,42267.0,161717.0,229843.0,116619.0,185010.0,1.52,23.0,21.0,True,,True,-0.3913043478387408,0.5217391304347826,True,-0.04761904761835467,0.5238095238095238,True,10140.739130434784,0.5217391304347826,False,0.001216823193139982,0.005000514247343178,True,-0.045454545455868356,0.5056818181818182,True,0.003913043478260825,0.005,True,0.9130434782608695,1.4212667808579185,1.5864481773981942,0.8842908663739751,0.9502855744587393,consistent-but-unverified:all N bidders,consistent-but-unverified:successful S bidders,unknown,unknown
emission-spot-primary-market-auction-report-2022-data.xlsx,Primary Market Auction,224,2022-01-17,2022-01-17 00:00:00,2022-01-17 11:00:57.506000,Auction 4. Period CAP3 EU,T3PA,successful,EU,2449000.0,3466000.0,85.0,42.0,3.7,40776.0,150696.0,214914.0,122450.0,196772.0,1.42,23.0,20.0,True,,True,0.3478260869451333,0.5217391304347826,True,0.0,0.525,True,15971.739130434784,0.5217391304347826,False,0.004728460596161721,0.005000493113889006,True,-0.47058823529368965,0.5058823529411764,True,0.004347826086956719,0.005,True,0.8695652173913043,1.4261426978818283,1.6069579420171498,0.8863026290236027,0.9581840021082083,consistent-but-unverified:all N bidders,consistent-but-unverified:successful S bidders,unknown,unknown
emission-spot-primary-market-auction-report-2022-data.xlsx,Primary Market Auction,225,2022-01-14,2022-01-14 00:00:00,2022-01-14 11:01:56.906000,Auction 4. Period DE,T3PA,successful,DE,1944000.0,2355500.0,77.0,44.0,3.85,30591.0,117775.0,137523.0,102316.0,136378.0,1.21,20.0,19.0,True,,True,0.0,0.525,True,0.21052631578641012,0.5263157894736842,True,5116.0,0.525,False,-0.001676954732510394,0.005000568847033533,True,0.09090909090809873,0.5064935064935064,True,0.0,0.005,True,0.95,1.1676756527276586,1.332909808827554,0.7736554657097706,0.8471163334097018,consistent-but-unverified:all N bidders,consistent-but-unverified:successful S bidders,unknown,unknown
emission-spot-primary-market-auction-report-2022-data.xlsx,Primary Market Auction,226,2022-01-13,2022-01-13 00:00:00,2022-01-13 11:00:27.879000,Auction 4. Period CAP3 EU,T3PA,successful,EU,2449000.0,3136000.0,86.0,48.0,4.1,36465.0,149333.0,206200.0,128895.0,194718.0,1.28,21.0,19.0,True,,True,-0.3333333333430346,0.5238095238095238,True,0.26315789473301265,0.5263157894736842,True,12275.952380952382,0.5238095238095238,False,-0.0005226623111473927,0.005000465602883575,True,-0.11627906977082603,0.5058139534883721,True,0.004761904761904745,0.005,True,0.9047619047619048,1.3808066535862804,1.5106714767834284,0.8674393603378282,0.9205502379972772,consistent-but-unverified:all N bidders,consistent-but-unverified:successful S bidders,unknown,unknown
emission-spot-primary-market-auction-report-2022-data.xlsx,Primary Market Auction,227,2022-01-11,2022-01-11 00:00:00,2022-01-11 11:00:43.247000,Auction 4. Period CAP3 EU,T3PA,successful,EU,2449000.0,3970500.0,93.0,31.0,3.72,42694.0,158820.0,179699.0,136056.0,156207.0,1.62,25.0,18.0,True,,True,0.0,0.52,True,0.4444444444379769,0.5277777777777778,True,38096.0,0.52,False,-0.0012739893834217142,0.005000535172380643,True,0.4516129032272147,0.5053763440860215,True,0.0,0.005,True,0.72,1.1314632917768543,1.1481081319456694,0.756808735295265,0.7645875161363942,consistent-but-unverified:all N bidders,consistent-but-unverified:successful S bidders,unknown,unknown
emission-spot-primary-market-auction-report-2022-data.xlsx,Primary Market Auction,228,2022-01-10,2022-01-10 00:00:00,2022-01-10 11:00:41.865000,Auction 4. Period CAP3 EU,T3PA,successful,EU,2449000.0,3104000.0,68.0,43.0,2.96,45647.0,134957.0,208012.0,111318.0,204430.0,1.27,23.0,22.0,True,,True,0.47826086956774816,0.5217391304347826,True,-0.18181818182347342,0.5227272727272727,True,4839.739130434784,0.5217391304347826,False,0.00254389546753786,0.005000462935149714,True,-0.0588235294126207,0.5073529411764706,True,0.003478260869565375,0.005,True,0.9565217391304348,1.5413205687737577,1.8364505291147883,0.9326838548906515,1.0425534568126453,consistent-but-unverified:all N bidders,consistent-but-unverified:successful S bidders,unknown,unknown
emission-spot-primary-market-auction-report-2023-data.xlsx,Primary Market Auction,7,2023-12-18,2023-12-18 00:00:00,2023-12-18 11:00:24.602000,Auction 4. Period CAP3 EU,T3PA,successful,EU,3041500.0,4527000.0,73.0,29.0,4.29,62014.0,266294.0,264403.0,190094.0,212461.0,1.49,17.0,16.0,True,,True,-0.11764705879613757,0.5294117647058824,True,0.25,0.53125,True,11182.23529411765,0.5294117647058824,False,0.0015896761466380749,0.005000409076207223,True,0.3013698630165891,0.5068493150684932,True,-0.004117647058823337,0.005,True,0.9411764705882353,0.992898826109488,1.117662840489442,0.6895902753206596,0.7503130468254722,consistent-but-unverified:all N bidders,consistent-but-unverified:successful S bidders,unknown,unknown
emission-spot-primary-market-auction-report-2023-data.xlsx,Primary Market Auction,8,2023-12-15,2023-12-15 00:00:00,2023-12-15 11:00:39.450000,Auction 4. Period DE,T3PA,successful,DE,2151000.0,3461000.0,66.0,30.0,3.88,52439.0,203588.0,189011.0,134438.0,167851.0,1.61,17.0,16.0,True,,True,-0.2352941176504828,0.5294117647058824,True,0.5,0.53125,True,7908.588235294112,0.5294117647058824,False,0.0009809390980939359,0.005000606466628294,True,-0.39393939393630717,0.5075757575757576,True,-0.0023529411764706687,0.005,True,0.9411764705882353,0.928399512741419,1.2485383596899686,0.6566903908742407,0.8102803872076163,consistent-but-unverified:all N bidders,consistent-but-unverified:successful S bidders,unknown,unknown
emission-spot-primary-market-auction-report-2023-data.xlsx,Primary Market Auction,9,2023-12-14,2023-12-14 00:00:00,2023-12-14 11:00:24.359000,Auction 4. Period CAP3 EU,T3PA,successful,EU,3035500.0,4168500.0,83.0,42.0,4.15,50223.0,208425.0,231103.0,168639.0,213553.0,1.37,20.0,18.0,True,,True,0.0,0.525,True,0.11111111112404615,0.5277777777777778,True,16864.0,0.525,False,-0.0032498764618678067,0.005000390915846263,True,0.1084337349384441,0.5060240963855421,True,0.0,0.005,True,0.9,1.1088065251289432,1.2663322244557902,0.7461221595591921,0.818162764593459,consistent-but-unverified:all N bidders,consistent-but-unverified:successful S bidders,unknown,unknown
emission-spot-primary-market-auction-report-2023-data.xlsx,Primary Market Auction,11,2023-12-12,2023-12-12 00:00:00,2023-12-12 11:00:21.324000,Auction 4. Period CAP3 EU,T3PA,successful,EU,3035500.0,4206000.0,83.0,47.0,3.95,50675.0,200286.0,242972.0,151775.0,224299.0,1.39,21.0,20.0,True,,True,0.285714285710128,0.5238095238095238,True,0.0,0.525,True,7227.380952380947,0.5238095238095238,False,0.004396310327787756,0.0050003929507359424,True,0.30120481927588116,0.5060240963855421,True,-0.0023809523809523725,0.005,True,0.9523809523809523,1.2131252309197846,1.477838906275737,0.794405648225075,0.9073867715197808,consistent-but-unverified:all N bidders,consistent-but-unverified:successful S bidders,unknown,unknown
emission-spot-primary-market-auction-report-2023-data.xlsx,Primary Market Auction,12,2023-12-11,2023-12-11 00:00:00,2023-12-11 11:00:46.215000,Auction 4. Period CAP3 EU,T3PA,successful,EU,3035500.0,4751000.0,95.0,32.0,4.32,50011.0,215955.0,284598.0,151775.0,251761.0,1.57,22.0,20.0,True,,True,0.45454545455868356,0.5227272727272727,True,0.0,0.525,True,13797.727272727265,0.5227272727272727,False,0.004854225004117918,0.005000422524465953,True,0.47368421052669873,0.5052631578947369,True,0.001818181818181941,0.005,True,0.9090909090909091,1.3178578870598041,1.6587777960797232,0.8406434346083561,0.9778665420445529,consistent-but-unverified:all N bidders,consistent-but-unverified:successful S bidders,unknown,unknown
emission-spot-primary-market-auction-report-2023-data.xlsx,Primary Market Auction,13,2023-12-08,2023-12-08 00:00:00,2023-12-08 11:00:51.406000,Auction 4. Period DE,T3PA,successful,DE,2147000.0,4242000.0,87.0,26.0,4.14,48759.0,202000.0,207738.0,113000.0,163245.0,1.98,21.0,19.0,True,,True,0.0,0.5238095238095238,True,0.0,0.5263157894736842,True,10761.904761904763,0.5238095238095238,False,0.004219841639496957,0.005000693008993593,True,0.37931034482608084,0.5057471264367817,True,-0.0028571428571435575,0.005,True,0.9047619047619048,1.0284059405940593,1.444646017699115,0.707250233643795,0.8939003344083118,consistent-but-unverified:all N bidders,consistent-but-unverified:successful S bidders,unknown,unknown
emission-spot-primary-market-auction-report-2023-data.xlsx,Primary Market Auction,14,2023-12-07,2023-12-07 00:00:00,2023-12-07 11:00:40.085000,Auction 4. Period CAP3 EU,T3PA,successful,EU,3035500.0,5133500.0,96.0,32.0,4.57,53474.0,244452.0,363595.0,159763.0,347885.0,1.69,21.0,19.0,True,,True,-0.38095238094683737,0.5238095238095238,True,-0.1578947368543595,0.5263157894736842,True,15215.380952380947,0.5238095238095238,False,-0.0011546697413935547,0.005000443280340687,True,0.04166666666424135,0.5052083333333334,True,-0.0014285714285708906,0.005,True,0.9047619047619048,1.4873881170945624,2.177506681772375,0.9112332109866306,1.1560968269187182,consistent-but-unverified:all N bidders,consistent-but-unverified:successful S bidders,unknown,unknown
emission-spot-primary-market-auction-report-2023-data.xlsx,Primary Market Auction,15,2023-12-06,2023-12-06 00:00:00,2023-12-06 11:00:33.799000,Auction 4. Period CAP3 PL,T3PA,successful,PL,3350000.0,5366000.0,93.0,29.0,4.43,57699.0,255524.0,421069.0,186111.0,417646.0,1.6,21.0,18.0,True,,True,0.19047619047341868,0.5238095238095238,True,-0.11111111112404615,0.5277777777777778,True,26587.190476190473,0.5238095238095238,False,-0.0017910447761193549,0.005000388327057291,True,0.0752688172069611,0.5053763440860215,True,0.0014285714285708906,0.005,True,0.8571428571428571,1.647864779824987,2.2440693994444176,0.9737535717501239,1.176828529194625,consistent-but-unverified:all N bidders,consistent-but-unverified:successful S bidders,unknown,unknown
emission-spot-primary-market-auction-report-2023-data.xlsx,Primary Market Auction,16,2023-12-05,2023-12-05 00:00:00,2023-12-05 11:00:56.015000,Auction 4. Period CAP3 EU,T3PA,successful,EU,3035500.0,4650500.0,91.0,27.0,4.14,51104.0,211386.0,267311.0,159763.0,256705.0,1.53,22.0,19.0,True,,True,-0.36363636364694685,0.5227272727272727,True,-0.1578947368543595,0.5263157894736842,True,21785.727272727265,0.5227272727272727,False,-0.002037555592159457,0.0050004170709616125,True,-0.39560439560591476,0.5054945054945055,True,0.0036363636363629936,0.005,True,0.8636363636363636,1.2645634053343173,1.6067863022101487,0.8173819833281826,0.9581181608244694,consistent-but-unverified:all N bidders,consistent-but-unverified:successful S bidders,unknown,unknown
emission-spot-primary-market-auction-report-2023-data.xlsx,Primary Market Auction,17,2023-12-04,2023-12-04 00:00:00,2023-12-04 11:00:24.330000,Auction 4. Period CAP3 EU,T3PA,successful,EU,3035500.0,5511000.0,103.0,23.0,3.81,53505.0,204111.0,292900.0,178559.0,294402.0,1.82,27.0,17.0,True,,True,-0.11111111112404615,0.5185185185185185,True,0.1764705882233102,0.5294117647058824,True,66133.07407407407,0.5185185185185185,False,0.004483610607807664,0.0050004637648967945,True,0.14563106796413194,0.5048543689320388,True,-0.004814814814814827,0.005,True,0.6296296296296297,1.435003502995919,1.648765954110406,0.8899481951355385,0.9740938538424136,consistent-but-unverified:all N bidders,consistent-but-unverified:successful S bidders,unknown,unknown
emission-spot-primary-market-auction-report-2023-data.xlsx,Primary Market Auction,18,2023-12-01,2023-12-01 00:00:00,2023-12-01 11:00:29.891000,Auction 4. Period DE,T3PA,successful,DE,2147000.0,4039500.0,84.0,22.0,3.65,48089.0,175630.0,167157.0,143133.0,166350.0,1.88,23.0,15.0,True,,True,-0.4347826087032445,0.5217391304347826,True,-0.3333333333430346,0.5333333333333333,True,49785.17391304347,0.5217391304347826,False,-0.001462505822077409,0.005000671044001859,True,-0.285714285717404,0.5059523809523809,True,-0.0021739130434781373,0.005,True,0.6521739130434783,0.9517565336218186,1.1622057806375887,0.6687297535837213,0.7711288953710588,consistent-but-unverified:all N bidders,consistent-but-unverified:successful S bidders,unknown,unknown
emission-spot-primary-market-auction-report-2023-data.xlsx,Primary Market Auction,19,2023-11-30,2023-11-30 00:00:00,2023-11-30 11:00:42.433000,Auction 4. Period CAP3 EU,T3PA,successful,EU,3035500.0,4620500.0,88.0,38.0,4.0,52506.0,210023.0,211581.0,168639.0,205162.0,1.52,22.0,18.0,True,,True,0.27272727273521014,0.5227272727272727,True,0.11111111112404615,0.5277777777777778,True,30661.727272727265,0.5227272727272727,False,-0.0021545050238840346,0.005000415443049869,True,0.31818181818380253,0.5056818181818182,True,0.0,0.005,True,0.8181818181818182,1.0074182351456744,1.2165750508482616,0.6968494363184811,0.7959632347011335,consistent-but-unverified:all N bidders,consistent-but-unverified:successful S bidders,unknown,unknown
emission-spot-primary-market-auction-report-2023-data.xlsx,Primary Market Auction,20,2023-11-28,2023-11-28 00:00:00,2023-11-28 11:00:35.538000,Auction 4. Period CAP3 EU,T3PA,successful,EU,3035500.0,4379500.0,92.0,39.0,3.83,47603.0,182479.0,251237.0,144548.0,252582.0,1.44,24.0,21.0,True,,True,-0.1666666666569654,0.5208333333333334,True,0.38095238094683737,0.5238095238095238,True,18068.83333333333,0.5208333333333334,False,-0.0027606654587382096,0.005000402365492194,True,-0.2608695652161259,0.5054347826086957,True,-0.0033333333333334103,0.005,True,0.875,1.376799522136794,1.7473918698287074,0.8657548441130574,1.010652050680853,consistent-but-unverified:all N bidders,consistent-but-unverified:successful S bidders,unknown,unknown
emission-spot-primary-market-auction-report-2023-data.xlsx,Primary Market Auction,21,2023-11-27,2023-11-27 00:00:00,2023-11-27 11:00:27.780000,Auction 4. Period CAP3 EU,T3PA,successful,EU,3035500.0,4899000.0,84.0,35.0,4.2,58321.0,244950.0,244971.0,168639.0,182782.0,1.61,20.0,18.0,True,,True,0.0,0.525,True,0.11111111112404615,0.5277777777777778,True,16864.0,0.525,False,-0.003902157799374084,0.005000430555497223,True,-0.428571428572468,0.5059523809523809,True,0.0,0.005,True,0.9,1.0000857317819962,1.083865535255783,0.6931900455322274,0.7342245993794124,consistent-but-unverified:all N bidders,consistent-but-unverified:successful S bidders,unknown,unknown
emission-spot-primary-market-auction-report-2023-data.xlsx,Primary Market Auction,22,2023-11-24,2023-11-24 00:00:00,2023-11-24 11:00:39.074000,Auction 4. Period DE,T3PA,successful,DE,2147000.0,3611000.0,80.0,24.0,3.64,45138.0,164136.0,202197.0,134188.0,212540.0,1.68,22.0,16.0,True,,True,-0.36363636364694685,0.5227272727272727,True,0.5,0.53125,True,36597.09090909091,0.5227272727272727,False,-0.0018816953889149168,0.005000624564994661,True,0.5,0.50625,True,0.003636363636363882,0.005,True,0.7272727272727273,1.2318869717795,1.5838972188273168,0.8028474033530858,0.9492988091336492,consistent-but-unverified:all N bidders,consistent-but-unverified:successful S bidders,unknown,unknown
emission-spot-primary-market-auction-report-2023-data.xlsx,Primary Market Auction,23,2023-11-23,2023-11-23 00:00:00,2023-11-23 11:00:47.460000,Auction 4. Period CAP3 EU,T3PA,successful,EU,3035500.0,4962000.0,85.0,40.0,3.86,58376.0,225545.0,244088.0,178559.0,241784.0,1.63,22.0,17.0,True,,True,-0.45454545455868356,0.5227272727272727,True,0.1764705882233102,0.5294117647058824,True,40581.727272727265,0.5227272727272727,False,-0.004656563992752494,0.005000433974111884,True,-0.47058823529368965,0.5058823529411764,True,-0.003636363636363882,0.005,True,0.7727272727272727,1.082214192289787,1.3540846442912426,0.7334318430422921,0.8561519658344633,consistent-but-unverified:all N bidders,consistent-but-unverified:successful S bidders,unknown,unknown
emission-spot-primary-market-auction-report-2023-data.xlsx,Primary Market Auction,24,2023-11-22,2023-11-22 00:00:00,2023-11-22 11:00:36.689000,Auction 4. Period CAP3 PL,T3PA,successful,PL,3347500.0,5845000.0,92.0,30.0,4.18,63533.0,265682.0,298203.0,209219.0,311573.0,1.75,22.0,16.0,True,,True,0.18181818182347342,0.5227272727272727,True,0.25,0.53125,True,57059.90909090909,0.5227272727272727,False,0.003920836445108211,0.005000410168696693,True,0.3913043478241889,0.5054347826086957,True,-0.001818181818181941,0.005,True,0.7272727272727273,1.1224057331697292,1.4892194303576636,0.75255022510505,0.9119691795468599,consistent-but-unverified:all N bidders,consistent-but-unverified:successful S bidders,unknown,unknown
emission-spot-primary-market-auction-report-2023-data.xlsx,Primary Market Auction,25,2023-11-21,2023-11-21 00:00:00,2023-11-21 11:00:27.339000,Auction 4. Period CAP3 EU,T3PA,successful,EU,3035500.0,4399500.0,101.0,38.0,4.21,43559.0,183313.0,209294.0,144548.0,188344.0,1.45,24.0,21.0,True,,True,0.5,0.5208333333333334,True,0.38095238094683737,0.5238095238095238,True,18068.83333333333,0.5208333333333334,False,0.000650634162411512,0.00500040345076669,True,-0.40594059405702865,0.504950495049505,True,0.0016666666666669272,0.005,True,0.875,1.14173026462935,1.3029858593685142,0.761614037219048,0.8342064807278672,consistent-but-unverified:all N bidders,consistent-but-unverified:successful S bidders,unknown,unknown
emission-spot-primary-market-auction-report-2023-data.xlsx,Primary Market Auction,26,2023-11-20,2023-11-20 00:00:00,2023-11-20 11:00:51.859000,Auction 4. Period CAP3 EU,T3PA,successful,EU,3035500.0,4490500.0,91.0,39.0,4.14,49346.0,204114.0,232452.0,137977.0,209104.0,1.48,22.0,22.0,True,,True,0.36363636364694685,0.5227272727272727,True,-0.27272727273521014,0.5227272727272727,True,-0.27272727273521014,0.5227272727272727,True,0.0006720474386427977,0.005000408388765646,True,-0.1538461538439151,0.5054945054945055,True,0.0036363636363629936,0.005,True,1.0,1.1388341808989095,1.5154989599715896,0.7602609053089086,0.922471177501164,consistent-but-unverified:all N bidders,consistent-but-unverified:successful S bidders,unknown,unknown
emission-spot-primary-market-auction-report-2023-data.xlsx,Primary Market Auction,27,2023-11-17,2023-11-17 00:00:00,2023-11-17 11:00:23.313000,Auction 4. Period DE,T3PA,successful,DE,2147000.0,3502500.0,74.0,24.0,3.52,47331.0,166786.0,144737.0,143133.0,125160.0,1.63,21.0,15.0,True,,True,0.285714285710128,0.5238095238095238,True,-0.3333333333430346,0.5333333333333333,True,40894.90476190476,0.5238095238095238,False,-0.0013460642757336938,0.005000612796097855,True,-0.0810810810799012,0.5067567567567568,True,-0.003809523809523707,0.005,True,0.7142857142857143,0.8678006547312125,0.874431472825973,0.6247616182294574,0.6283053989507509,consistent-but-unverified:all N bidders,consistent-but-unverified:successful S bidders,unknown,unknown
emission-spot-primary-market-auction-report-2023-data.xlsx,Primary Market Auction,28,2023-11-16,2023-11-16 00:00:00,2023-11-16 11:00:22.509000,Auction 4. Period CAP3 EU,T3PA,successful,EU,3035500.0,4779000.0,84.0,20.0,4.2,56893.0,238950.0,288725.0,202367.0,255413.0,1.57,20.0,15.0,True,,True,0.0,0.525,True,0.3333333333430346,0.5333333333333333,True,50592.0,0.525,False,-0.0043699555262723955,0.005000424043850248,True,0.142857142855064,0.5059523809523809,True,0.0,0.005,True,0.75,1.2083071772337308,1.2621277184521191,0.7922262388625142,0.8163058387224855,consistent-but-unverified:all N bidders,consistent-but-unverified:successful S bidders,unknown,unknown
emission-spot-primary-market-auction-report-2023-data.xlsx,Primary Market Auction,30,2023-11-14,2023-11-14 00:00:00,2023-11-14 11:01:25.562000,Auction 4. Period CAP3 EU,T3PA,successful,EU,3035500.0,4029000.0,80.0,44.0,4.44,50363.0,223833.0,286421.0,189719.0,289884.0,1.33,18.0,16.0,True,,True,-0.3333333333430346,0.5277777777777778,True,0.25,0.53125,True,21080.111111111124,0.5277777777777778,False,0.0027063086806127234,0.005000383346056654,True,0.5,0.50625,True,-0.004444444444444251,0.005,True,0.8888888888888888,1.2796191803710801,1.5279650430373342,0.824008402862893,0.9274146482765576,consistent-but-unverified:all N bidders,consistent-but-unverified:successful S bidders,unknown,unknown
emission-spot-primary-market-auction-report-2023-data.xlsx,Primary Market Auction,31,2023-11-13,2023-11-13 00:00:00,2023-11-13 11:00:38.379000,Auction 4. Period CAP3 EU,T3PA,successful,EU,3035500.0,4521500.0,83.0,26.0,4.37,54476.0,237974.0,290273.0,202367.0,265079.0,1.49,19.0,15.0,True,,True,0.3157894736796152,0.5263157894736842,True,0.3333333333430346,0.5333333333333333,True,42603.842105263146,0.5263157894736842,False,0.00045956185142470574,0.005000410070941114,True,0.09638554216508055,0.5060240963855421,True,0.0015789473684213462,0.005,True,0.7894736842105263,1.2197677057157505,1.3098924231717621,0.7974025533443713,0.8372009533937692,consistent-but-unverified:all N bidders,consistent-but-unverified:successful S bidders,unknown,unknown
emission-spot-primary-market-auction-report-2023-data.xlsx,Primary Market Auction,32,2023-11-10,2023-11-10 00:00:00,2023-11-10 11:00:42.046000,Auction 4. Period DE,T3PA,successful,DE,2147000.0,3955500.0,85.0,22.0,3.54,46535.0,164813.0,162114.0,126294.0,128724.0,1.84,24.0,17.0,True,,True,0.5,0.5208333333333334,True,-0.1176470588252414,0.5294117647058824,True,36835.66666666667,0.5208333333333334,False,-0.0023381462505820405,0.005000661932597881,True,-0.29411764705582755,0.5058823529411764,True,-0.0016666666666664831,0.005,True,0.7083333333333334,0.9836238646223295,1.0192408190412847,0.6849254065255488,0.7027216086127277,consistent-but-unverified:all N bidders,consistent-but-unverified:successful S bidders,unknown,unknown
emission-spot-primary-market-auction-report-2023-data.xlsx,Primary Market Auction,33,2023-11-09,2023-11-09 00:00:00,2023-11-09 11:00:51.741000,Auction 4. Period CAP3 EU,T3PA,successful,EU,3035500.0,4567000.0,79.0,23.0,3.95,57810.0,228350.0,221998.0,202367.0,201597.0,1.5,20.0,15.0,True,,True,0.0,0.525,True,0.3333333333430346,0.5333333333333333,True,50592.0,0.525,False,-0.004529731510459545,0.005000412539940592,True,-0.12658227848442039,0.5063291139240507,True,0.0,0.005,True,0.75,0.9721830523319466,0.9961950317986629,0.6791410775985418,0.6912428844378072,consistent-but-unverified:all N bidders,consistent-but-unverified:successful S bidders,unknown,unknown
emission-spot-primary-market-auction-report-2023-data.xlsx,Primary Market Auction,34,2023-11-08,2023-11-08 00:00:00,2023-11-08 11:00:40.083000,Auction 4. Period CAP3 PL,T3PA,successful,PL,3347500.0,4979000.0,83.0,39.0,3.61,59988.0,216478.0,246380.0,176184.0,237937.0,1.49,23.0,19.0,True,,True,-0.2608695652161259,0.5217391304347826,True,-0.21052631578641012,0.5263157894736842,True,30640.521739130432,0.5217391304347826,False,0.0026213592233008676,0.005000371527836138,True,0.048192771086178254,0.5060240963855421,True,0.0013043478260867936,0.005,True,0.8260869565217391,1.1381295096961355,1.3505028833492259,0.7599313859301493,0.854629298177414,consistent-but-unverified:all N bidders,consistent-but-unverified:successful S bidders,unknown,unknown
emission-spot-primary-market-auction-report-2023-data.xlsx,Primary Market Auction,35,2023-11-07,2023-11-07 00:00:00,2023-11-07 11:00:19.620000,Auction 4. Period CAP3 EU,T3PA,successful,EU,3035500.0,4095500.0,73.0,38.0,3.84,56103.0,215553.0,202240.0,178559.0,196905.0,1.35,19.0,17.0,True,,True,0.36842105264076963,0.5263157894736842,True,0.1764705882233102,0.5294117647058824,True,18795.842105263146,0.5263157894736842,False,0.0007988799209357467,0.005000386954594353,True,0.2602739726062282,0.5068493150684932,True,-0.002105263157894832,0.005,True,0.8947368421052632,0.9382379275630587,1.102744751034672,0.66177927557338,0.7432435156188786,consistent-but-unverified:all N bidders,consistent-but-unverified:successful S bidders,unknown,unknown
emission-spot-primary-market-auction-report-2023-data.xlsx,Primary Market Auction,36,2023-11-06,2023-11-06 00:00:00,2023-11-06 11:00:48.977000,Auction 4. Period CAP3 EU,T3PA,successful,EU,3035500.0,3916000.0,73.0,50.0,3.84,53644.0,206105.0,193313.0,168639.0,170039.0,1.29,19.0,18.0,True,,True,-0.26315789474756457,0.5263157894736842,True,0.11111111112404615,0.5277777777777778,True,8875.842105263146,0.5263157894736842,False,-6.753417888316626e-05,0.005000377214255753,True,0.16438356164144352,0.5068493150684932,True,-0.002105263157894832,0.005,True,0.9473684210526315,0.9379345479246015,1.0083017570075723,0.6616227398975323,0.6972894679331756,consistent-but-unverified:all N bidders,consistent-but-unverified:successful S bidders,unknown,unknown
emission-spot-primary-market-auction-report-2023-data.xlsx,Primary Market Auction,37,2023-11-03,2023-11-03 00:00:00,2023-11-03 11:00:34.169000,Auction 4. Period DE,T3PA,successful,DE,2147000.0,3398500.0,75.0,33.0,3.75,45313.0,169925.0,146818.0,113000.0,130150.0,1.58,20.0,19.0,True,,True,0.0,0.525,True,0.0,0.5263157894736842,True,5650.0,0.525,False,-0.002906380996739566,0.0050006015153119775,True,-0.33333333333575865,0.5066666666666667,True,0.0,0.005,True,0.95,0.8640164778578785,1.1517699115044249,0.6227335562768364,0.7662907181374543,consistent-but-unverified:all N bidders,consistent-but-unverified:successful S bidders,unknown,unknown
emission-spot-primary-market-auction-report-2023-data.xlsx,Primary Market Auction,38,2023-11-02,2023-11-02 00:00:00,2023-11-02 11:00:29.874000,Auction 4. Period CAP3 EU,T3PA,successful,EU,3035500.0,5149000.0,94.0,19.0,3.92,54777.0,214542.0,223892.0,216821.0,186243.0,1.7,24.0,14.0,True,,True,0.3333333333430346,0.5208333333333334,True,-0.42857142857974395,0.5357142857142857,True,90341.83333333333,0.5208333333333334,False,0.0037390874649974037,0.005000444121428421,True,0.40425531914661406,0.5053191489361702,True,0.0033333333333334103,0.005,True,0.5833333333333334,1.043581210205927,0.8589712251119587,0.7147037639743813,0.6200232299277187,consistent-but-unverified:all N bidders,consistent-but-unverified:successful S bidders,unknown,unknown
emission-spot-primary-market-auction-report-2023-data.xlsx,Primary Market Auction,39,2023-10-31,2023-10-31 00:00:00,2023-10-31 11:00:22.243000,Auction 4. Period CAP3 EU,T3PA,successful,EU,3035500.0,3949000.0,69.0,38.0,4.06,57232.0,232294.0,196815.0,202367.0,195026.0,1.3,17.0,15.0,True,,True,-0.1176470588252414,0.5294117647058824,True,0.3333333333430346,0.5333333333333333,True,23808.176470588223,0.5294117647058824,False,-0.0009388898039861537,0.005000379004958672,True,0.11594202898413641,0.5072463768115942,True,0.0011764705882351123,0.005,True,0.8823529411764706,0.8472668256605853,0.9637243226415374,0.6137071551364549,0.6748428348263502,consistent-but-unverified:all N bidders,consistent-but-unverified:successful S bidders,unknown,unknown
emission-spot-primary-market-auction-report-2023-data.xlsx,Primary Market Auction,40,2023-10-30,2023-10-30 00:00:00,2023-10-30 11:00:42.526000,Auction 4. Period CAP3 EU,T3PA,successful,EU,3035500.0,4622500.0,84.0,29.0,4.67,55030.0,256806.0,285439.0,216821.0,297081.0,1.52,18.0,14.0,True,,True,0.4444444444379769,0.5277777777777778,True,-0.42857142857974395,0.5357142857142857,True,48182.111111111124,0.5277777777777778,False,-0.002813375061769152,0.005000415551577318,True,0.23809523809177335,0.5059523809523809,True,0.0033333333333329662,0.005,True,0.7777777777777778,1.1114966161226763,1.3701670963605923,0.7473969927965332,0.8629604574551926,consistent-but-unverified:all N bidders,consistent-but-unverified:successful S bidders,unknown,unknown
emission-spot-primary-market-auction-report-2023-data.xlsx,Primary Market Auction,41,2023-10-27,2023-10-27 00:00:00,2023-10-27 11:00:26.236000,Auction 4. Period DE,T3PA,successful,DE,2147000.0,3819500.0,74.0,21.0,3.89,51615.0,201026.0,224401.0,165154.0,232003.0,1.78,19.0,13.0,True,,True,-0.3157894736796152,0.5263157894736842,True,0.1538461538439151,0.5384615384615384,True,52154.0,0.5263157894736842,False,0.0010060549604098412,0.005000647180800964,True,0.13513513513316866,0.5067567567567568,True,-0.00473684210526315,0.005,True,0.6842105263157895,1.1162784913394288,1.4047676713854949,0.7496591175001233,0.8774532965569048,consistent-but-unverified:all N bidders,consistent-but-unverified:successful S bidders,unknown,unknown
emission-spot-primary-market-auction-report-2023-data.xlsx,Primary Market Auction,42,2023-10-26,2023-10-26 00:00:00,2023-10-26 11:00:38.323000,Auction 4. Period CAP3 EU,T3PA,successful,EU,3035500.0,5037500.0,87.0,19.0,4.35,57902.0,251875.0,235171.0,233500.0,208839.0,1.66,20.0,13.0,True,,True,0.0,0.525,True,0.0,0.5384615384615384,True,81725.0,0.525,False,0.00047109207708762035,0.005000438071023106,True,-0.29885057471256005,0.5057471264367817,True,0.0,0.005,True,0.65,0.9336813895781638,0.8943854389721627,0.6594256417731252,0.6388944793246323,consistent-but-unverified:all N bidders,consistent-but-unverified:successful S bidders,unknown,unknown
emission-spot-primary-market-auction-report-2023-data.xlsx,Primary Market Auction,43,2023-10-25,2023-10-25 00:00:00,2023-10-25 11:00:34.769000,Auction 4. Period CAP3 PL,T3PA,successful,PL,3347500.0,5425500.0,94.0,26.0,3.92,57718.0,226063.0,250550.0,176184.0,224698.0,1.62,24.0,19.0,True,,True,0.5,0.5208333333333334,True,-0.21052631578641012,0.5263157894736842,True,36704.83333333334,0.5208333333333334,False,-0.0007617625093352398,0.005000391450635489,True,-0.08510638297593687,0.5053191489361702,True,0.0033333333333334103,0.005,True,0.7916666666666666,1.1083193623016592,1.2753598510647959,0.7458911193472303,0.822138216186581,consistent-but-unverified:all N bidders,consistent-but-unverified:successful S bidders,unknown,unknown
emission-spot-primary-market-auction-report-2023-data.xlsx,Primary Market Auction,44,2023-10-24,2023-10-24 00:00:00,2023-10-24 11:00:18.086000,Auction 4. Period CAP3 EU,T3PA,successful,EU,3035500.0,5059000.0,109.0,26.0,4.54,46413.0,210792.0,339112.0,178559.0,328479.0,1.67,24.0,17.0,True,,True,0.3333333333430346,0.5208333333333334,True,0.1764705882233102,0.5294117647058824,True,52079.83333333333,0.5208333333333334,False,0.0033882391698236702,0.0050004392376931895,True,0.155963302750024,0.5045871559633027,True,-0.0016666666666669272,0.005,True,0.7083333333333334,1.6087517552848305,1.8396104368864072,0.9588718522542146,1.0436668726540148,consistent-but-unverified:all N bidders,consistent-but-unverified:successful S bidders,unknown,unknown
emission-spot-primary-market-auction-report-2023-data.xlsx,Primary Market Auction,45,2023-10-23,2023-10-23 00:00:00,2023-10-23 11:00:28.036000,Auction 4. Period CAP3 EU,T3PA,successful,EU,3035500.0,5110500.0,102.0,29.0,4.08,50103.0,204420.0,240262.0,151775.0,184483.0,1.68,25.0,20.0,True,,True,0.0,0.52,True,0.0,0.525,True,30355.0,0.52,False,-0.003577664305715711,0.005000442032275016,True,0.0588235294126207,0.5049019607843137,True,0.0,0.005,True,0.8,1.1753350944134624,1.2155032119914346,0.7771827190706332,0.7954795614380915,consistent-but-unverified:all N bidders,consistent-but-unverified:successful S bidders,unknown,unknown
emission-spot-primary-market-auction-report-2023-data.xlsx,Primary Market Auction,46,2023-10-20,2023-10-20 00:00:00,2023-10-20 11:00:48.925000,Auction 4. Period DE,T3PA,successful,DE,2147000.0,3899500.0,89.0,22.0,4.05,43815.0,177250.0,167727.0,134188.0,164052.0,1.82,22.0,16.0,True,,True,0.0,0.5227272727272727,True,0.5,0.53125,True,36597.09090909091,0.5227272727272727,False,0.0037447601304145817,0.005000655858328562,True,0.3932584269641666,0.5056179775280899,True,0.004545454545453964,0.005,True,0.7272727272727273,0.9462736248236954,1.2225534324976899,0.6659165827301352,0.7986567297356856,consistent-but-unverified:all N bidders,consistent-but-unverified:successful S bidders,unknown,unknown
emission-spot-primary-market-auction-report-2023-data.xlsx,Primary Market Auction,47,2023-10-19,2023-10-19 00:00:00,2023-10-19 11:00:21.393000,Auction 4. Period CAP3 EU,T3PA,successful,EU,3035500.0,4627000.0,85.0,74.0,4.05,54435.0,220333.0,327122.0,144548.0,140803.0,1.52,21.0,21.0,True,,True,-0.3333333333430346,0.5238095238095238,True,0.38095238094683737,0.5238095238095238,True,0.38095238094683737,0.5238095238095238,True,-0.004295832647010389,0.00500041579576408,True,-0.29411764705582755,0.5058823529411764,True,0.0023809523809523725,0.005,True,1.0,1.4846709299106353,0.974091651216205,0.9101402282087764,0.680108369121029,consistent-but-unverified:all N bidders,consistent-but-unverified:successful S bidders,unknown,unknown
emission-spot-primary-market-auction-report-2023-data.xlsx,Primary Market Auction,49,2023-10-17,2023-10-17 00:00:00,2023-10-17 11:00:33.012000,Auction 4. Period CAP3 EU,T3PA,successful,EU,3035500.0,5370000.0,102.0,49.0,4.43,52647.0,233478.0,302489.0,144548.0,151682.0,1.77,23.0,21.0,True,,True,-0.2608695652161259,0.5217391304347826,True,0.38095238094683737,0.5238095238095238,True,12569.739130434784,0.5217391304347826,False,0.0009339482787020792,0.0050004561137115995,True,-0.0588235294126207,0.5049019607843137,True,-0.004782608695652613,0.005,True,0.9130434782608695,1.2955781701059628,1.0493538478567672,0.8309847377565864,0.7175245472981336,consistent-but-unverified:all N bidders,consistent-but-unverified:successful S bidders,unknown,unknown
emission-spot-primary-market-auction-report-2023-data.xlsx,Primary Market Auction,50,2023-10-16,2023-10-16 00:00:00,2023-10-16 11:00:39.354000,Auction 4. Period CAP3 EU,T3PA,successful,EU,3035500.0,5700500.0,98.0,26.0,4.67,58168.0,271452.0,361723.0,178559.0,212480.0,1.88,21.0,17.0,True,,True,-0.38095238094683737,0.5238095238095238,True,0.1764705882233102,0.5294117647058824,True,34011.38095238095,0.5238095238095238,False,0.0020556745182012115,0.005000474047872643,True,-0.36734693877224345,0.5051020408163265,True,0.0033333333333329662,0.005,True,0.8095238095238095,1.332548664220562,1.1899708219692091,0.846961517067514,0.7838882204379225,consistent-but-unverified:all N bidders,consistent-but-unverified:successful S bidders,unknown,unknown
emission-spot-primary-market-auction-report-2023-data.xlsx,Primary Market Auction,51,2023-10-13,2023-10-13 00:00:00,2023-10-13 11:00:37.628000,Auction 4. Period DE,T3PA,successful,DE,2147000.0,4581000.0,91.0,32.0,3.79,50341.0,190875.0,288565.0,113000.0,118264.0,2.13,24.0,19.0,True,,True,0.0,0.5208333333333334,True,0.0,0.5263157894736842,True,23541.66666666667,0.5208333333333334,False,-0.0036748952026082193,0.005000729780016791,True,0.34065934066165937,0.5054945054945055,True,-0.0016666666666664831,0.005,True,0.7916666666666666,1.5118009168303863,1.0465840707964602,0.9209999926111333,0.71617209638823,consistent-but-unverified:all N bidders,consistent-but-unverified:successful S bidders,unknown,unknown
emission-spot-primary-market-auction-report-2023-data.xlsx,Primary Market Auction,52,2023-10-12,2023-10-12 00:00:00,2023-10-12 11:00:45.934000,Auction 4. Period CAP3 EU,T3PA,successful,EU,3035500.0,5352000.0,94.0,35.0,4.09,56936.0,232696.0,324959.0,168639.0,190053.0,1.76,23.0,18.0,True,,True,0.3478260869451333,0.5217391304347826,True,0.11111111112404615,0.5277777777777778,True,36660.739130434784,0.5217391304347826,False,-0.00313622138033276,0.005000455136964553,True,-0.1702127659591497,0.5053191489361702,True,0.003043478260869037,0.005,True,0.782608695652174,1.3964958572558188,1.1269813032572538,0.874007610951677,0.7547037459854152,consistent-but-unverified:all N bidders,consistent-but-unverified:successful S bidders,unknown,unknown
emission-spot-primary-market-auction-report-2023-data.xlsx,Primary Market Auction,53,2023-10-11,2023-10-11 00:00:00,2023-10-11 11:00:21.273000,Auction 4. Period CAP3 PL,T3PA,successful,PL,3347500.0,5002500.0,97.0,76.0,4.41,51572.0,227386.0,312192.0,167375.0,169989.0,1.49,22.0,20.0,True,,True,-0.36363636364694685,0.5227272727272727,True,0.0,0.525,True,15215.909090909088,0.5227272727272727,False,-0.004398805078416723,0.005000372576404524,True,-0.16494845361012267,0.5051546391752577,True,0.0009090909090909705,0.005,True,0.9090909090909091,1.372960516478587,1.0156176250933533,0.8641383386631112,0.7009256621268927,consistent-but-unverified:all N bidders,consistent-but-unverified:successful S bidders,unknown,unknown
emission-spot-primary-market-auction-report-2023-data.xlsx,Primary Market Auction,54,2023-10-10,2023-10-10 00:00:00,2023-10-10 11:00:37.538000,Auction 4. Period CAP3 EU,T3PA,successful,EU,3035500.0,4163000.0,81.0,29.0,3.68,51395.0,189227.0,272302.0,168639.0,280154.0,1.37,22.0,18.0,True,,True,-0.27272727273521014,0.5227272727272727,True,0.11111111112404615,0.5277777777777778,True,30661.727272727265,0.5227272727272727,False,-0.0014379838576839,0.005000390617395776,True,-0.06172839506325545,0.5061728395061729,True,-0.0018181818181814968,0.005,True,0.8181818181818182,1.4390229724088,1.6612645947853106,0.8915975379712225,0.9788014213947548,consistent-but-unverified:all N bidders,consistent-but-unverified:successful S bidders,unknown,unknown
emission-spot-primary-market-auction-report-2023-data.xlsx,Primary Market Auction,55,2023-10-09,2023-10-09 00:00:00,2023-10-09 11:00:31.396000,Auction 4. Period CAP3 EU,T3PA,successful,EU,3035500.0,5468500.0,87.0,28.0,4.58,62856.0,287816.0,356922.0,189719.0,209549.0,1.8,19.0,16.0,True,,True,0.21052631578641012,0.5263157894736842,True,0.25,0.53125,True,29955.842105263146,0.5263157894736842,False,-0.0015154010871354373,0.005000461458688491,True,-0.3218390804613591,0.5057471264367817,True,0.0010526315789478602,0.005,True,0.8421052631578947,1.2401047891708592,1.104523005075928,0.8065226456526051,0.7440888405424301,consistent-but-unverified:all N bidders,consistent-but-unverified:successful S bidders,unknown,unknown
emission-spot-primary-market-auction-report-2023-data.xlsx,Primary Market Auction,56,2023-10-06,2023-10-06 00:00:00,2023-10-06 11:00:28.044000,Auction 4. Period DE,T3PA,successful,DE,2147000.0,4423000.0,84.0,36.0,4.2,52655.0,221150.0,317710.0,134188.0,143696.0,2.06,20.0,16.0,True,,True,0.0,0.525,True,0.5,0.53125,True,26838.0,0.525,False,-8.38379133676348e-05,0.005000712641899784,True,0.23809523809177335,0.5059523809523809,True,0.0,0.005,True,0.8,1.436626723943025,1.0708558142307807,0.8906145925965776,0.727961958662286,consistent-but-unverified:all N bidders,consistent-but-unverified:successful S bidders,unknown,unknown
emission-spot-primary-market-auction-report-2023-data.xlsx,Primary Market Auction,57,2023-10-05,2023-10-05 00:00:00,2023-10-05 11:00:37.792000,Auction 4. Period CAP3 EU,T3PA,successful,EU,3035500.0,5776000.0,92.0,24.0,4.18,62783.0,262545.0,418288.0,189719.0,336507.0,1.9,22.0,16.0,True,,True,-0.45454545452957973,0.5227272727272727,True,0.25,0.53125,True,51741.727272727265,0.5227272727272727,False,-0.0028166694119586833,0.005000478144783865,True,0.3913043478241889,0.5054347826086957,True,-0.001818181818181941,0.005,True,0.7272727272727273,1.5932049743853434,1.7737127014163052,0.9528945525589366,1.0201867481859919,consistent-but-unverified:all N bidders,consistent-but-unverified:successful S bidders,unknown,unknown
emission-spot-primary-market-auction-report-2023-data.xlsx,Primary Market Auction,59,2023-10-03,2023-10-03 00:00:00,2023-10-03 11:00:59.331000,Auction 4. Period CAP3 EU,T3PA,successful,EU,3035500.0,4694500.0,80.0,63.0,4.71,58681.0,276147.0,340138.0,178559.0,179343.0,1.55,17.0,17.0,True,,True,-0.058823529398068786,0.5294117647058824,True,0.1764705882233102,0.5294117647058824,True,0.1764705882233102,0.5294117647058824,True,0.003467303574369973,0.005000419458565503,True,-0.25,0.50625,True,0.004117647058823337,0.005,True,1.0,1.2317280289121373,1.0043907055931094,0.8027761862488304,0.6953401270906407,consistent-but-unverified:all N bidders,consistent-but-unverified:successful S bidders,unknown,unknown
emission-spot-primary-market-auction-report-2023-data.xlsx,Primary Market Auction,60,2023-10-02,2023-10-02 00:00:00,2023-10-02 11:00:27.013000,Auction 4. Period CAP3 EU,T3PA,successful,EU,3035500.0,5372000.0,70.0,19.0,4.67,76743.0,358133.0,400418.0,275955.0,251214.0,1.77,15.0,11.0,True,,True,-0.3333333333139308,0.5333333333333333,True,0.45454545452957973,0.5454545454545454,True,73588.33333333334,0.5333333333333333,False,0.00027507824081696164,0.005000456222239049,True,0.142857142855064,0.5071428571428571,True,0.0033333333333329662,0.005,True,0.7333333333333333,1.1180706608997215,0.910344077838778,0.7505056087094556,0.6472833712996214,consistent-but-unverified:all N bidders,consistent-but-unverified:successful S bidders,unknown,unknown
emission-spot-primary-market-auction-report-2023-data.xlsx,Primary Market Auction,61,2023-09-29,2023-09-29 00:00:00,2023-09-29 11:00:20.169000,Auction 4. Period DE,T3PA,successful,DE,2147000.0,4502000.0,74.0,21.0,4.11,60838.0,250111.0,331052.0,153357.0,147981.0,2.1,18.0,14.0,True,,True,-0.11111111112404615,0.5277777777777778,True,-0.14285714286961593,0.5357142857142857,True,34079.22222222222,0.5277777777777778,False,0.0031206334420121884,0.005000721210958288,True,0.1621621621598024,0.5067567567567568,True,-0.0011111111111103966,0.005,True,0.7777777777777778,1.323620312581214,0.9649445411686457,0.8431264489560156,0.6754640215990946,consistent-but-unverified:all N bidders,consistent-but-unverified:successful S bidders,unknown,unknown
emission-spot-primary-market-auction-report-2023-data.xlsx,Primary Market Auction,62,2023-09-28,2023-09-28 00:00:00,2023-09-28 11:00:28.997000,Auction 4. Period CAP3 EU,T3PA,successful,EU,3035500.0,5344500.0,87.0,24.0,4.58,61431.0,281289.0,401812.0,216821.0,299272.0,1.76,19.0,14.0,True,,True,-0.47368421050487086,0.5263157894736842,True,-0.42857142857974395,0.5357142857142857,True,57057.842105263146,0.5263157894736842,False,-0.0006654587382639576,0.005000454729986617,True,-0.034482758623198606,0.5057471264367817,True,0.0010526315789478602,0.005,True,0.7368421052631579,1.4284668081581575,1.380272206105497,0.8872601150792764,0.8672148534566031,consistent-but-unverified:all N bidders,consistent-but-unverified:successful S bidders,unknown,unknown
emission-spot-primary-market-auction-report-2023-data.xlsx,Primary Market Auction,63,2023-09-27,2023-09-27 00:00:00,2023-09-27 11:00:33.344000,Auction 4. Period CAP3 PL,T3PA,successful,PL,3347500.0,6647500.0,99.0,26.0,4.5,67146.0,302159.0,452974.0,223167.0,424115.0,1.99,22.0,15.0,True,,True,-0.09090909088263288,0.5227272727272727,True,0.3333333333430346,0.5333333333333333,True,71007.90909090909,0.5227272727272727,False,0.004189693801344374,0.005000445976191607,True,-0.46464646465028636,0.5050505050505051,True,0.0,0.005,True,0.6818181818181818,1.49912463305743,1.900437788741167,0.9159405237814309,1.0648616872337524,consistent-but-unverified:all N bidders,consistent-but-unverified:successful S bidders,unknown,unknown
emission-spot-primary-market-auction-report-2023-data.xlsx,Primary Market Auction,64,2023-09-26,2023-09-26 00:00:00,2023-09-26 11:00:22.112000,Auction 4. Period CAP3 EU,T3PA,successful,EU,3035500.0,5304000.0,95.0,59.0,4.75,55832.0,265200.0,340794.0,159763.0,199970.0,1.75,20.0,19.0,True,,True,0.0,0.525,True,-0.1578947368543595,0.5263157894736842,True,7988.0,0.525,False,0.002676659528907832,0.0050004525323057636,True,0.4210526315800962,0.5052631578947369,True,0.0,0.005,True,0.95,1.2850452488687782,1.2516665310491164,0.8263858267184928,0.8116706225141986,consistent-but-unverified:all N bidders,consistent-but-unverified:successful S bidders,unknown,unknown
emission-spot-primary-market-auction-report-2023-data.xlsx,Primary Market Auction,65,2023-09-25,2023-09-25 00:00:00,2023-09-25 11:01:39.869000,Auction 4. Period CAP3 EU,T3PA,successful,EU,3035500.0,5155000.0,79.0,37.0,4.39,65253.0,286389.0,428194.0,202367.0,345733.0,1.7,18.0,15.0,True,,True,0.11111111112404615,0.5277777777777778,True,0.3333333333430346,0.5333333333333333,True,33728.111111111124,0.5277777777777778,False,0.0017624773513424952,0.005000444447010769,True,-0.16455696202319814,0.5063291139240507,True,0.0011111111111103966,0.005,True,0.8333333333333334,1.4951482075079698,1.7084455469518252,0.914348129246066,0.9963748714100539,consistent-but-unverified:all N bidders,consistent-but-unverified:successful S bidders,unknown,unknown
emission-spot-primary-market-auction-report-2023-data.xlsx,Primary Market Auction,66,2023-09-22,2023-09-22 00:00:00,2023-09-22 11:01:04.003000,Auction 4. Period DE,T3PA,successful,DE,2147000.0,4805000.0,83.0,17.0,3.77,57892.0,218409.0,361619.0,178917.0,275533.0,2.24,22.0,12.0,True,,True,-0.09090909091173671,0.5227272727272727,True,0.3333333333430346,0.5416666666666666,True,81326.09090909091,0.5227272727272727,False,0.0019934792734050966,0.005000754077094067,True,0.4337349397610524,0.5060240963855421,True,-0.0027272727272729114,0.005,True,0.5454545454545454,1.655696422766461,1.5400045831307254,0.9767069264243922,0.9321658854109927,consistent-but-unverified:all N bidders,consistent-but-unverified:successful S bidders,unknown,unknown
emission-spot-primary-market-auction-report-2023-data.xlsx,Primary Market Auction,67,2023-09-21,2023-09-21 00:00:00,2023-09-21 11:00:43.178000,Auction 4. Period CAP3 EU,T3PA,successful,EU,3036500.0,6032500.0,84.0,12.0,4.2,71815.0,301625.0,408223.0,303650.0,313044.0,1.99,20.0,10.0,True,,True,0.0,0.525,True,0.0,0.55,True,151825.0,0.525,False,0.003337724353696725,0.005000491793611523,True,-0.4761904761835467,0.5059523809523809,True,0.0,0.005,True,0.5,1.353412349772068,1.0309369339700314,0.8558663386637638,0.708497230402707,consistent-but-unverified:all N bidders,consistent-but-unverified:successful S bidders,unknown,unknown
emission-spot-primary-market-auction-report-2023-data.xlsx,Primary Market Auction,69,2023-09-19,2023-09-19 00:00:00,2023-09-19 11:00:19.095000,Auction 4. Period CAP3 EU,T3PA,successful,EU,3035500.0,5366000.0,86.0,54.0,3.91,62395.0,243909.0,346094.0,137977.0,185707.0,1.77,22.0,22.0,True,,True,-0.09090909091173671,0.5227272727272727,True,-0.27272727273521014,0.5227272727272727,True,-0.27272727273521014,0.5227272727272727,True,0.0022516883544720923,0.0050004558966567,True,-0.3488372093052021,0.5058139534883721,True,0.0009090909090909705,0.005,True,1.0,1.4189472303195043,1.345927219754017,0.8833324167225242,0.8526807266273018,consistent-but-unverified:all N bidders,consistent-but-unverified:successful S bidders,unknown,unknown
emission-spot-primary-market-auction-report-2023-data.xlsx,Primary Market Auction,70,2023-09-18,2023-09-18 00:00:00,2023-09-18 11:00:36.941000,Auction 4. Period CAP3 EU,T3PA,successful,EU,3035500.0,4994500.0,80.0,46.0,4.0,62431.0,249725.0,351833.0,159763.0,204645.0,1.65,20.0,19.0,True,,True,0.0,0.525,True,-0.1578947368543595,0.5263157894736842,True,7988.0,0.525,False,0.0046367978916157515,0.00500043573768294,True,-0.25,0.50625,True,0.0,0.005,True,0.95,1.4088817699469416,1.2809286255265613,0.8791626439505306,0.8245826519431336,consistent-but-unverified:all N bidders,consistent-but-unverified:successful S bidders,unknown,unknown
emission-spot-primary-market-auction-report-2023-data.xlsx,Primary Market Auction,71,2023-09-15,2023-09-15 00:00:00,2023-09-15 11:00:49.562000,Auction 4. Period DE,T3PA,successful,DE,2147000.0,5107500.0,68.0,22.0,3.4,75110.0,255375.0,376736.0,143133.0,259288.0,2.38,20.0,15.0,True,,True,0.0,0.525,True,-0.3333333333430346,0.5333333333333333,True,35783.0,0.525,False,0.001099208197484547,0.005000786888995298,True,-0.2941176470631035,0.5073529411764706,True,0.0,0.005,True,0.75,1.475226627508566,1.8115179588215156,0.9063319584988097,1.033724536359637,consistent-but-unverified:all N bidders,consistent-but-unverified:successful S bidders,unknown,unknown
emission-spot-primary-market-auction-report-2023-data.xlsx,Primary Market Auction,72,2023-09-14,2023-09-14 00:00:00,2023-09-14 11:00:28.538000,Auction 4. Period CAP3 EU,T3PA,successful,EU,3035500.0,5724500.0,94.0,35.0,4.48,60899.0,272595.0,315958.0,159763.0,168833.0,1.89,21.0,19.0,True,,True,-0.23809523810632527,0.5238095238095238,True,-0.1578947368543595,0.5263157894736842,True,15215.380952380947,0.5238095238095238,False,0.00414923406358092,0.005000475350202037,True,0.06382978723559063,0.5053191489361702,True,0.0038095238095241513,0.005,True,0.9047619047619048,1.159074817953374,1.0567715929220158,0.7696798049171233,0.7211375655760405,consistent-but-unverified:all N bidders,consistent-but-unverified:successful S bidders,unknown,unknown
emission-spot-primary-market-auction-report-2023-data.xlsx,Primary Market Auction,73,2023-09-13,2023-09-13 00:00:00,2023-09-13 11:00:25.569000,Auction 4. Period CAP3 PL,T3PA,successful,PL,3347500.0,6091000.0,101.0,35.0,4.59,60307.0,276864.0,349612.0,176184.0,234258.0,1.82,22.0,19.0,True,,True,0.36363636364694685,0.5227272727272727,True,-0.21052631578641012,0.5263157894736842,True,24024.90909090909,0.5227272727272727,False,0.00043315907393592923,0.005000421145199807,True,0.06930693069443805,0.504950495049505,True,-0.0009090909090909705,0.005,True,0.8636363636363636,1.2627571659731853,1.3296213049993189,0.8165840546511571,0.8457057243249596,consistent-but-unverified:all N bidders,consistent-but-unverified:successful S bidders,unknown,unknown
emission-spot-primary-market-auction-report-2023-data.xlsx,Primary Market Auction,74,2023-09-12,2023-09-12 00:00:00,2023-09-12 11:00:34.912000,Auction 4. Period CAP3 EU,T3PA,successful,EU,3035500.0,6329500.0,96.0,19.0,4.57,65932.0,301405.0,492595.0,233500.0,468810.0,2.09,21.0,13.0,True,,True,0.23809523810632527,0.5238095238095238,True,0.0,0.5384615384615384,True,88952.38095238095,0.5238095238095238,False,0.004841047603360238,0.005000508179755537,True,-0.2916666666715173,0.5052083333333334,True,-0.0014285714285708906,0.005,True,0.6190476190476191,1.6343292247971999,2.0077516059957174,0.9686285859421749,1.1011928248838827,consistent-but-unverified:all N bidders,consistent-but-unverified:successful S bidders,unknown,unknown
emission-spot-primary-market-auction-report-2023-data.xlsx,Primary Market Auction,75,2023-09-11,2023-09-11 00:00:00,2023-09-11 11:00:44.410000,Auction 4. Period CAP3 EU,T3PA,successful,EU,3035500.0,5542000.0,95.0,48.0,4.52,58337.0,263905.0,339236.0,159763.0,213163.0,1.83,21.0,19.0,True,,True,0.23809523810632527,0.5238095238095238,True,-0.1578947368543595,0.5263157894736842,True,15215.380952380947,0.5238095238095238,False,0.004271125020589794,0.005000465447072264,True,0.1578947368398076,0.5052631578947369,True,-0.0038095238095241513,0.005,True,0.9047619047619048,1.2854474147894128,1.3342451005551974,0.8265618103383202,0.8476885414422198,consistent-but-unverified:all N bidders,consistent-but-unverified:successful S bidders,unknown,unknown
emission-spot-primary-market-auction-report-2023-data.xlsx,Primary Market Auction,76,2023-09-08,2023-09-08 00:00:00,2023-09-08 11:00:27.798000,Auction 4. Period DE,T3PA,successful,DE,2147000.0,4392000.0,86.0,32.0,4.3,51070.0,219600.0,312610.0,126294.0,123742.0,2.05,20.0,17.0,True,,True,0.0,0.525,True,-0.1176470588252414,0.5294117647058824,True,18944.0,0.525,False,0.00435491383325548,0.00500070927935784,True,0.2325581395343761,0.5058139534883721,True,0.0,0.005,True,0.85,1.4235428051001822,0.9797931809903875,0.885230438660283,0.6829923852054813,consistent-but-unverified:all N bidders,consistent-but-unverified:successful S bidders,unknown,unknown
emission-spot-primary-market-auction-report-2023-data.xlsx,Primary Market Auction,77,2023-09-05,2023-09-05 00:00:00,2023-09-05 11:00:34.601000,Auction 4. Period CAP3 EU,T3PA,successful,EU,3035500.0,4699000.0,89.0,19.0,4.45,52798.0,234950.0,339733.0,252958.0,388889.0,1.55,20.0,12.0,True,,True,0.0,0.525,True,-0.3333333333430346,0.5416666666666666,True,101183.0,0.525,False,0.0019848459891287362,0.005000419702752264,True,0.24719101123628207,0.5056179775280899,True,0.0,0.005,True,0.6,1.4459799957437753,1.537365886827062,0.8944458588765808,0.9311264904892181,consistent-but-unverified:all N bidders,consistent-but-unverified:successful S bidders,unknown,unknown
emission-spot-primary-market-auction-report-2023-data.xlsx,Primary Market Auction,78,2023-09-04,2023-09-04 00:00:00,2023-09-04 11:00:28.079000,Auction 4. Period CAP3 EU,T3PA,successful,EU,3035500.0,6518500.0,98.0,35.0,3.92,66515.0,260740.0,451226.0,178559.0,366710.0,2.15,25.0,17.0,True,,True,0.0,0.52,True,0.1764705882233102,0.5294117647058824,True,57139.0,0.52,False,0.002577829023225231,0.0050005184355995215,True,-0.30612244897929486,0.5051020408163265,True,0.0,0.005,True,0.68,1.7305591777249367,2.053718938838143,1.0045064152281524,1.1163601720565093,consistent-but-unverified:all N bidders,consistent-but-unverified:successful S bidders,unknown,unknown
emission-spot-primary-market-auction-report-2023-data.xlsx,Primary Market Auction,79,2023-09-01,2023-09-01 00:00:00,2023-09-01 11:00:24.717000,Auction 4. Period DE,T3PA,successful,DE,2147000.0,4369500.0,88.0,41.0,4.4,49653.0,218475.0,344899.0,126294.0,213236.0,2.04,20.0,17.0,True,,True,0.0,0.525,True,-0.1176470588252414,0.5294117647058824,True,18944.0,0.525,False,0.004834653004191836,0.005000706838803203,True,-0.4090909090882633,0.5056818181818182,True,0.0,0.005,True,0.85,1.5786657512301179,1.688409583986571,0.9472721144789882,0.9889497860480168,consistent-but-unverified:all N bidders,consistent-but-unverified:successful S bidders,unknown,unknown
emission-spot-primary-market-auction-report-2023-data.xlsx,Primary Market Auction,80,2023-08-31,2023-08-31 00:00:00,2023-08-31 11:00:27.932000,Auction 4. Period CAP3 EU,T3PA,successful,EU,1581500.0,4311000.0,82.0,22.0,4.32,52573.0,226895.0,322604.0,121654.0,148045.0,2.73,19.0,13.0,True,,True,0.26315789474756457,0.5263157894736842,True,0.1538461538439151,0.5384615384615384,True,38417.15789473684,0.5263157894736842,False,0.004106860575403104,0.005001177962061724,True,-0.1707317073160084,0.5060975609756098,True,0.004210526315789664,0.005,True,0.6842105263157895,1.4218206659468036,1.2169349137718448,0.8845195986020771,0.7961255724097415,consistent-but-unverified:all N bidders,consistent-but-unverified:successful S bidders,unknown,unknown
emission-spot-primary-market-auction-report-2023-data.xlsx,Primary Market Auction,81,2023-08-30,2023-08-30 00:00:00,2023-08-30 11:00:47.241000,Auction 4. Period CAP3 PL,T3PA,successful,PL,1344500.0,4140000.0,85.0,12.0,5.0,48706.0,243529.0,336344.0,149389.0,166102.0,3.08,17.0,9.0,True,,True,-0.411764705873793,0.5294117647058824,True,0.11111111112404615,0.5555555555555556,True,70300.76470588235,0.5294117647058824,False,0.0007883971736704076,0.005001516999906263,True,0.1176470588252414,0.5058823529411764,True,0.0,0.005,True,0.5294117647058824,1.3811250405495854,1.1118757070467036,0.8675730821063161,0.7475765132820777,consistent-but-unverified:all N bidders,consistent-but-unverified:successful S bidders,unknown,unknown
emission-spot-primary-market-auction-report-2023-data.xlsx,Primary Market Auction,82,2023-08-29,2023-08-29 00:00:00,2023-08-29 11:00:46.632000,Auction 4. Period CAP3 EU,T3PA,successful,EU,1329000.0,3917000.0,71.0,19.0,3.55,55169.0,195850.0,320073.0,102231.0,169273.0,2.95,20.0,13.0,True,,True,0.0,0.525,True,0.23076923076587263,0.5384615384615384,True,35781.0,0.525,False,0.002671181339353179,0.005001485075217273,True,-0.014084507041843608,0.5070422535211268,True,0.0,0.005,True,0.65,1.6342762318100588,1.6557893398284278,0.9686084694283917,0.9767419136449663,consistent-but-unverified:all N bidders,consistent-but-unverified:successful S bidders,unknown,unknown
emission-spot-primary-market-auction-report-2023-data.xlsx,Primary Market Auction,83,2023-08-28,2023-08-28 00:00:00,2023-08-28 11:00:35.951000,Auction 4. Period CAP3 EU,T3PA,successful,EU,1329000.0,4268500.0,69.0,9.0,3.63,61862.0,224658.0,349543.0,147667.0,224579.0,3.21,19.0,9.0,True,,True,0.10526315789320506,0.5263157894736842,True,0.3333333333430346,0.5555555555555556,True,77719.63157894737,0.5263157894736842,False,-0.0018133935289692538,0.0050015845803618834,True,-0.3188405797118321,0.5072463768115942,True,-0.0015789473684213462,0.005,True,0.47368421052631576,1.5558893963268612,1.5208475827368335,0.9384002634064313,0.9245951873288079,consistent-but-unverified:all N bidders,consistent-but-unverified:successful S bidders,unknown,unknown
emission-spot-primary-market-auction-report-2023-data.xlsx,Primary Market Auction,84,2023-08-25,2023-08-25 00:00:00,2023-08-25 11:00:36.250000,Auction 4. Period DE,T3PA,successful,DE,976500.0,3123500.0,75.0,8.0,3.75,41647.0,156175.0,232625.0,162750.0,206232.0,3.2,20.0,6.0,True,,True,0.0,0.525,True,0.0,0.5833333333333334,True,113925.0,0.525,False,0.0013312852022533406,0.005002149856811379,True,0.33333333333575865,0.5066666666666667,True,0.0,0.005,True,0.3,1.4895149671842485,1.2671705069124424,0.9120878992066505,0.818532581274237,consistent-but-unverified:all N bidders,consistent-but-unverified:successful S bidders,unknown,unknown
emission-spot-primary-market-auction-report-2023-data.xlsx,Primary Market Auction,85,2023-08-24,2023-08-24 00:00:00,2023-08-24 11:03:47.345000,Auction 4. Period CAP3 EU,T3PA,successful,EU,1329000.0,2543000.0,71.0,10.0,3.38,35817.0,121095.0,131345.0,147667.0,143040.0,1.91,21.0,9.0,True,,True,-0.23809523809177335,0.5238095238095238,True,0.3333333333430346,0.5555555555555556,True,84381.28571428571,0.5238095238095238,False,-0.0034687735139202758,0.00500109611342867,True,0.09859154929290526,0.5070422535211268,True,-0.0009523809523810378,0.005,True,0.42857142857142855,1.0846442875428384,0.9686659849526299,0.7345982352009504,0.6773561483714566,consistent-but-unverified:all N bidders,consistent-but-unverified:successful S bidders,unknown,unknown
emission-spot-primary-market-auction-report-2023-data.xlsx,Primary Market Auction,86,2023-08-22,2023-08-22 00:00:00,2023-08-22 11:00:35.185000,Auction 4. Period CAP3 EU,T3PA,successful,EU,1329000.0,3718000.0,78.0,21.0,4.11,47667.0,195684.0,332831.0,147667.0,170631.0,2.8,19.0,9.0,True,,True,-0.21052631578641012,0.5263157894736842,True,0.3333333333430346,0.5555555555555556,True,77719.63157894737,0.5263157894736842,False,0.00240782543265583,0.005001428740867978,True,0.33333333333575865,0.5064102564102564,True,0.00473684210526315,0.005,True,0.47368421052631576,1.700859549068907,1.1555120643068526,0.993570073854197,0.7680283121770267,consistent-but-unverified:all N bidders,consistent-but-unverified:successful S bidders,unknown,unknown
emission-spot-primary-market-auction-report-2023-data.xlsx,Primary Market Auction,87,2023-08-21,2023-08-21 00:00:00,2023-08-21 11:00:54.230000,Auction 4. Period CAP3 EU,T3PA,successful,EU,1329000.0,3711500.0,82.0,20.0,4.32,45262.0,195342.0,322832.0,110750.0,142086.0,2.79,19.0,12.0,True,,True,-0.10526315789320506,0.5263157894736842,True,0.0,0.5416666666666666,True,40802.631578947374,0.5263157894736842,False,-0.0027012791572609274,0.005001426900801292,True,-0.19512195121933473,0.5060975609756098,True,0.004210526315789664,0.005,True,0.631578947368421,1.6526502237102108,1.2829435665914222,0.9755592246658237,0.82546564827211,consistent-but-unverified:all N bidders,consistent-but-unverified:successful S bidders,unknown,unknown
emission-spot-primary-market-auction-report-2023-data.xlsx,Primary Market Auction,88,2023-08-18,2023-08-18 00:00:00,2023-08-18 11:00:38.176000,Auction 4. Period DE,T3PA,successful,DE,970000.0,1945500.0,67.0,14.0,4.47,29037.0,129700.0,141710.0,107778.0,134594.0,2.01,15.0,9.0,True,,True,0.0,0.5333333333333333,True,0.22222222221898846,0.5555555555555556,True,43111.333333333336,0.5333333333333333,False,0.004329896907216302,0.005001549315019043,True,-0.3134328358210041,0.5074626865671642,True,0.0033333333333329662,0.005,True,0.6,1.0925983037779492,1.2488077344170425,0.7384065013833618,0.8104001799572776,consistent-but-unverified:all N bidders,consistent-but-unverified:successful S bidders,unknown,unknown
emission-spot-primary-market-auction-report-2023-data.xlsx,Primary Market Auction,89,2023-08-17,2023-08-17 00:00:00,2023-08-17 11:00:29.882000,Auction 4. Period CAP3 EU,T3PA,successful,EU,1329000.0,3165000.0,62.0,35.0,4.13,51048.0,211000.0,351942.0,102231.0,107078.0,2.38,15.0,13.0,True,,True,0.0,0.5333333333333333,True,0.23076923076587263,0.5384615384615384,True,13631.0,0.5333333333333333,False,-0.0014898419864559642,0.0050012721936561165,True,-0.3870967741968343,0.5080645161290323,True,-0.0033333333333338544,0.005,True,0.8666666666666667,1.6679715639810426,1.0474122330799855,0.9813184698185584,0.7165766704197392,consistent-but-unverified:all N bidders,consistent-but-unverified:successful S bidders,unknown,unknown
emission-spot-primary-market-auction-report-2023-data.xlsx,Primary Market Auction,90,2023-08-16,2023-08-16 00:00:00,2023-08-16 11:00:23.189000,Auction 4. Period CAP3 PL,T3PA,successful,PL,1338000.0,3715500.0,75.0,16.0,4.17,49540.0,206417.0,356927.0,133800.0,201478.0,2.78,18.0,10.0,True,,True,0.3333333333430346,0.5277777777777778,True,0.0,0.55,True,59466.66666666667,0.5277777777777778,False,0.003094170403587171,0.0050014114001746286,True,0.0,0.5066666666666667,True,0.0033333333333329662,0.005,True,0.5555555555555556,1.7291550599030119,1.505814648729447,1.003992059424252,0.918613890741451,consistent-but-unverified:all N bidders,consistent-but-unverified:successful S bidders,unknown,unknown
emission-spot-primary-market-auction-report-2023-data.xlsx,Primary Market Auction,91,2023-08-15,2023-08-15 00:00:00,2023-08-15 11:00:44.117000,Auction 4. Period CAP3 EU,T3PA,successful,EU,1329000.0,3692500.0,74.0,14.0,4.63,49899.0,230781.0,403187.0,132900.0,276939.0,2.78,16.0,10.0,True,,True,-0.25,0.53125,True,0.0,0.55,True,49837.5,0.53125,False,0.0015951843491346374,0.005001421522144827,True,0.3513513513535145,0.5067567567567568,True,0.004999999999999893,0.005,True,0.625,1.7470545668837556,2.0838148984198646,1.0105292710890377,1.1261674339321943,consistent-but-unverified:all N bidders,consistent-but-unverified:successful S bidders,unknown,unknown
emission-spot-primary-market-auction-report-2023-data.xlsx,Primary Market Auction,92,2023-08-14,2023-08-14 00:00:00,2023-08-14 11:00:21.647000,Auction 4. Period CAP3 EU,T3PA,successful,EU,1329000.0,3754000.0,74.0,13.0,4.11,50730.0,208556.0,345067.0,110750.0,164059.0,2.82,18.0,12.0,True,,True,0.4444444444379769,0.5277777777777778,True,0.0,0.5416666666666666,True,36916.66666666667,0.5277777777777778,False,-0.004680210684725683,0.0050014389320065435,True,0.2702702702736133,0.5067567567567568,True,-0.0011111111111103966,0.005,True,0.6666666666666666,1.654553213525384,1.4813453724604966,0.9762763593749919,0.9088009019783471,consistent-but-unverified:all N bidders,consistent-but-unverified:successful S bidders,unknown,unknown
emission-spot-primary-market-auction-report-2023-data.xlsx,Primary Market Auction,93,2023-08-11,2023-08-11 00:00:00,2023-08-11 11:00:44.361000,Auction 4. Period DE,T3PA,successful,DE,970000.0,3083000.0,64.0,10.0,3.76,48172.0,181353.0,310966.0,121250.0,224489.0,3.18,17.0,8.0,True,,True,0.058823529398068786,0.5294117647058824,True,0.0,0.5625,True,64191.17647058824,0.5294117647058824,False,0.0016494845360828236,0.005002153789769995,True,0.125,0.5078125,True,-0.004705882352941337,0.005,True,0.47058823529411764,1.7147000601037754,1.8514556701030929,0.9986814721831768,1.047829625326015,consistent-but-unverified:all N bidders,consistent-but-unverified:successful S bidders,unknown,unknown
emission-spot-primary-market-auction-report-2023-data.xlsx,Primary Market Auction,94,2023-08-10,2023-08-10 00:00:00,2023-08-10 11:00:30.648000,Auction 4. Period CAP3 EU,T3PA,successful,EU,1329000.0,3767000.0,75.0,17.0,4.41,50227.0,221588.0,361135.0,110750.0,185501.0,2.83,17.0,12.0,True,,True,-0.2352941176504828,0.5294117647058824,True,0.0,0.5416666666666666,True,32573.5294117647,0.5294117647058824,False,-0.0044620015048906225,0.005001442612139915,True,0.33333333333575865,0.5066666666666667,True,-0.0017647058823531125,0.005,True,0.7058823529411765,1.6297588317056881,1.6749525959367946,0.9668921430138442,0.983931659045825,consistent-but-unverified:all N bidders,consistent-but-unverified:successful S bidders,unknown,unknown
emission-spot-primary-market-auction-report-2023-data.xlsx,Primary Market Auction,95,2023-08-08,2023-08-08 00:00:00,2023-08-08 11:00:36.107000,Auction 4. Period CAP3 EU,T3PA,successful,EU,1329000.0,3472500.0,73.0,28.0,3.84,47568.0,182763.0,335612.0,83063.0,154534.0,2.61,19.0,16.0,True,,True,-0.1578947368543595,0.5263157894736842,True,0.5,0.53125,True,13115.631578947374,0.5263157894736842,False,-0.0028668171557564293,0.005001359242964701,True,-0.4931506849316065,0.5068493150684932,True,-0.002105263157894832,0.005,True,0.8421052631578947,1.8363235446999666,1.8604432779938118,1.0425086870357456,1.0509766051272236,consistent-but-unverified:all N bidders,consistent-but-unverified:successful S bidders,unknown,unknown
emission-spot-primary-market-auction-report-2023-data.xlsx,Primary Market Auction,96,2023-08-07,2023-08-07 00:00:00,2023-08-07 11:00:28.792000,Auction 4. Period CAP3 EU,T3PA,successful,EU,1329000.0,3368000.0,71.0,27.0,4.18,47437.0,198118.0,332694.0,94929.0,102612.0,2.53,17.0,14.0,True,,True,0.3529411764757242,0.5294117647058824,True,0.42857142856519204,0.5357142857142857,True,16752.5294117647,0.5294117647058824,False,-0.004236267870579624,0.005001329660354142,True,0.38028169014432933,0.5070422535211268,True,0.003529411764705337,0.005,True,0.8235294117647058,1.6792719490404708,1.0809341718547547,0.98554509681049,0.7328169139725564,consistent-but-unverified:all N bidders,consistent-but-unverified:successful S bidders,unknown,unknown
emission-spot-primary-market-auction-report-2023-data.xlsx,Primary Market Auction,97,2023-08-04,2023-08-04 00:00:00,2023-08-04 11:00:53.858000,Auction 4. Period DE,T3PA,successful,DE,970000.0,3664000.0,75.0,21.0,3.95,48853.0,192842.0,309315.0,88182.0,133684.0,3.78,19.0,11.0,True,,True,-0.10526315789320506,0.5263157894736842,True,0.18181818182347342,0.5454545454545454,True,37129.36842105263,0.5263157894736842,False,0.0026804123711339223,0.005002462536873558,True,-0.33333333333575865,0.5066666666666667,True,0.0026315789473687623,0.005,True,0.5789473684210527,1.6039814978064943,1.5160009979360867,0.9570416190240348,0.92267073547408,consistent-but-unverified:all N bidders,consistent-but-unverified:successful S bidders,unknown,unknown
emission-spot-primary-market-auction-report-2023-data.xlsx,Primary Market Auction,98,2023-08-03,2023-08-03 00:00:00,2023-08-03 11:00:31.653000,Auction 4. Period CAP3 EU,T3PA,successful,EU,1329000.0,4135000.0,74.0,22.0,3.7,55878.0,206750.0,354337.0,102231.0,210576.0,3.11,20.0,13.0,True,,True,0.0,0.525,True,0.23076923076587263,0.5384615384615384,True,35781.0,0.525,False,-0.0013619262603463689,0.0050015467882230345,True,-0.3783783783801482,0.5067567567567568,True,0.0,0.005,True,0.65,1.7138428053204353,2.059805734072835,0.9983656398091061,1.1183514283518807,consistent-but-unverified:all N bidders,consistent-but-unverified:successful S bidders,unknown,unknown
emission-spot-primary-market-auction-report-2023-data.xlsx,Primary Market Auction,99,2023-08-02,2023-08-02 00:00:00,2023-08-02 11:00:33.988000,Auction 4. Period CAP3 PL,T3PA,successful,PL,1338000.0,3957500.0,68.0,24.0,4.0,58199.0,232794.0,345311.0,121636.0,143604.0,2.96,17.0,11.0,True,,True,-0.1176470588252414,0.5294117647058824,True,-0.36363636363239493,0.5454545454545454,True,42930.117647058825,0.5294117647058824,False,0.002227204783258774,0.0050014789887520604,True,0.47058823529368965,0.5073529411764706,True,0.0,0.005,True,0.6470588235294118,1.4833329037689975,1.180604426321155,0.9096015707444164,0.7796020981519542,consistent-but-unverified:all N bidders,consistent-but-unverified:successful S bidders,unknown,unknown
emission-spot-primary-market-auction-report-2023-data.xlsx,Primary Market Auction,100,2023-08-01,2023-08-01 00:00:00,2023-08-01 11:00:23.730000,Auction 4. Period CAP3 EU,T3PA,successful,EU,1329000.0,3655000.0,74.0,18.0,3.7,49392.0,182750.0,346522.0,120818.0,251160.0,2.75,20.0,11.0,True,,True,0.0,0.525,True,-0.18181818182347342,0.5454545454545454,True,54368.0,0.525,False,-0.00018811136192642408,0.005001410906375487,True,0.10810810810653493,0.5067567567567568,True,0.0,0.005,True,0.55,1.896153214774282,2.078829313512887,1.063383378778118,1.1245494317165272,consistent-but-unverified:all N bidders,consistent-but-unverified:successful S bidders,unknown,unknown
emission-spot-primary-market-auction-report-2023-data.xlsx,Primary Market Auction,101,2023-07-31,2023-07-31 00:00:00,2023-07-31 11:00:30.051000,Auction 4. Period CAP3 EU,T3PA,successful,EU,2658000.0,5808000.0,75.0,31.0,4.41,77440.0,341647.0,532993.0,204462.0,230567.0,2.19,17.0,13.0,True,,True,-0.058823529398068786,0.5294117647058824,True,0.46153846153174527,0.5384615384615384,True,48109.0588235294,0.5294117647058824,False,0.004898419864559855,0.0050005991538734345,True,0.0,0.5066666666666667,True,-0.0017647058823531125,0.005,True,0.7647058823529411,1.5600693113066997,1.1276765364713248,0.9400343328541367,0.755030556387778,consistent-but-unverified:all N bidders,consistent-but-unverified:successful S bidders,unknown,unknown
emission-spot-primary-market-auction-report-2023-data.xlsx,Primary Market Auction,102,2023-07-28,2023-07-28 00:00:00,2023-07-28 11:00:21.019000,Auction 4. Period DE,T3PA,successful,DE,1939500.0,3760500.0,73.0,38.0,4.29,51514.0,221206.0,363950.0,138536.0,210305.0,1.94,17.0,14.0,True,,True,0.1176470588252414,0.5294117647058824,True,0.285714285710128,0.5357142857142857,True,24447.76470588235,0.5294117647058824,False,0.0010982211910286477,0.005000757644310043,True,0.3013698630165891,0.5068493150684932,True,-0.004117647058823337,0.005,True,0.8235294117647058,1.64529895210799,1.5180530692383207,0.9727840842950174,0.9234860113485598,consistent-but-unverified:all N bidders,consistent-but-unverified:successful S bidders,unknown,unknown
emission-spot-primary-market-auction-report-2023-data.xlsx,Primary Market Auction,103,2023-07-27,2023-07-27 00:00:00,2023-07-27 11:00:26.182000,Auction 4. Period CAP3 EU,T3PA,successful,EU,2658000.0,4696000.0,85.0,48.0,4.05,55247.0,223619.0,353962.0,139895.0,233621.0,1.77,21.0,19.0,True,,True,-0.047619047632906586,0.5238095238095238,True,0.26315789474756457,0.5263157894736842,True,13323.571428571435,0.5238095238095238,False,0.0032580887885629295,0.005000520455651534,True,-0.0588235294126207,0.5058823529411764,True,0.0023809523809523725,0.005,True,0.9047619047619048,1.582879808960777,1.6699739090031809,0.948904981463433,0.9820687004554918,consistent-but-unverified:all N bidders,consistent-but-unverified:successful S bidders,unknown,unknown
emission-spot-primary-market-auction-report-2023-data.xlsx,Primary Market Auction,104,2023-07-25,2023-07-25 00:00:00,2023-07-25 11:00:17.516000,Auction 4. Period CAP3 EU,T3PA,successful,EU,2658000.0,4803500.0,80.0,20.0,3.81,60044.0,228738.0,336384.0,221500.0,230061.0,1.81,21.0,12.0,True,,True,-0.09523809523670934,0.5238095238095238,True,0.0,0.5416666666666666,True,94928.57142857143,0.5238095238095238,False,0.0028141459744168706,0.0050005280636181305,True,0.25,0.50625,True,0.00047619047619074095,0.005,True,0.5714285714285714,1.4706082942055976,1.038650112866817,0.9044643932774107,0.7122878794508362,consistent-but-unverified:all N bidders,consistent-but-unverified:successful S bidders,unknown,unknown
emission-spot-primary-market-auction-report-2023-data.xlsx,Primary Market Auction,105,2023-07-24,2023-07-24 00:00:00,2023-07-24 11:00:34.065000,Auction 4. Period CAP3 EU,T3PA,successful,EU,2658000.0,4735000.0,75.0,27.0,3.75,63133.0,236750.0,350071.0,189857.0,243099.0,1.78,20.0,14.0,True,,True,0.0,0.525,True,-0.14285714286961593,0.5357142857142857,True,56957.0,0.525,False,-0.0014145974416854834,0.0050005232157510435,True,-0.33333333333575865,0.5066666666666667,True,0.0,0.005,True,0.7,1.4786525871172123,1.2804321146968507,0.9077151008833515,0.8243649489987938,consistent-but-unverified:all N bidders,consistent-but-unverified:successful S bidders,unknown,unknown
emission-spot-primary-market-auction-report-2023-data.xlsx,Primary Market Auction,106,2023-07-21,2023-07-21 00:00:00,2023-07-21 11:00:30.733000,Auction 4. Period DE,T3PA,successful,DE,1939500.0,4051000.0,71.0,23.0,3.74,57056.0,213211.0,333498.0,138536.0,195264.0,2.09,19.0,14.0,True,,True,0.4736842105339747,0.5263157894736842,True,0.285714285710128,0.5357142857142857,True,36457.05263157895,0.5263157894736842,False,0.0013173498324308142,0.00500079625758923,True,-0.33802816901152255,0.5070422535211268,True,0.0031578947368422483,0.005,True,0.7368421052631579,1.564168828062342,1.409482011895825,0.9416343824688352,0.879411791577885,consistent-but-unverified:all N bidders,consistent-but-unverified:successful S bidders,unknown,unknown
emission-spot-primary-market-auction-report-2023-data.xlsx,Primary Market Auction,107,2023-07-20,2023-07-20 00:00:00,2023-07-20 11:00:28.047000,Auction 4. Period CAP3 EU,T3PA,successful,EU,2658000.0,5065500.0,86.0,31.0,3.58,58901.0,211063.0,304918.0,147667.0,163660.0,1.91,24.0,18.0,True,,True,0.5,0.5208333333333334,True,0.3333333333430346,0.5277777777777778,True,36917.0,0.5208333333333334,False,0.00424379232505645,0.005000546605825089,True,-0.16279069767188048,0.5058139534883721,True,-0.0033333333333334103,0.005,True,0.75,1.4446776554867504,1.1083044959266457,0.8939132759886819,0.7458840680305782,consistent-but-unverified:all N bidders,consistent-but-unverified:successful S bidders,unknown,unknown
emission-spot-primary-market-auction-report-2023-data.xlsx,Primary Market Auction,108,2023-07-19,2023-07-19 00:00:00,2023-07-19 11:00:37.941000,Auction 4. Period CAP3 PL,T3PA,successful,PL,2676000.0,5282000.0,81.0,18.0,3.68,65210.0,240091.0,330918.0,205846.0,237208.0,1.97,22.0,13.0,True,,True,0.09090909091173671,0.5227272727272727,True,-0.1538461538439151,0.5384615384615384,True,84209.63636363637,0.5227272727272727,False,-0.0038415545590433364,0.005000555650583588,True,0.1234567901265109,0.5061728395061729,True,-0.0018181818181814968,0.005,True,0.5909090909090909,1.3783023936757313,1.1523566161110734,0.8663869532100171,0.7665633423767828,consistent-but-unverified:all N bidders,consistent-but-unverified:successful S bidders,unknown,unknown
emission-spot-primary-market-auction-report-2023-data.xlsx,Primary Market Auction,109,2023-07-18,2023-07-18 00:00:00,2023-07-18 11:00:17.196000,Auction 4. Period CAP3 EU,T3PA,successful,EU,2658000.0,4956500.0,81.0,26.0,3.52,61191.0,215500.0,324531.0,177200.0,215025.0,1.86,23.0,15.0,True,,True,0.0,0.5217391304347826,True,0.0,0.5333333333333333,True,61634.78260869565,0.5217391304347826,False,-0.004747930775018672,0.00500053889170082,True,-0.35802469135524007,0.5061728395061729,True,-0.0017391304347826875,0.005,True,0.6521739130434783,1.5059443155452437,1.2134593679458239,0.9186656357741828,0.7945566165480387,consistent-but-unverified:all N bidders,consistent-but-unverified:successful S bidders,unknown,unknown
emission-spot-primary-market-auction-report-2023-data.xlsx,Primary Market Auction,110,2023-07-17,2023-07-17 00:00:00,2023-07-17 11:00:37.762000,Auction 4. Period CAP3 EU,T3PA,successful,EU,2658000.0,4820500.0,80.0,34.0,3.33,60256.0,200854.0,335310.0,132900.0,200140.0,1.81,24.0,20.0,True,,True,-0.1666666666569654,0.5208333333333334,True,0.0,0.525,True,22150.0,0.5208333333333334,False,-0.003581640331075997,0.005000529266738429,True,-0.25,0.50625,True,-0.0033333333333334103,0.005,True,0.8333333333333334,1.6694215698965418,1.5059443190368698,0.9818618084540313,0.9186656371675204,consistent-but-unverified:all N bidders,consistent-but-unverified:successful S bidders,unknown,unknown
emission-spot-primary-market-auction-report-2023-data.xlsx,Primary Market Auction,111,2023-07-14,2023-07-14 00:00:00,2023-07-14 11:00:38.736000,Auction 4. Period DE,T3PA,successful,DE,1939500.0,4466000.0,79.0,15.0,3.95,56532.0,223300.0,344562.0,193950.0,185074.0,2.3,20.0,10.0,True,,True,0.0,0.525,True,0.0,0.55,True,96975.0,0.525,False,-0.0026553235369943806,0.005000851419416643,True,0.35443037974619074,0.5063291139240507,True,0.0,0.005,True,0.5,1.5430452306314375,0.954235627739108,0.9333622726095456,0.6699991337297948,consistent-but-unverified:all N bidders,consistent-but-unverified:successful S bidders,unknown,unknown
emission-spot-primary-market-auction-report-2023-data.xlsx,Primary Market Auction,112,2023-07-13,2023-07-13 00:00:00,2023-07-13 11:01:19.232000,Auction 4. Period CAP3 EU,T3PA,successful,EU,2658000.0,4556000.0,80.0,40.0,3.81,56950.0,216952.0,326171.0,156353.0,188430.0,1.71,21.0,17.0,True,,True,-0.38095238094683737,0.5238095238095238,True,0.058823529398068786,0.5294117647058824,True,29781.571428571435,0.5238095238095238,False,-0.004070729872084344,0.005000510547602015,True,0.0,0.50625,True,0.00047619047619074095,0.005,True,0.8095238095238095,1.5034247206755411,1.2051575601363582,0.9176596827034635,0.7907989621901155,consistent-but-unverified:all N bidders,consistent-but-unverified:successful S bidders,unknown,unknown
emission-spot-primary-market-auction-report-2023-data.xlsx,Primary Market Auction,114,2023-07-11,2023-07-11 00:00:00,2023-07-11 11:00:25.969000,Auction 4. Period CAP3 EU,T3PA,successful,EU,2658000.0,5353500.0,91.0,35.0,3.64,58830.0,214140.0,304676.0,147667.0,168056.0,2.01,25.0,18.0,True,,True,0.0,0.52,True,0.3333333333430346,0.5277777777777778,True,41347.0,0.52,False,-0.004108352144469585,0.005000566988098387,True,0.3296703296728083,0.5054945054945055,True,0.0,0.005,True,0.72,1.4227888297375548,1.1380741804194572,0.8849192856375346,0.7599055081746957,consistent-but-unverified:all N bidders,consistent-but-unverified:successful S bidders,unknown,unknown
emission-spot-primary-market-auction-report-2023-data.xlsx,Primary Market Auction,115,2023-07-10,2023-07-10 00:00:00,2023-07-10 11:00:38.009000,Auction 4. Period CAP3 EU,T3PA,successful,EU,2658000.0,5041500.0,78.0,20.0,3.71,64635.0,240071.0,340684.0,204462.0,224090.0,1.9,21.0,13.0,True,,True,-0.42857142857974395,0.5238095238095238,True,0.46153846153174527,0.5384615384615384,True,77890.57142857143,0.5238095238095238,False,0.0032731376975168036,0.005000544907302314,True,0.3846153846170637,0.5064102564102564,True,-0.004285714285714448,0.005,True,0.6190476190476191,1.4190968505150559,1.095998278408702,0.883394268244792,0.7400299450885642,consistent-but-unverified:all N bidders,consistent-but-unverified:successful S bidders,unknown,unknown
emission-spot-primary-market-auction-report-2023-data.xlsx,Primary Market Auction,116,2023-07-07,2023-07-07 00:00:00,2023-07-07 11:00:50.564000,Auction 4. Period DE,T3PA,successful,DE,1939500.0,4313500.0,88.0,21.0,4.19,49017.0,205405.0,316495.0,161625.0,153086.0,2.22,21.0,12.0,True,,True,0.23809523810632527,0.5238095238095238,True,0.0,0.5416666666666666,True,69267.85714285714,0.5238095238095238,False,-0.004026811033771338,0.00500083114910657,True,-0.045454545455868356,0.5056818181818182,True,-0.00047619047619029686,0.005,True,0.5714285714285714,1.5408339621722937,0.9471678267594741,0.9324923587053278,0.6663759202918379,consistent-but-unverified:all N bidders,consistent-but-unverified:successful S bidders,unknown,unknown
emission-spot-primary-market-auction-report-2023-data.xlsx,Primary Market Auction,117,2023-07-06,2023-07-06 00:00:00,2023-07-06 11:00:33.836000,Auction 4. Period CAP3 EU,T3PA,successful,EU,2658000.0,4660500.0,79.0,34.0,4.16,58994.0,245289.0,342353.0,177200.0,203700.0,1.75,19.0,15.0,True,,True,-0.4736842105339747,0.5263157894736842,True,0.0,0.5333333333333333,True,37305.26315789475,0.5263157894736842,False,-0.003386004514672747,0.005000517943253263,True,0.32911392405367224,0.5063291139240507,True,0.002105263157894832,0.005,True,0.7894736842105263,1.3957128122337326,1.149548532731377,0.8736808117310836,0.7652578353135778,consistent-but-unverified:all N bidders,consistent-but-unverified:successful S bidders,unknown,unknown
emission-spot-primary-market-auction-report-2023-data.xlsx,Primary Market Auction,118,2023-07-05,2023-07-05 00:00:00,2023-07-05 11:00:17.439000,Auction 4. Period CAP3 PL,T3PA,successful,PL,2676000.0,5310000.0,94.0,19.0,5.22,56489.0,295000.0,409426.0,243273.0,274635.0,1.98,18.0,11.0,True,,True,0.0,0.5277777777777778,True,0.27272727273521014,0.5454545454545454,True,94606.33333333334,0.5277777777777778,False,-0.0043049327354260924,0.005000557605624719,True,-0.3617021276586456,0.5053191489361702,True,-0.0022222222222225696,0.005,True,0.6111111111111112,1.387884745762712,1.1289168958330764,0.8704079304471529,0.7556133507826787,consistent-but-unverified:all N bidders,consistent-but-unverified:successful S bidders,unknown,unknown
emission-spot-primary-market-auction-report-2023-data.xlsx,Primary Market Auction,119,2023-07-04,2023-07-04 00:00:00,2023-07-04 11:00:39.346000,Auction 4. Period CAP3 EU,T3PA,successful,EU,2658000.0,4973500.0,88.0,29.0,4.4,56517.0,248675.0,328020.0,156353.0,168478.0,1.87,20.0,17.0,True,,True,0.0,0.525,True,0.058823529398068786,0.5294117647058824,True,23453.0,0.525,False,-0.0011437170805115304,0.005000540094821118,True,-0.045454545455868356,0.5056818181818182,True,0.0,0.005,True,0.85,1.3190710767065448,1.07754887977845,0.8411667075262305,0.7311887756432223,consistent-but-unverified:all N bidders,consistent-but-unverified:successful S bidders,unknown,unknown
emission-spot-primary-market-auction-report-2023-data.xlsx,Primary Market Auction,120,2023-07-03,2023-07-03 00:00:00,2023-07-03 11:00:34.732000,Auction 4. Period CAP3 EU,T3PA,successful,EU,2658000.0,5230000.0,97.0,25.0,4.22,53918.0,227391.0,325038.0,177200.0,190376.0,1.97,23.0,15.0,True,,True,-0.3043478260806296,0.5217391304347826,True,0.0,0.5333333333333333,True,61634.78260869565,0.5217391304347826,False,0.0023551542513167156,0.005000558247783274,True,0.4742268041227362,0.5051546391752577,True,0.002608695652173587,0.005,True,0.6521739130434783,1.4294233281000568,1.0743566591422122,0.8876539156500721,0.7296510618222642,consistent-but-unverified:all N bidders,consistent-but-unverified:successful S bidders,unknown,unknown
emission-spot-primary-market-auction-report-2023-data.xlsx,Primary Market Auction,121,2023-06-30,2023-06-30 00:00:00,2023-06-30 11:01:10.770000,Auction 4. Period DE,T3PA,successful,DE,1939500.0,3617000.0,65.0,42.0,3.42,55646.0,190368.0,315958.0,114088.0,117614.0,1.86,19.0,17.0,True,,True,-0.42105263157282025,0.5263157894736842,True,-0.2352941176504828,0.5294117647058824,True,12009.052631578947,0.5263157894736842,False,-0.004913637535447268,0.0050007385702805635,True,-0.1538461538439151,0.5076923076923077,True,-0.001052631578947416,0.005,True,0.8947368421052632,1.6597222222222223,1.0309059673234695,0.9782216896046454,0.7084819828181426,consistent-but-unverified:all N bidders,consistent-but-unverified:successful S bidders,unknown,unknown
emission-spot-primary-market-auction-report-2023-data.xlsx,Primary Market Auction,122,2023-06-29,2023-06-29 00:00:00,2023-06-29 11:00:35.940000,Auction 4. Period CAP3 EU,T3PA,successful,EU,2409000.0,5100500.0,87.0,20.0,3.95,58626.0,231841.0,355501.0,185308.0,283829.0,2.12,22.0,13.0,True,,True,0.09090909091173671,0.5227272727272727,True,0.3076923076878302,0.5384615384615384,True,75808.0,0.5227272727272727,False,0.0027314238273143943,0.005000647004777008,True,-0.4367816091980785,0.5057471264367817,True,-0.004545454545454408,0.005,True,0.5909090909090909,1.5333827925172856,1.531660802555745,0.9295554817956838,0.9288755310724324,consistent-but-unverified:all N bidders,consistent-but-unverified:successful S bidders,unknown,unknown
emission-spot-primary-market-auction-report-2023-data.xlsx,Primary Market Auction,123,2023-06-27,2023-06-27 00:00:00,2023-06-27 11:00:19.611000,Auction 4. Period CAP3 EU,T3PA,successful,EU,2410000.0,4791500.0,83.0,23.0,3.95,57729.0,228167.0,346661.0,172143.0,243438.0,1.99,21.0,14.0,True,,True,0.3333333333430346,0.5238095238095238,True,0.14285714286961593,0.5357142857142857,True,57381.09523809524,0.5238095238095238,False,0.0018257261410787873,0.005000619953254428,True,0.08433734939899296,0.5060240963855421,True,-0.0023809523809523725,0.005,True,0.6666666666666666,1.5193301397660486,1.4141614820236663,0.9239930486344288,0.8813520143997893,consistent-but-unverified:all N bidders,consistent-but-unverified:successful S bidders,unknown,unknown
emission-spot-primary-market-auction-report-2023-data.xlsx,Primary Market Auction,124,2023-06-26,2023-06-26 00:00:00,2023-06-26 11:00:21.991000,Auction 4. Period CAP3 EU,T3PA,successful,EU,2409000.0,4358500.0,71.0,37.0,3.74,61387.0,229395.0,342876.0,172071.0,197752.0,1.81,19.0,14.0,True,,True,0.26315789474756457,0.5263157894736842,True,-0.42857142857974395,0.5357142857142857,True,45281.52631578948,0.5263157894736842,False,0.0007430469074305446,0.005000583075410671,True,-0.32394366196967894,0.5070422535211268,True,0.0031578947368422483,0.005,True,0.7368421052631579,1.4946969201595501,1.1492465319548326,0.9141672469388586,0.7651173304639645,consistent-but-unverified:all N bidders,consistent-but-unverified:successful S bidders,unknown,unknown
emission-spot-primary-market-auction-report-2023-data.xlsx,Primary Market Auction,125,2023-06-23,2023-06-23 00:00:00,2023-06-23 11:00:53.585000,Auction 4. Period DE,T3PA,successful,DE,1939500.0,4403500.0,76.0,10.0,3.62,57941.0,209690.0,355346.0,277071.0,323516.0,2.27,21.0,7.0,True,,True,-0.4761904761835467,0.5238095238095238,True,-0.42857142857974395,0.5714285714285714,True,184713.85714285716,0.5238095238095238,False,-0.000430523330755328,0.0050008431119125145,True,0.21052631578641012,0.506578947368421,True,0.0009523809523810378,0.005,True,0.3333333333333333,1.694625399399113,1.1676285139909988,0.991259196332116,0.7736337192602257,consistent-but-unverified:all N bidders,consistent-but-unverified:successful S bidders,unknown,unknown
emission-spot-primary-market-auction-report-2023-data.xlsx,Primary Market Auction,126,2023-06-22,2023-06-22 00:00:00,2023-06-22 11:00:33.765000,Auction 4. Period CAP3 EU,T3PA,successful,EU,2409000.0,4468000.0,81.0,37.0,4.26,55160.0,235158.0,336263.0,133833.0,185444.0,1.85,19.0,18.0,True,,True,0.10526315789320506,0.5263157894736842,True,-0.3333333333430346,0.5277777777777778,True,7043.526315789481,0.5263157894736842,False,-0.004711498547114834,0.005000592509730906,True,-0.49382716049149167,0.5061728395061729,True,-0.0031578947368426924,0.005,True,0.9473684210526315,1.429944973166977,1.385637324127831,0.8878686123088078,0.8694663104994365,consistent-but-unverified:all N bidders,consistent-but-unverified:successful S bidders,unknown,unknown
emission-spot-primary-market-auction-report-2023-data.xlsx,Primary Market Auction,127,2023-06-21,2023-06-21 00:00:00,2023-06-21 11:00:23.614000,Auction 4. Period CAP3 PL,T3PA,successful,PL,2676000.0,4250000.0,76.0,58.0,4.47,55921.0,250000.0,373535.0,157412.0,236311.0,1.59,17.0,17.0,True,,True,0.0,0.5294117647058824,True,0.2352941176504828,0.5294117647058824,True,0.2352941176504828,0.5294117647058824,True,0.00180866965620341,0.005000483593353343,True,-0.05263157894660253,0.506578947368421,True,-0.0005882352941180002,0.005,True,1.0,1.49414,1.501226081874317,0.9139439804056861,0.9167810444010468,consistent-but-unverified:all N bidders,consistent-but-unverified:successful S bidders,unknown,unknown
emission-spot-primary-market-auction-report-2023-data.xlsx,Primary Market Auction,128,2023-06-20,2023-06-20 00:00:00,2023-06-20 11:00:59.407000,Auction 4. Period CAP3 EU,T3PA,successful,EU,2409000.0,5021500.0,86.0,20.0,3.74,58390.0,218326.0,339036.0,200750.0,262333.0,2.08,23.0,12.0,True,,True,-0.08695652172900736,0.5217391304347826,True,0.0,0.5416666666666666,True,96010.86956521739,0.5217391304347826,False,-0.004474885844748755,0.005000640198281131,True,0.4651162790687522,0.5058139534883721,True,0.0008695652173913437,0.005,True,0.5217391304347826,1.5528887993184504,1.3067646326276463,0.9372255804436802,0.8358459508519421,consistent-but-unverified:all N bidders,consistent-but-unverified:successful S bidders,unknown,unknown
emission-spot-primary-market-auction-report-2023-data.xlsx,Primary Market Auction,129,2023-06-19,2023-06-19 00:00:00,2023-06-19 11:00:34.704000,Auction 4. Period CAP3 EU,T3PA,successful,EU,2409000.0,4839000.0,96.0,35.0,4.36,50406.0,219955.0,336675.0,200750.0,252756.0,2.01,22.0,12.0,True,,True,0.45454545455868356,0.5227272727272727,True,0.0,0.5416666666666666,True,91250.0,0.5227272727272727,False,0.0012826899128266511,0.005000624474414074,True,-0.25,0.5052083333333334,True,-0.0036363636363629936,0.005,True,0.5454545454545454,1.530653997408561,1.2590585305105852,0.9284777663342672,0.8149481470707878,consistent-but-unverified:all N bidders,consistent-but-unverified:successful S bidders,unknown,unknown
emission-spot-primary-market-auction-report-2023-data.xlsx,Primary Market Auction,130,2023-06-16,2023-06-16 00:00:00,2023-06-16 11:00:46.529000,Auction 4. Period DE,T3PA,successful,DE,1939500.0,3927500.0,78.0,29.0,4.33,50353.0,218194.0,337021.0,138536.0,171655.0,2.03,18.0,14.0,True,,True,-0.4444444444379769,0.5277777777777778,True,0.285714285710128,0.5357142857142857,True,30786.0,0.5277777777777778,False,0.004993555039958686,0.005000779841961073,True,0.4358974358983687,0.5064102564102564,True,-0.0033333333333329662,0.005,True,0.7777777777777778,1.544593343538319,1.2390642143558352,0.9339708508063234,0.806058017132036,consistent-but-unverified:all N bidders,consistent-but-unverified:successful S bidders,unknown,unknown
emission-spot-primary-market-auction-report-2023-data.xlsx,Primary Market Auction,131,2023-06-15,2023-06-15 00:00:00,2023-06-15 11:00:32.804000,Auction 4. Period CAP3 EU,T3PA,successful,EU,2409000.0,4894000.0,85.0,21.0,4.25,57576.0,244700.0,346863.0,185308.0,223106.0,2.03,20.0,13.0,True,,True,0.0,0.525,True,0.3076923076878302,0.5384615384615384,True,64858.0,0.525,False,-0.0015483603154837766,0.005000629213113735,True,-0.47058823529368965,0.5058823529411764,True,0.0,0.005,True,0.65,1.4175030649775235,1.2039739244932761,0.8827352161738875,0.7902620602285199,consistent-but-unverified:all N bidders,consistent-but-unverified:successful S bidders,unknown,unknown
emission-spot-primary-market-auction-report-2023-data.xlsx,Primary Market Auction,132,2023-06-13,2023-06-13 00:00:00,2023-06-13 11:00:36.424000,Auction 4. Period CAP3 EU,T3PA,successful,EU,2409000.0,4947000.0,73.0,15.0,4.29,67767.0,291000.0,433085.0,240900.0,354348.0,2.05,17.0,10.0,True,,True,0.0,0.5294117647058824,True,0.0,0.55,True,99194.11764705883,0.5294117647058824,False,-0.003549190535492297,0.005000633779497045,True,-0.12328767123108264,0.5068493150684932,True,-0.004117647058823337,0.005,True,0.5882352941176471,1.4882646048109966,1.47093399750934,0.9115855216379112,0.9045962158077006,consistent-but-unverified:all N bidders,consistent-but-unverified:successful S bidders,unknown,unknown
emission-spot-primary-market-auction-report-2023-data.xlsx,Primary Market Auction,133,2023-06-12,2023-06-12 00:00:00,2023-06-12 11:00:37.429000,Auction 4. Period CAP3 EU,T3PA,successful,EU,2409000.0,4874500.0,78.0,23.0,4.11,62494.0,256553.0,432557.0,150563.0,337627.0,2.02,19.0,16.0,True,,True,0.36842105264076963,0.5263157894736842,True,0.5,0.53125,True,23773.52631578948,0.5263157894736842,False,-0.0034537152345373023,0.00500062753302931,True,0.4102564102577162,0.5064102564102564,True,0.00473684210526315,0.005,True,0.8421052631578947,1.6860336850475341,2.2424300791030998,0.9880656389931955,1.1763230730910235,consistent-but-unverified:all N bidders,consistent-but-unverified:successful S bidders,unknown,unknown
emission-spot-primary-market-auction-report-2023-data.xlsx,Primary Market Auction,134,2023-06-09,2023-06-09 00:00:00,2023-06-09 11:00:26.712000,Auction 4. Period DE,T3PA,successful,DE,1939500.0,4144500.0,81.0,20.0,3.68,51167.0,188386.0,337838.0,176318.0,263160.0,2.14,22.0,11.0,True,,True,-0.36363636364694685,0.5227272727272727,True,-0.18181818182347342,0.5454545454545454,True,88158.90909090909,0.5227272727272727,False,0.0031090487238980558,0.005000808685615406,True,0.33333333333575865,0.5061728395061729,True,-0.0018181818181814968,0.005,True,0.5,1.793328591296593,1.4925305414081376,1.027233928197923,0.9132984761020098,consistent-but-unverified:all N bidders,consistent-but-unverified:successful S bidders,unknown,unknown
emission-spot-primary-market-auction-report-2023-data.xlsx,Primary Market Auction,135,2023-06-08,2023-06-08 00:00:00,2023-06-08 11:00:33.357000,Auction 4. Period CAP3 EU,T3PA,successful,EU,2409000.0,4342500.0,79.0,42.0,3.95,54968.0,217125.0,319095.0,141706.0,157898.0,1.8,20.0,17.0,True,,True,0.0,0.525,True,0.1176470588252414,0.5294117647058824,True,21256.0,0.525,False,-0.002615193026151985,0.005000581696879861,True,-0.35443037974619074,0.5063291139240507,True,0.0,0.005,True,0.85,1.4696373056994818,1.1142647453177705,0.9040713000600866,0.7487071139104663,consistent-but-unverified:all N bidders,consistent-but-unverified:successful S bidders,unknown,unknown
emission-spot-primary-market-auction-report-2023-data.xlsx,Primary Market Auction,136,2023-06-07,2023-06-07 00:00:00,2023-06-07 11:00:45.258000,Auction 4. Period CAP3 PL,T3PA,successful,PL,2676000.0,4992500.0,90.0,56.0,4.09,55472.0,226932.0,366751.0,140842.0,257920.0,1.87,22.0,19.0,True,,True,0.18181818182347342,0.5227272727272727,True,-0.10526315789320506,0.5263157894736842,True,19205.636363636368,0.5227272727272727,False,0.004342301943198956,0.005000535436854755,True,-0.22222222221898846,0.5055555555555555,True,-0.0009090909090909705,0.005,True,0.8636363636363636,1.6161272980452295,1.8312719217278937,0.9616950937433023,1.040726052992881,consistent-but-unverified:all N bidders,consistent-but-unverified:successful S bidders,unknown,unknown
emission-spot-primary-market-auction-report-2023-data.xlsx,Primary Market Auction,137,2023-06-06,2023-06-06 00:00:00,2023-06-06 11:02:15.214000,Auction 4. Period CAP3 EU,T3PA,successful,EU,2409000.0,4098000.0,84.0,48.0,4.0,48786.0,195143.0,312358.0,150563.0,150974.0,1.7,21.0,16.0,True,,True,0.14285714286961593,0.5238095238095238,True,0.5,0.53125,True,35848.71428571429,0.5238095238095238,False,-0.0011207970112079302,0.005000560631205913,True,0.285714285717404,0.5059523809523809,True,0.0,0.005,True,0.7619047619047619,1.6006620785782735,1.002729754322111,0.955766058217775,0.6945111271228402,consistent-but-unverified:all N bidders,consistent-but-unverified:successful S bidders,unknown,unknown
emission-spot-primary-market-auction-report-2023-data.xlsx,Primary Market Auction,138,2023-06-05,2023-06-05 00:00:00,2023-06-05 11:00:17.876000,Auction 4. Period CAP3 EU,T3PA,successful,EU,2409000.0,4760000.0,90.0,22.0,4.5,52889.0,238000.0,353221.0,172071.0,201467.0,1.98,20.0,14.0,True,,True,0.0,0.525,True,-0.42857142857974395,0.5357142857142857,True,51621.0,0.525,False,0.004076380240763733,0.005000617667918197,True,0.11111111110949423,0.5055555555555555,True,0.0,0.005,True,0.7,1.4841218487394958,1.1708364570438947,0.9099192163059521,0.7751125573557045,consistent-but-unverified:all N bidders,consistent-but-unverified:successful S bidders,unknown,unknown
emission-spot-primary-market-auction-report-2023-data.xlsx,Primary Market Auction,139,2023-06-02,2023-06-02 00:00:00,2023-06-02 11:00:24.803000,Auction 4. Period DE,T3PA,successful,DE,1939500.0,4460000.0,80.0,13.0,3.48,55750.0,193913.0,345805.0,193950.0,271283.0,2.3,23.0,10.0,True,,True,-0.04347826086450368,0.5217391304347826,True,0.0,0.55,True,109623.91304347826,0.5217391304347826,False,0.00043825728280477705,0.0050008506218962466,True,0.0,0.50625,True,0.0017391304347826875,0.005,True,0.43478260869565216,1.7832997271972482,1.3987264758958495,1.0236371760608935,0.8749379614739051,consistent-but-unverified:all N bidders,consistent-but-unverified:successful S bidders,unknown,unknown
emission-spot-primary-market-auction-report-2023-data.xlsx,Primary Market Auction,140,2023-06-01,2023-06-01 00:00:00,2023-06-01 11:00:28.006000,Auction 4. Period CAP3 EU,T3PA,successful,EU,2409000.0,5249500.0,105.0,15.0,4.77,49995.0,238614.0,332563.0,240900.0,223228.0,2.18,22.0,10.0,True,,True,0.36363636364694685,0.5227272727272727,True,0.0,0.55,True,131400.0,0.5227272727272727,False,0.0008800332088005902,0.005000659842345181,True,-0.23809523809177335,0.5047619047619047,True,-0.0027272727272729114,0.005,True,0.45454545454545453,1.393727945552231,0.9266417600664176,0.8728519605580494,0.6557784666314508,consistent-but-unverified:all N bidders,consistent-but-unverified:successful S bidders,unknown,unknown
emission-spot-primary-market-auction-report-2023-data.xlsx,Primary Market Auction,141,2023-05-30,2023-05-30 00:00:00,2023-05-30 11:00:48.628000,Auction 4. Period CAP3 EU,T3PA,successful,EU,2409000.0,4781500.0,101.0,29.0,4.81,47342.0,227690.0,374612.0,160600.0,255409.0,1.98,21.0,15.0,True,,True,-0.4761904761835467,0.5238095238095238,True,0.0,0.5333333333333333,True,45885.71428571429,0.5238095238095238,False,-0.00484848484848488,0.005000619520318974,True,0.41584158415935235,0.504950495049505,True,0.00047619047619029686,0.005,True,0.7142857142857143,1.645272080460275,1.5903424657534246,0.9727739259784388,0.9517900931299617,consistent-but-unverified:all N bidders,consistent-but-unverified:successful S bidders,unknown,unknown
emission-spot-primary-market-auction-report-2023-data.xlsx,Primary Market Auction,142,2023-05-26,2023-05-26 00:00:00,2023-05-26 11:00:50.560000,Auction 4. Period DE,T3PA,successful,DE,1939500.0,4559500.0,87.0,21.0,3.95,52408.0,207250.0,336939.0,129300.0,213116.0,2.35,22.0,15.0,True,,True,0.0,0.5227272727272727,True,0.0,0.5333333333333333,True,41140.90909090909,0.5227272727272727,False,-0.000863624645527139,0.0050008638474428185,True,-0.04597701149759814,0.5057471264367817,True,-0.004545454545454408,0.005,True,0.6818181818181818,1.6257611580217128,1.6482289249806652,0.9653708189725253,0.9738910863699736,consistent-but-unverified:all N bidders,consistent-but-unverified:successful S bidders,unknown,unknown
emission-spot-primary-market-auction-report-2023-data.xlsx,Primary Market Auction,143,2023-05-25,2023-05-25 00:00:00,2023-05-25 11:00:36.996000,Auction 4. Period CAP3 EU,T3PA,successful,EU,2409000.0,4618500.0,92.0,51.0,4.38,50201.0,219929.0,367524.0,150563.0,256743.0,1.92,21.0,16.0,True,,True,0.42857142857974395,0.5238095238095238,True,0.5,0.53125,True,35848.71428571429,0.5238095238095238,False,0.002814445828144496,0.005000605476536342,True,-0.08695652173628332,0.5054347826086957,True,-0.0009523809523814819,0.005,True,0.7619047619047619,1.671102946860123,1.705219741902061,0.9824914758261624,0.995183144452651,consistent-but-unverified:all N bidders,consistent-but-unverified:successful S bidders,unknown,unknown
emission-spot-primary-market-auction-report-2023-data.xlsx,Primary Market Auction,144,2023-05-24,2023-05-24 00:00:00,2023-05-24 11:00:37.941000,Auction 4. Period CAP3 PL,T3PA,successful,PL,2676000.0,4439500.0,102.0,63.0,5.67,43525.0,246639.0,409754.0,148667.0,292323.0,1.66,18.0,18.0,True,,True,0.11111111112404615,0.5277777777777778,True,0.3333333333430346,0.5277777777777778,True,0.3333333333430346,0.5277777777777778,True,0.0009940209267562672,0.005000496824792424,True,0.4901960784336552,0.5049019607843137,True,0.0033333333333329662,0.005,True,1.0,1.6613512056081965,1.9662937975475392,0.978833965852646,1.0873132939508792,consistent-but-unverified:all N bidders,consistent-but-unverified:successful S bidders,unknown,unknown
emission-spot-primary-market-auction-report-2023-data.xlsx,Primary Market Auction,145,2023-05-23,2023-05-23 00:00:00,2023-05-23 11:00:22.820000,Auction 4. Period CAP3 EU,T3PA,successful,EU,2409000.0,4486000.0,83.0,46.0,4.15,54048.0,224300.0,344409.0,150563.0,212010.0,1.86,20.0,16.0,True,,True,0.0,0.525,True,0.5,0.53125,True,30113.0,0.525,False,-0.002183478621834656,0.0050005940605780674,True,-0.19277108433743706,0.5060240963855421,True,0.0,0.005,True,0.8,1.5354837271511368,1.408114875500621,0.9303844382284512,0.8788442320813735,consistent-but-unverified:all N bidders,consistent-but-unverified:successful S bidders,unknown,unknown
emission-spot-primary-market-auction-report-2023-data.xlsx,Primary Market Auction,146,2023-05-22,2023-05-22 00:00:00,2023-05-22 11:01:00.687000,Auction 4. Period CAP3 EU,T3PA,successful,EU,2409000.0,5437500.0,79.0,25.0,3.59,68829.0,247159.0,313868.0,160600.0,148723.0,2.26,22.0,15.0,True,,True,-0.09090909091173671,0.5227272727272727,True,0.0,0.5333333333333333,True,51100.0,0.5227272727272727,False,0.0028393524283933935,0.005000676040082204,True,-0.11392405063088518,0.5063291139240507,True,-0.0009090909090909705,0.005,True,0.6818181818181818,1.2699031797345028,0.9260460772104607,0.8197371784843467,0.6554692368750507,consistent-but-unverified:all N bidders,consistent-but-unverified:successful S bidders,unknown,unknown
emission-spot-primary-market-auction-report-2023-data.xlsx,Primary Market Auction,148,2023-05-16,2023-05-16 00:00:00,2023-05-16 11:00:29.521000,Auction 4. Period CAP3 EU,T3PA,successful,EU,2409000.0,4385000.0,96.0,40.0,4.8,45677.0,219250.0,371398.0,160600.0,250327.0,1.82,20.0,15.0,True,,True,0.0,0.525,True,0.0,0.5333333333333333,True,40150.0,0.525,False,-0.0002573682025737156,0.005000585358602327,True,-0.08333333333575865,0.5052083333333334,True,0.0,0.005,True,0.75,1.6939475484606614,1.5586986301369863,0.9910076080364444,0.9394987816362834,consistent-but-unverified:all N bidders,consistent-but-unverified:successful S bidders,unknown,unknown
emission-spot-primary-market-auction-report-2023-data.xlsx,Primary Market Auction,149,2023-05-15,2023-05-15 00:00:00,2023-05-15 11:00:25.605000,Auction 4. Period CAP3 EU,T3PA,successful,EU,2409000.0,4187000.0,91.0,56.0,4.79,46011.0,220368.0,398772.0,141706.0,288898.0,1.74,19.0,17.0,True,,True,-0.42105263157282025,0.5263157894736842,True,0.1176470588252414,0.5294117647058824,True,14916.52631578948,0.5263157894736842,False,0.001934412619344128,0.005000568299283546,True,0.010989010988851078,0.5054945054945055,True,0.000526315789473486,0.005,True,0.8947368421052632,1.8095730777608363,2.038713957066038,1.033032542180702,1.1114343854724764,consistent-but-unverified:all N bidders,consistent-but-unverified:successful S bidders,unknown,unknown
emission-spot-primary-market-auction-report-2023-data.xlsx,Primary Market Auction,150,2023-05-12,2023-05-12 00:00:00,2023-05-12 11:00:31.795000,Auction 4. Period DE,T3PA,successful,DE,1939500.0,5235000.0,108.0,30.0,4.91,48472.0,237955.0,351704.0,193950.0,238476.0,2.7,22.0,10.0,True,,True,0.45454545455868356,0.5227272727272727,True,0.0,0.55,True,105790.90909090909,0.5227272727272727,False,0.000850734725444724,0.005000953634947437,True,-0.22222222221898846,0.5046296296296297,True,0.0009090909090909705,0.005,True,0.45454545454545453,1.4780273581139292,1.2295746326372776,0.9074628235471073,0.8018108195810838,consistent-but-unverified:all N bidders,consistent-but-unverified:successful S bidders,unknown,unknown
emission-spot-primary-market-auction-report-2023-data.xlsx,Primary Market Auction,151,2023-05-11,2023-05-11 00:00:00,2023-05-11 11:00:46.629000,Auction 4. Period CAP3 EU,T3PA,successful,EU,2409000.0,4453000.0,81.0,40.0,4.26,54975.0,234368.0,345190.0,160600.0,203319.0,1.85,19.0,15.0,True,,True,-0.42105263157282025,0.5263157894736842,True,0.0,0.5333333333333333,True,33810.52631578948,0.5263157894736842,False,0.0015151515151516914,0.005000591217358271,True,-0.3086419753090013,0.5061728395061729,True,-0.0031578947368426924,0.005,True,0.7894736842105263,1.4728546559257236,1.2659962640099627,0.9053732144407949,0.8180145138886402,consistent-but-unverified:all N bidders,consistent-but-unverified:successful S bidders,unknown,unknown
emission-spot-primary-market-auction-report-2023-data.xlsx,Primary Market Auction,152,2023-05-10,2023-05-10 00:00:00,2023-05-10 11:01:32.245000,Auction 4. Period CAP3 PL,T3PA,successful,PL,2676000.0,6129500.0,88.0,22.0,3.83,69653.0,266500.0,353369.0,191143.0,264778.0,2.29,23.0,14.0,True,,True,0.0,0.5217391304347826,True,0.14285714286961593,0.5357142857142857,True,74795.17391304347,0.5217391304347826,False,-0.0005455904334827899,0.00500061482548924,True,-0.4090909090882633,0.5056818181818182,True,0.003913043478260825,0.005,True,0.6086956521739131,1.3259624765478424,1.3852351380903303,0.8441339217857123,0.8692977098748595,consistent-but-unverified:all N bidders,consistent-but-unverified:successful S bidders,unknown,unknown
emission-spot-primary-market-auction-report-2023-data.xlsx,Primary Market Auction,153,2023-05-09,2023-05-09 00:00:00,2023-05-09 11:00:34.891000,Auction 4. Period CAP3 EU,T3PA,successful,EU,2409000.0,4904500.0,102.0,24.0,5.1,48083.0,245225.0,377121.0,200750.0,258231.0,2.04,20.0,12.0,True,,True,0.0,0.525,True,0.0,0.5416666666666666,True,80300.0,0.525,False,0.004092984640929664,0.00500063011777458,True,-0.33333333333575865,0.5049019607843137,True,0.0,0.005,True,0.6,1.5378570700377205,1.2863312577833126,0.9313200517244059,0.8269484620413929,consistent-but-unverified:all N bidders,consistent-but-unverified:successful S bidders,unknown,unknown
emission-spot-primary-market-auction-report-2023-data.xlsx,Primary Market Auction,154,2023-05-08,2023-05-08 00:00:00,2023-05-08 11:00:45.737000,Auction 4. Period CAP3 EU,T3PA,successful,EU,2409000.0,5284500.0,87.0,20.0,4.83,60741.0,293583.0,483458.0,240900.0,460829.0,2.19,18.0,10.0,True,,True,-0.3333333333139308,0.5277777777777778,True,0.0,0.55,True,107066.66666666666,0.5277777777777778,False,-0.0036488169364883305,0.005000662857881329,True,-0.37931034482608084,0.5057471264367817,True,-0.0033333333333329662,0.005,True,0.5555555555555556,1.6467506633558482,1.9129472810294728,0.9733327228716591,1.0691653799863663,consistent-but-unverified:all N bidders,consistent-but-unverified:successful S bidders,unknown,unknown
emission-spot-primary-market-auction-report-2023-data.xlsx,Primary Market Auction,155,2023-05-05,2023-05-05 00:00:00,2023-05-05 11:00:38.809000,Auction 4. Period DE,T3PA,successful,DE,1939500.0,4584500.0,86.0,20.0,4.78,53308.0,254694.0,443546.0,161625.0,358699.0,2.36,18.0,12.0,True,,True,-0.4444444444379769,0.5277777777777778,True,0.0,0.5416666666666666,True,53875.0,0.5277777777777778,False,-0.0037535447280228063,0.00500086717044447,True,-0.13953488371771527,0.5058139534883721,True,0.0022222222222225696,0.005,True,0.6666666666666666,1.7414858614651307,2.2193286929621037,1.0085000586227442,1.169172857374696,consistent-but-unverified:all N bidders,consistent-but-unverified:successful S bidders,unknown,unknown
emission-spot-primary-market-auction-report-2023-data.xlsx,Primary Market Auction,156,2023-05-04,2023-05-04 00:00:00,2023-05-04 11:00:48.085000,Auction 4. Period CAP3 EU,T3PA,successful,EU,2409000.0,5974500.0,104.0,17.0,4.73,57447.0,271568.0,326119.0,267667.0,196450.0,2.48,22.0,9.0,True,,True,-0.18181818182347342,0.5227272727272727,True,0.3333333333139308,0.5555555555555556,True,158167.0,0.5227272727272727,False,-7.471980074713613e-05,0.0050007223070225315,True,-0.11538461538293632,0.5048076923076923,True,0.0027272727272729114,0.005,True,0.4090909090909091,1.200874182525187,0.7339343288489055,0.7888546371326703,0.5503930050050078,consistent-but-unverified:all N bidders,consistent-but-unverified:successful S bidders,unknown,unknown
emission-spot-primary-market-auction-report-2023-data.xlsx,Primary Market Auction,157,2023-05-02,2023-05-02 00:00:00,2023-05-02 11:00:23.936000,Auction 4. Period CAP3 EU,T3PA,successful,EU,2409000.0,4539000.0,68.0,32.0,3.78,66750.0,252167.0,420125.0,160600.0,310989.0,1.88,18.0,15.0,True,,True,0.3333333333430346,0.5277777777777778,True,0.0,0.5333333333333333,True,26766.666666666657,0.5277777777777778,False,-0.004184308841843176,0.005000598626961377,True,0.0,0.5073529411764706,True,0.0022222222222221255,0.005,True,0.8333333333333334,1.6660586040203516,1.9364196762141968,0.9806012035180488,1.0771910420269568,consistent-but-unverified:all N bidders,consistent-but-unverified:successful S bidders,unknown,unknown
emission-spot-primary-market-auction-report-2023-data.xlsx,Primary Market Auction,158,2023-04-28,2023-04-28 00:00:00,2023-04-28 11:00:17.732000,Auction 4. Period DE,T3PA,successful,DE,1939500.0,4195000.0,97.0,44.0,4.41,43247.0,190682.0,314986.0,107750.0,141129.0,2.16,22.0,18.0,True,,True,0.18181818182347342,0.5227272727272727,True,0.0,0.5277777777777778,True,19590.90909090909,0.5227272727272727,False,-0.0029285898427429125,0.005000815398078742,True,-0.42268041236820864,0.5051546391752577,True,0.0009090909090909705,0.005,True,0.8181818181818182,1.6518916310926044,1.3097819025522042,0.9752732084014442,0.8371531055968093,consistent-but-unverified:all N bidders,consistent-but-unverified:successful S bidders,unknown,unknown
emission-spot-primary-market-auction-report-2023-data.xlsx,Primary Market Auction,159,2023-04-27,2023-04-27 00:00:00,2023-04-27 11:00:40.578000,Auction 4. Period CAP3 EU,T3PA,successful,EU,2409000.0,5339500.0,99.0,34.0,5.82,53934.0,314088.0,378644.0,240900.0,298540.0,2.22,17.0,10.0,True,,True,-0.2352941176504828,0.5294117647058824,True,0.0,0.55,True,99194.11764705883,0.5294117647058824,False,0.0035201328352014727,0.00500066759658099,True,-0.3434343434346374,0.5050505050505051,True,-0.003529411764705337,0.005,True,0.5882352941176471,1.20553475459107,1.2392694063926941,0.7909699985847295,0.8061496548055008,consistent-but-unverified:all N bidders,consistent-but-unverified:successful S bidders,unknown,unknown
emission-spot-primary-market-auction-report-2023-data.xlsx,Primary Market Auction,160,2023-04-26,2023-04-26 00:00:00,2023-04-26 11:03:09.806000,Auction 4. Period CAP3 PL,T3PA,successful,PL,2676000.0,5081000.0,100.0,43.0,4.76,50810.0,241952.0,338963.0,167250.0,178263.0,1.9,21.0,16.0,True,,True,-0.38095238094683737,0.5238095238095238,True,0.0,0.53125,True,39821.428571428565,0.5238095238095238,False,0.0012705530642749263,0.005000541616181186,True,0.0,0.505,True,-0.0019047619047620756,0.005,True,0.7619047619047619,1.400951428382489,1.065847533632287,0.8758650872895897,0.7255405701195982,consistent-but-unverified:all N bidders,consistent-but-unverified:successful S bidders,unknown,unknown
emission-spot-primary-market-auction-report-2023-data.xlsx,Primary Market Auction,161,2023-04-25,2023-04-25 00:00:00,2023-04-25 11:00:33.527000,Auction 4. Period CAP3 EU,T3PA,successful,EU,2409000.0,4496000.0,107.0,65.0,5.94,42019.0,249778.0,374485.0,141706.0,236585.0,1.87,18.0,17.0,True,,True,0.22222222221898846,0.5277777777777778,True,0.1176470588252414,0.5294117647058824,True,7872.666666666657,0.5277777777777778,False,0.003665421336654262,0.005000594922159824,True,0.30841121495177504,0.5046728971962616,True,-0.004444444444444251,0.005,True,0.9444444444444444,1.4992713529614297,1.6695482195531595,0.9159992305763516,0.9819092519353155,consistent-but-unverified:all N bidders,consistent-but-unverified:successful S bidders,unknown,unknown
emission-spot-primary-market-auction-report-2023-data.xlsx,Primary Market Auction,162,2023-04-24,2023-04-24 00:00:00,2023-04-24 11:00:46.312000,Auction 4. Period CAP3 EU,T3PA,successful,EU,2409000.0,4492500.0,108.0,65.0,5.14,41597.0,213929.0,330326.0,126789.0,181848.0,1.86,21.0,19.0,True,,True,0.42857142857974395,0.5238095238095238,True,-0.4736842105194228,0.5263157894736842,True,12074.71428571429,0.5238095238095238,False,-0.004881693648816743,0.005000594620606209,True,-0.22222222221898846,0.5046296296296297,True,-0.0028571428571435575,0.005,True,0.9047619047619048,1.5440917313688187,1.4342569150320612,0.9337737027557991,0.8896415415965557,consistent-but-unverified:all N bidders,consistent-but-unverified:successful S bidders,unknown,unknown
emission-spot-primary-market-auction-report-2023-data.xlsx,Primary Market Auction,163,2023-04-21,2023-04-21 00:00:00,2023-04-21 11:00:33.418000,Auction 4. Period DE,T3PA,successful,DE,1939500.0,4217000.0,87.0,37.0,4.35,48471.0,210850.0,324322.0,121219.0,158245.0,2.17,20.0,16.0,True,,True,0.0,0.525,True,0.25,0.53125,True,24244.0,0.525,False,-0.004271719515339001,0.0050008183223201955,True,-0.26436781608936144,0.5057471264367817,True,0.0,0.005,True,0.8,1.5381645719705952,1.3054471658733366,0.9314412103619916,0.835274655843083,consistent-but-unverified:all N bidders,consistent-but-unverified:successful S bidders,unknown,unknown
emission-spot-primary-market-auction-report-2023-data.xlsx,Primary Market Auction,164,2023-04-20,2023-04-20 00:00:00,2023-04-20 11:00:42.072000,Auction 4. Period CAP3 EU,T3PA,successful,EU,2409000.0,4945000.0,105.0,46.0,5.0,47095.0,235476.0,313406.0,133833.0,136120.0,2.05,21.0,18.0,True,,True,-0.19047619047341868,0.5238095238095238,True,-0.3333333333430346,0.5277777777777778,True,19118.71428571429,0.5238095238095238,False,-0.0027189705271899456,0.005000633607180694,True,-0.23809523809177335,0.5047619047619047,True,0.0,0.005,True,0.8571428571428571,1.3309466782177377,1.0170884609924309,0.8462744847245162,0.7016551157160705,consistent-but-unverified:all N bidders,consistent-but-unverified:successful S bidders,unknown,unknown
emission-spot-primary-market-auction-report-2023-data.xlsx,Primary Market Auction,165,2023-04-18,2023-04-18 00:00:00,2023-04-18 11:00:40.236000,Auction 4. Period CAP3 EU,T3PA,successful,EU,2409000.0,4847000.0,104.0,42.0,4.95,46606.0,230810.0,318469.0,172071.0,161627.0,2.01,21.0,14.0,True,,True,0.4761904761835467,0.5238095238095238,True,-0.42857142857974395,0.5357142857142857,True,57356.71428571429,0.5238095238095238,False,-0.0020381901203823105,0.0050006251636794796,True,0.23076923076587263,0.5048076923076923,True,-0.0023809523809523725,0.005,True,0.6666666666666666,1.3797885706858455,0.9393041244602519,0.8670116478909624,0.6623292099956297,consistent-but-unverified:all N bidders,consistent-but-unverified:successful S bidders,unknown,unknown
emission-spot-primary-market-auction-report-2023-data.xlsx,Primary Market Auction,166,2023-04-17,2023-04-17 00:00:00,2023-04-17 11:00:43.290000,Auction 4. Period CAP3 EU,T3PA,successful,EU,2409000.0,5372000.0,95.0,28.0,5.28,56547.0,298444.0,393585.0,219000.0,299675.0,2.23,18.0,11.0,True,,True,-0.4444444444379769,0.5277777777777778,True,0.0,0.5454545454545454,True,85166.66666666666,0.5277777777777778,False,2.905770029038024e-05,0.0050006703967216985,True,-0.3684210526334937,0.5052631578947369,True,0.0022222222222225696,0.005,True,0.6111111111111112,1.3187901247805283,1.36837899543379,0.8410455517114467,0.8622057529627024,consistent-but-unverified:all N bidders,consistent-but-unverified:successful S bidders,unknown,unknown
emission-spot-primary-market-auction-report-2023-data.xlsx,Primary Market Auction,167,2023-04-14,2023-04-14 00:00:00,2023-04-14 11:00:43.628000,Auction 4. Period DE,T3PA,successful,DE,1939500.0,4574000.0,100.0,34.0,5.0,45740.0,228700.0,328198.0,149192.0,163614.0,2.36,20.0,13.0,True,,True,0.0,0.525,True,-0.3076923076878302,0.5384615384615384,True,52217.0,0.525,False,0.0016602217066252756,0.005000865774783776,True,0.0,0.505,True,0.0,0.005,True,0.65,1.435059029296021,1.0966673816290418,0.8899709982514066,0.7403491230437242,consistent-but-unverified:all N bidders,consistent-but-unverified:successful S bidders,unknown,unknown
emission-spot-primary-market-auction-report-2023-data.xlsx,Primary Market Auction,168,2023-04-13,2023-04-13 00:00:00,2023-04-13 11:00:52.379000,Auction 4. Period CAP3 EU,T3PA,successful,EU,2409000.0,4811000.0,103.0,54.0,4.48,46709.0,209174.0,300478.0,120450.0,145804.0,2.0,23.0,20.0,True,,True,0.08695652172900736,0.5217391304347826,True,0.0,0.525,True,15710.869565217392,0.5217391304347826,False,0.002905770029057786,0.005000622061985155,True,0.26213592232670635,0.5048543689320388,True,0.0017391304347826875,0.005,True,0.8695652173913043,1.4364978439002936,1.2104939809049398,0.8905616983842638,0.7932160113240816,consistent-but-unverified:all N bidders,consistent-but-unverified:successful S bidders,unknown,unknown
emission-spot-primary-market-auction-report-2023-data.xlsx,Primary Market Auction,169,2023-04-12,2023-04-12 00:00:00,2023-04-12 11:00:37.320000,Auction 4. Period CAP3 PL,T3PA,successful,PL,2676000.0,4696000.0,99.0,61.0,4.71,47434.0,223619.0,326761.0,140842.0,161648.0,1.75,21.0,19.0,True,,True,-0.047619047632906586,0.5238095238095238,True,-0.10526315789320506,0.5263157894736842,True,13413.428571428565,0.5238095238095238,False,-0.004857997010463411,0.005000514734365639,True,-0.3434343434346374,0.5050505050505051,True,-0.004285714285714448,0.005,True,0.9047619047619048,1.4612398767546586,1.1477258204228853,0.9006652379123216,0.7644095243759899,consistent-but-unverified:all N bidders,consistent-but-unverified:successful S bidders,unknown,unknown
emission-spot-primary-market-auction-report-2023-data.xlsx,Primary Market Auction,170,2023-04-11,2023-04-11 00:00:00,2023-04-11 11:00:25.522000,Auction 4. Period CAP3 EU,T3PA,successful,EU,2409000.0,4981000.0,95.0,34.0,5.28,52432.0,276722.0,328895.0,185308.0,157906.0,2.07,18.0,13.0,True,,True,-0.2222222222480923,0.5277777777777778,True,0.3076923076878302,0.5384615384615384,True,51474.66666666666,0.5277777777777778,False,0.002337069323370411,0.005000636708875017,True,0.4210526315800962,0.5052631578947369,True,0.0022222222222225696,0.005,True,0.7222222222222222,1.1885394005536243,0.8521272691950699,0.7832343809382604,0.616334853730634,consistent-but-unverified:all N bidders,consistent-but-unverified:successful S bidders,unknown,unknown
emission-spot-primary-market-auction-report-2023-data.xlsx,Primary Market Auction,171,2023-04-06,2023-04-06 00:00:00,2023-04-06 11:00:37.178000,Auction 4. Period CAP3 EU,T3PA,successful,EU,2409000.0,5388000.0,103.0,28.0,5.42,52311.0,283579.0,340006.0,219000.0,222477.0,2.24,19.0,11.0,True,,True,0.052631578932050616,0.5263157894736842,True,0.0,0.5454545454545454,True,92210.52631578948,0.5263157894736842,False,0.003387297633873132,0.005000671775252509,True,0.3203883495152695,0.5048543689320388,True,-0.0010526315789478602,0.005,True,0.5789473684210527,1.198981588904679,1.015876712328767,0.7879943390522082,0.7010541937402777,consistent-but-unverified:all N bidders,consistent-but-unverified:successful S bidders,unknown,unknown
emission-spot-primary-market-auction-report-2023-data.xlsx,Primary Market Auction,172,2023-04-04,2023-04-04 00:00:00,2023-04-04 11:01:00.088000,Auction 4. Period CAP3 EU,T3PA,successful,EU,2409000.0,4963500.0,96.0,29.0,4.8,51703.0,248175.0,355402.0,200750.0,250952.0,2.06,20.0,12.0,True,,True,0.0,0.525,True,0.0,0.5416666666666666,True,80300.0,0.525,False,-0.0003985056039850221,0.005000635201106943,True,-0.125,0.5052083333333334,True,0.0,0.005,True,0.6,1.4320620529868036,1.2500722291407222,0.8887394789868028,0.8109623175413967,consistent-but-unverified:all N bidders,consistent-but-unverified:successful S bidders,unknown,unknown
emission-spot-primary-market-auction-report-2023-data.xlsx,Primary Market Auction,173,2023-04-03,2023-04-03 00:00:00,2023-04-03 11:00:25.626000,Auction 4. Period CAP3 EU,T3PA,successful,EU,2409000.0,5066000.0,87.0,31.0,4.14,58230.0,241238.0,372959.0,172071.0,281330.0,2.1,21.0,14.0,True,,True,-0.09523809523670934,0.5238095238095238,True,-0.42857142857974395,0.5357142857142857,True,57356.71428571429,0.5238095238095238,False,-0.002947281029472837,0.005000644032319948,True,0.1149425287367194,0.5057471264367817,True,-0.0028571428571435575,0.005,True,0.6666666666666666,1.5460209419743158,1.6349646366906685,0.9345317255429869,0.9688697612925165,consistent-but-unverified:all N bidders,consistent-but-unverified:successful S bidders,unknown,unknown
emission-spot-primary-market-auction-report-2023-data.xlsx,Primary Market Auction,174,2023-03-31,2023-03-31 00:00:00,2023-03-31 11:00:38.905000,Auction 4. Period DE,T3PA,successful,DE,1939500.0,4510000.0,103.0,42.0,5.42,43786.0,237368.0,359338.0,129300.0,213209.0,2.33,19.0,15.0,True,,True,-0.42105263157282025,0.5263157894736842,True,0.0,0.5333333333333333,True,27221.052631578947,0.5263157894736842,False,0.004658417117814118,0.005000857267899549,True,-0.4077669902908383,0.5048543689320388,True,-0.0010526315789478602,0.005,True,0.7894736842105263,1.5138434835361128,1.6489481825212684,0.9218128502888647,0.9741626489514869,consistent-but-unverified:all N bidders,consistent-but-unverified:successful S bidders,unknown,unknown
emission-spot-primary-market-auction-report-2023-data.xlsx,Primary Market Auction,175,2023-03-30,2023-03-30 00:00:00,2023-03-30 11:00:46.239000,Auction 4. Period CAP3 EU,T3PA,successful,EU,2409000.0,4550500.0,99.0,45.0,5.82,45965.0,267676.0,399619.0,172071.0,276735.0,1.89,17.0,14.0,True,,True,-0.4705882353009656,0.5294117647058824,True,-0.42857142857974395,0.5357142857142857,True,30365.117647058825,0.5294117647058824,False,0.0010419261104190891,0.005000599617780398,True,0.3535353535335162,0.5050505050505051,True,-0.003529411764705337,0.005,True,0.8235294117647058,1.4929205457343953,1.608260543612811,0.9134549330886439,0.9586835407665936,consistent-but-unverified:all N bidders,consistent-but-unverified:successful S bidders,unknown,unknown
emission-spot-primary-market-auction-report-2023-data.xlsx,Primary Market Auction,176,2023-03-29,2023-03-29 00:00:00,2023-03-29 11:00:38.623000,Auction 4. Period CAP3 PL,T3PA,successful,PL,2676000.0,4904000.0,114.0,56.0,5.7,43018.0,245200.0,381258.0,157412.0,263959.0,1.83,20.0,17.0,True,,True,0.0,0.525,True,0.2352941176504828,0.5294117647058824,True,23612.0,0.525,False,-0.002585949177877467,0.005000529257528324,True,0.4561403508778312,0.5043859649122807,True,0.0,0.005,True,0.85,1.5548858075040783,1.6768670749371077,0.9380075289207002,0.9846471088179448,consistent-but-unverified:all N bidders,consistent-but-unverified:successful S bidders,unknown,unknown
emission-spot-primary-market-auction-report-2023-data.xlsx,Primary Market Auction,177,2023-03-28,2023-03-28 00:00:00,2023-03-28 11:00:19.007000,Auction 4. Period CAP3 EU,T3PA,successful,EU,2409000.0,4332500.0,81.0,49.0,4.26,53488.0,228026.0,383476.0,141706.0,257664.0,1.8,19.0,17.0,True,,True,-0.3157894736796152,0.5263157894736842,True,0.1176470588252414,0.5294117647058824,True,14916.52631578948,0.5263157894736842,False,0.001535907015359106,0.005000580835298104,True,0.34567901234549936,0.5061728395061729,True,-0.0031578947368426924,0.005,True,0.8947368421052632,1.681720505556384,1.8182998602740885,0.9864585682271774,1.0361338167132945,consistent-but-unverified:all N bidders,consistent-but-unverified:successful S bidders,unknown,unknown
emission-spot-primary-market-auction-report-2023-data.xlsx,Primary Market Auction,178,2023-03-27,2023-03-27 00:00:00,2023-03-27 11:00:43.594000,Auction 4. Period CAP3 EU,T3PA,successful,EU,2409000.0,4242500.0,82.0,49.0,4.56,51738.0,235694.0,390851.0,150563.0,256868.0,1.76,18.0,16.0,True,,True,-0.4444444444379769,0.5277777777777778,True,0.5,0.53125,True,16729.666666666657,0.5277777777777778,False,-0.0011041926110419986,0.005000573081062295,True,0.19512195121933473,0.5060975609756098,True,0.004444444444444251,0.005,True,0.8888888888888888,1.6582984717472655,1.7060499591533111,0.9776862458405445,0.9954899919408117,consistent-but-unverified:all N bidders,consistent-but-unverified:successful S bidders,unknown,unknown
emission-spot-primary-market-auction-report-2023-data.xlsx,Primary Market Auction,179,2023-03-24,2023-03-24 00:00:00,2023-03-24 11:00:37.091000,Auction 4. Period DE,T3PA,successful,DE,1939500.0,3889000.0,72.0,41.0,3.6,54014.0,194450.0,344332.0,114088.0,190684.0,2.01,20.0,17.0,True,,True,0.0,0.525,True,-0.2352941176504828,0.5294117647058824,True,17113.0,0.525,False,0.004844031967001783,0.00500077472453853,True,0.11111111110949423,0.5069444444444444,True,0.0,0.005,True,0.85,1.7707996914373876,1.671376481312671,1.0191359758040242,0.9825938756412537,consistent-but-unverified:all N bidders,consistent-but-unverified:successful S bidders,unknown,unknown
emission-spot-primary-market-auction-report-2023-data.xlsx,Primary Market Auction,180,2023-03-23,2023-03-23 00:00:00,2023-03-23 11:00:23.954000,Auction 4. Period CAP3 EU,T3PA,successful,EU,2410500.0,4671500.0,94.0,36.0,4.7,49697.0,233575.0,351594.0,185423.0,227091.0,1.94,20.0,13.0,True,,True,0.0,0.525,True,-0.07692307693650946,0.5384615384615384,True,64898.0,0.525,False,0.0020203277328354474,0.00500060941300026,True,0.19148936169949593,0.5053191489361702,True,0.0,0.005,True,0.65,1.5052723964465375,1.2247186163528796,0.9183974697213658,0.7996304430603832,consistent-but-unverified:all N bidders,consistent-but-unverified:successful S bidders,unknown,unknown
emission-spot-primary-market-auction-report-2023-data.xlsx,Primary Market Auction,182,2023-03-21,2023-03-21 00:00:00,2023-03-21 11:00:29.353000,Auction 4. Period CAP3 EU,T3PA,successful,EU,2409000.0,5542000.0,105.0,35.0,5.0,52781.0,263905.0,408412.0,200750.0,385658.0,2.3,21.0,12.0,True,,True,0.23809523810632527,0.5238095238095238,True,0.0,0.5416666666666666,True,86035.71428571429,0.5238095238095238,False,-0.0005396430053967727,0.00500068504361156,True,0.04761904761835467,0.5047619047619047,True,0.0,0.005,True,0.5714285714285714,1.5475720429700082,1.9210859277708592,0.9351407655853393,1.0719554402173137,consistent-but-unverified:all N bidders,consistent-but-unverified:successful S bidders,unknown,unknown
emission-spot-primary-market-auction-report-2023-data.xlsx,Primary Market Auction,183,2023-03-20,2023-03-20 00:00:00,2023-03-20 11:00:42.847000,Auction 4. Period CAP3 EU,T3PA,successful,EU,2409000.0,4699000.0,96.0,49.0,4.57,48948.0,223762.0,369004.0,133833.0,217920.0,1.95,21.0,18.0,True,,True,0.09523809523670934,0.5238095238095238,True,-0.3333333333430346,0.5277777777777778,True,19118.71428571429,0.5238095238095238,False,-0.0006019095060192381,0.005000612412269482,True,0.08333333333575865,0.5052083333333334,True,-0.0014285714285708906,0.005,True,0.8571428571428571,1.6490914453749967,1.6282979534195603,0.9742167304094695,0.9663364706871967,consistent-but-unverified:all N bidders,consistent-but-unverified:successful S bidders,unknown,unknown
emission-spot-primary-market-auction-report-2023-data.xlsx,Primary Market Auction,184,2023-03-17,2023-03-17 00:00:00,2023-03-17 11:00:37.121000,Auction 4. Period DE,T3PA,successful,DE,1939500.0,4831000.0,86.0,33.0,4.3,56174.0,241550.0,398044.0,149192.0,292664.0,2.49,20.0,13.0,True,,True,0.0,0.525,True,-0.3076923076878302,0.5384615384615384,True,52217.0,0.525,False,-0.0008481567414277968,0.005000899935240752,True,-0.4186046511604218,0.5058139534883721,True,0.0,0.005,True,0.65,1.6478741461395157,1.9616601426349938,0.9737571090523436,1.0857499701116535,consistent-but-unverified:all N bidders,consistent-but-unverified:successful S bidders,unknown,unknown
emission-spot-primary-market-auction-report-2023-data.xlsx,Primary Market Auction,185,2023-03-16,2023-03-16 00:00:00,2023-03-16 11:00:44.784000,Auction 4. Period CAP3 EU,T3PA,successful,EU,2409000.0,4241000.0,77.0,67.0,4.05,55078.0,223211.0,343424.0,133833.0,174198.0,1.76,19.0,18.0,True,,True,0.4736842105339747,0.5263157894736842,True,-0.3333333333430346,0.5277777777777778,True,7043.526315789481,0.5263157894736842,False,-0.00048152760481534607,0.005000572951825032,True,0.07792207792226691,0.5064935064935064,True,-0.002631578947368318,0.005,True,0.9473684210526315,1.5385621676351076,1.3016072269171282,0.9315978450148767,0.8336076732038378,consistent-but-unverified:all N bidders,consistent-but-unverified:successful S bidders,unknown,unknown
emission-spot-primary-market-auction-report-2023-data.xlsx,Primary Market Auction,186,2023-03-15,2023-03-15 00:00:00,2023-03-15 11:00:42.380000,Auction 4. Period CAP3 PL,T3PA,successful,PL,2676000.0,5163000.0,96.0,57.0,4.8,53781.0,258150.0,360000.0,157412.0,236039.0,1.93,20.0,17.0,True,,True,0.0,0.525,True,0.2352941176504828,0.5294117647058824,True,23612.0,0.525,False,0.0006278026905828238,0.005000547341658783,True,-0.25,0.5052083333333334,True,0.0,0.005,True,0.85,1.3945380592678676,1.4994981322897873,0.873190335127278,0.9160899646376771,consistent-but-unverified:all N bidders,consistent-but-unverified:successful S bidders,unknown,unknown
emission-spot-primary-market-auction-report-2023-data.xlsx,Primary Market Auction,187,2023-03-14,2023-03-14 00:00:00,2023-03-14 11:00:21.549000,Auction 4. Period CAP3 EU,T3PA,successful,EU,2409000.0,2806000.0,88.0,67.0,4.19,31886.0,133619.0,125068.0,133833.0,126442.0,1.16,21.0,18.0,True,,True,-0.047619047632906586,0.5238095238095238,True,-0.3333333333430346,0.5277777777777778,True,19118.71428571429,0.5238095238095238,False,-0.004798671647986863,0.005000449314842966,True,-0.3636363636360329,0.5056818181818182,True,-0.00047619047619029686,0.005,True,0.8571428571428571,0.9360046101228119,0.9447744577196955,0.660626370113333,0.6651460103052366,consistent-but-unverified:all N bidders,consistent-but-unverified:successful S bidders,unknown,unknown
emission-spot-primary-market-auction-report-2023-data.xlsx,Primary Market Auction,188,2023-03-13,2023-03-13 00:00:00,2023-03-13 11:00:50.448000,Auction 4. Period CAP3 EU,T3PA,successful,EU,2409000.0,4318500.0,82.0,50.0,4.56,52665.0,239917.0,351227.0,141706.0,181132.0,1.79,18.0,17.0,True,,True,0.3333333333430346,0.5277777777777778,True,0.1176470588252414,0.5294117647058824,True,7872.666666666657,0.5277777777777778,False,-0.002652552926525553,0.005000579629083645,True,0.36585365853534313,0.5060975609756098,True,0.004444444444444251,0.005,True,0.9444444444444444,1.4639521167737175,1.2782239284151695,0.901766612354898,0.8233961606394589,consistent-but-unverified:all N bidders,consistent-but-unverified:successful S bidders,unknown,unknown
emission-spot-primary-market-auction-report-2023-data.xlsx,Primary Market Auction,189,2023-03-10,2023-03-10 00:00:00,2023-03-10 11:01:00.637000,Auction 4. Period DE,T3PA,successful,DE,1939500.0,4187000.0,94.0,42.0,4.95,44543.0,220368.0,348648.0,129300.0,204704.0,2.16,19.0,15.0,True,,True,-0.42105263157282025,0.5263157894736842,True,0.0,0.5333333333333333,True,27221.052631578947,0.5263157894736842,False,0.0011961845836556684,0.005000814334718214,True,0.44680851064185845,0.5053191489361702,True,0.002631578947368318,0.005,True,0.7894736842105263,1.582117185798301,1.583170920340294,0.9486096770639176,0.9490176831750806,consistent-but-unverified:all N bidders,consistent-but-unverified:successful S bidders,unknown,unknown
emission-spot-primary-market-auction-report-2023-data.xlsx,Primary Market Auction,190,2023-03-09,2023-03-09 00:00:00,2023-03-09 11:00:41.715000,Auction 4. Period CAP3 EU,T3PA,successful,EU,2409000.0,3113000.0,83.0,41.0,4.37,37506.0,163842.0,195458.0,185308.0,206189.0,1.29,19.0,13.0,True,,True,-0.10526315789320506,0.5263157894736842,True,0.3076923076878302,0.5384615384615384,True,58518.52631578948,0.5263157894736842,False,-0.0022374429223743775,0.005000475765402892,True,-0.02409638553945115,0.5060240963855421,True,0.0015789473684213462,0.005,True,0.6842105263157895,1.1929663944531927,1.1126826688540161,0.7852551453115852,0.7479585469742764,consistent-but-unverified:all N bidders,consistent-but-unverified:successful S bidders,unknown,unknown
emission-spot-primary-market-auction-report-2023-data.xlsx,Primary Market Auction,191,2023-03-07,2023-03-07 00:00:00,2023-03-07 11:00:32.577000,Auction 4. Period CAP3 EU,T3PA,successful,EU,2409000.0,4914500.0,92.0,47.0,5.41,53418.0,289088.0,347791.0,160600.0,182296.0,2.04,17.0,15.0,True,,True,-0.2352941176504828,0.5294117647058824,True,0.0,0.5333333333333333,True,18894.117647058825,0.5294117647058824,False,-5.811540058120457e-05,0.005000630979356336,True,-0.47826086956774816,0.5054347826086957,True,-0.0017647058823531125,0.005,True,0.8823529411764706,1.2030627352224927,1.135093399750934,0.7898485445924479,0.7585103926796587,consistent-but-unverified:all N bidders,consistent-but-unverified:successful S bidders,unknown,unknown
emission-spot-primary-market-auction-report-2023-data.xlsx,Primary Market Auction,192,2023-03-06,2023-03-06 00:00:00,2023-03-06 11:00:29.473000,Auction 4. Period CAP3 EU,T3PA,successful,EU,2409000.0,4995000.0,84.0,37.0,4.42,59464.0,262895.0,339262.0,172071.0,190259.0,2.07,19.0,14.0,True,,True,0.26315789471846074,0.5263157894736842,True,-0.42857142857974395,0.5357142857142857,True,45281.52631578948,0.5263157894736842,False,-0.003474470734744717,0.005000637915089476,True,-0.285714285717404,0.5059523809523809,True,-0.0010526315789478602,0.005,True,0.7368421052631579,1.2904847943095152,1.105700553841147,0.828763495732585,0.7446482164422821,consistent-but-unverified:all N bidders,consistent-but-unverified:successful S bidders,unknown,unknown
emission-spot-primary-market-auction-report-2023-data.xlsx,Primary Market Auction,193,2023-03-03,2023-03-03 00:00:00,2023-03-03 11:00:25.515000,Auction 4. Period DE,T3PA,successful,DE,1939500.0,4221500.0,81.0,53.0,4.5,52117.0,234528.0,360524.0,121219.0,194146.0,2.18,18.0,16.0,True,,True,0.22222222221898846,0.5277777777777778,True,0.25,0.53125,True,13469.0,0.5277777777777778,False,0.003408094869811862,0.005000818920460492,True,-0.2839506172822439,0.5061728395061729,True,0.0,0.005,True,0.8888888888888888,1.537232228134807,1.6016136084277217,0.9310738129414564,0.9561318711493872,consistent-but-unverified:all N bidders,consistent-but-unverified:successful S bidders,unknown,unknown
emission-spot-primary-market-auction-report-2023-data.xlsx,Primary Market Auction,194,2023-03-02,2023-03-02 00:00:00,2023-03-02 11:00:59.170000,Auction 4. Period CAP3 EU,T3PA,successful,EU,2409000.0,5023000.0,97.0,51.0,4.62,51784.0,239190.0,349838.0,133833.0,211292.0,2.09,21.0,18.0,True,,True,-0.4761904761835467,0.5238095238095238,True,-0.3333333333430346,0.5277777777777778,True,19118.71428571429,0.5238095238095238,False,0.004902449149024157,0.005000640327518395,True,0.49484536082309205,0.5051546391752577,True,0.0009523809523814819,0.005,True,0.8571428571428571,1.4625945900748358,1.5787735461358559,0.901215505539508,0.9473139161947385,consistent-but-unverified:all N bidders,consistent-but-unverified:successful S bidders,unknown,unknown
emission-spot-primary-market-auction-report-2023-data.xlsx,Primary Market Auction,195,2023-03-01,2023-03-01 00:00:00,2023-03-01 11:00:23.520000,Auction 4. Period CAP3 PL,T3PA,successful,PL,2676000.0,4793000.0,80.0,41.0,4.44,59913.0,266278.0,374662.0,167250.0,247532.0,1.79,18.0,16.0,True,,True,0.2222222222480923,0.5277777777777778,True,0.0,0.53125,True,18583.333333333343,0.5277777777777778,False,-0.0011061285500746365,0.005000521507186699,True,0.5,0.50625,True,-0.004444444444444251,0.005,True,0.8888888888888888,1.407033250963279,1.4800119581464872,0.8783949729819122,0.9082633819985267,consistent-but-unverified:all N bidders,consistent-but-unverified:successful S bidders,unknown,unknown
emission-spot-primary-market-auction-report-2023-data.xlsx,Primary Market Auction,196,2023-02-28,2023-02-28 00:00:00,2023-02-28 11:00:24.456000,Auction 4. Period CAP3 EU,T3PA,successful,EU,2409000.0,4744000.0,92.0,31.0,4.38,51565.0,225905.0,361502.0,141706.0,242585.0,1.97,21.0,17.0,True,,True,0.23809523810632527,0.5238095238095238,True,0.1176470588252414,0.5294117647058824,True,26991.71428571429,0.5238095238095238,False,0.0007181403071814252,0.005000616289387387,True,-0.21739130434434628,0.5054347826086957,True,-0.0009523809523814819,0.005,True,0.8095238095238095,1.600239038533897,1.7118894048240725,0.9556033786990595,0.9976455893144984,consistent-but-unverified:all N bidders,consistent-but-unverified:successful S bidders,unknown,unknown
emission-spot-primary-market-auction-report-2023-data.xlsx,Primary Market Auction,197,2023-02-27,2023-02-27 00:00:00,2023-02-27 11:00:40.642000,Auction 4. Period CAP3 EU,T3PA,successful,EU,2409000.0,5194500.0,101.0,54.0,4.81,51431.0,247357.0,382166.0,150563.0,287302.0,2.16,21.0,16.0,True,,True,-0.14285714286961593,0.5238095238095238,True,0.5,0.53125,True,35848.71428571429,0.5238095238095238,False,0.003711083437111018,0.00500065510364552,True,0.3069306930701714,0.504950495049505,True,0.00047619047619029686,0.005,True,0.7619047619047619,1.5449977158519872,1.908184613749726,0.9341297524979526,1.0675290424394615,consistent-but-unverified:all N bidders,consistent-but-unverified:successful S bidders,unknown,unknown
emission-spot-primary-market-auction-report-2023-data.xlsx,Primary Market Auction,198,2023-02-24,2023-02-24 00:00:00,2023-02-24 11:00:55.529000,Auction 4. Period DE,T3PA,successful,DE,1939500.0,4815000.0,101.0,20.0,5.05,47673.0,240750.0,350837.0,176318.0,220138.0,2.48,20.0,11.0,True,,True,0.0,0.525,True,-0.18181818182347342,0.5454545454545454,True,79343.0,0.525,False,-0.00259860788863131,0.0050008978085196954,True,-0.2673267326754285,0.504950495049505,True,0.0,0.005,True,0.55,1.4572668743509865,1.2485282274072982,0.899049705610007,0.8102758810334362,consistent-but-unverified:all N bidders,consistent-but-unverified:successful S bidders,unknown,unknown
emission-spot-primary-market-auction-report-2023-data.xlsx,Primary Market Auction,199,2023-02-23,2023-02-23 00:00:00,2023-02-23 11:00:36.572000,Auction 4. Period CAP3 EU,T3PA,successful,EU,2409000.0,5116000.0,104.0,57.0,4.33,49192.0,213167.0,348797.0,120450.0,231473.0,2.12,24.0,20.0,True,,True,0.3333333333430346,0.5208333333333334,True,0.0,0.525,True,20075.0,0.5208333333333334,False,-0.003702781237027608,0.0050006483402287305,True,-0.30769230769510614,0.5048076923076923,True,-0.0033333333333329662,0.005,True,0.8333333333333334,1.6362617103022512,1.9217351598173515,0.9693618948312333,1.0721776726079457,consistent-but-unverified:all N bidders,consistent-but-unverified:successful S bidders,unknown,unknown
emission-spot-primary-market-auction-report-2023-data.xlsx,Primary Market Auction,200,2023-02-21,2023-02-21 00:00:00,2023-02-21 11:00:28.012000,Auction 4. Period CAP3 EU,T3PA,successful,EU,2409000.0,4925500.0,95.0,31.0,4.75,51847.0,246275.0,377111.0,160600.0,265996.0,2.04,20.0,15.0,True,,True,0.0,0.525,True,0.0,0.5333333333333333,True,40150.0,0.525,False,-0.004624325446243027,0.005000631927096268,True,-0.3684210526334937,0.5052631578947369,True,0.0,0.005,True,0.75,1.5312597705816668,1.65626400996264,0.9287171118481432,0.9769206280155569,consistent-but-unverified:all N bidders,consistent-but-unverified:successful S bidders,unknown,unknown
emission-spot-primary-market-auction-report-2023-data.xlsx,Primary Market Auction,201,2023-02-20,2023-02-20 00:00:00,2023-02-20 11:00:35.702000,Auction 4. Period CAP3 EU,T3PA,successful,EU,2409000.0,5066500.0,110.0,40.0,5.5,46059.0,253325.0,360193.0,172071.0,223313.0,2.1,20.0,14.0,True,,True,0.0,0.525,True,-0.42857142857974395,0.5357142857142857,True,51621.0,0.525,False,-0.0031548360315483137,0.005000644075399035,True,-0.09090909091173671,0.5045454545454545,True,0.0,0.005,True,0.7,1.4218612454357051,1.2977956773657386,0.8845363542394805,0.8319502622297432,consistent-but-unverified:all N bidders,consistent-but-unverified:successful S bidders,unknown,unknown
emission-spot-primary-market-auction-report-2023-data.xlsx,Primary Market Auction,202,2023-02-17,2023-02-17 00:00:00,2023-02-17 11:00:16.411000,Auction 4. Period DE,T3PA,successful,DE,1939500.0,3632000.0,67.0,41.0,3.94,54209.0,213647.0,358804.0,138536.0,190729.0,1.87,17.0,14.0,True,,True,-0.058823529398068786,0.5294117647058824,True,0.285714285710128,0.5357142857142857,True,24447.76470588235,0.5294117647058824,False,-0.0026475895849444875,0.005000740564081554,True,0.04477611940092174,0.5074626865671642,True,-0.0011764705882355564,0.005,True,0.8235294117647058,1.6794244712071782,1.3767468383669226,0.9856020219112187,0.865732678022363,consistent-but-unverified:all N bidders,consistent-but-unverified:successful S bidders,unknown,unknown
emission-spot-primary-market-auction-report-2023-data.xlsx,Primary Market Auction,203,2023-02-16,2023-02-16 00:00:00,2023-02-16 11:00:28.835000,Auction 4. Period CAP3 EU,T3PA,successful,EU,2409000.0,4047000.0,80.0,52.0,3.81,50588.0,192714.0,336883.0,126789.0,196726.0,1.68,21.0,19.0,True,,True,-0.285714285710128,0.5238095238095238,True,-0.4736842105194228,0.5263157894736842,True,12074.71428571429,0.5238095238095238,False,4.981320049801674e-05,0.005000556237138955,True,0.5,0.50625,True,0.00047619047619074095,0.005,True,0.9047619047619048,1.7480982180848303,1.5516014796236266,1.0109091153825314,0.9367211932662077,consistent-but-unverified:all N bidders,consistent-but-unverified:successful S bidders,unknown,unknown
emission-spot-primary-market-auction-report-2023-data.xlsx,Primary Market Auction,204,2023-02-15,2023-02-15 00:00:00,2023-02-15 11:00:43.667000,Auction 4. Period CAP3 PL,T3PA,successful,PL,2676000.0,4761500.0,85.0,47.0,4.47,56018.0,250605.0,359200.0,167250.0,231691.0,1.78,19.0,16.0,True,,True,-0.26315789474756457,0.5263157894736842,True,0.0,0.53125,True,26407.894736842107,0.5263157894736842,False,0.0006651718983556876,0.005000519307765427,True,0.35294117646844825,0.5058823529411764,True,-0.0036842105263161784,0.005,True,0.8421052631578947,1.4333313381616488,1.3852974588938713,0.8892612395523306,0.869323837273542,consistent-but-unverified:all N bidders,consistent-but-unverified:successful S bidders,unknown,unknown
emission-spot-primary-market-auction-report-2023-data.xlsx,Primary Market Auction,205,2023-02-14,2023-02-14 00:00:00,2023-02-14 11:00:22.768000,Auction 4. Period CAP3 EU,T3PA,successful,EU,2409000.0,5068000.0,91.0,27.0,4.55,55692.0,253400.0,382013.0,150563.0,269169.0,2.1,20.0,16.0,True,,True,0.0,0.525,True,0.5,0.53125,True,30113.0,0.525,False,-0.0037775010377747442,0.0050006442046362995,True,-0.30769230769510614,0.5054945054945055,True,0.0,0.005,True,0.8,1.5075493291239148,1.7877499784143516,0.9193059132921207,1.0252348111202982,consistent-but-unverified:all N bidders,consistent-but-unverified:successful S bidders,unknown,unknown
emission-spot-primary-market-auction-report-2023-data.xlsx,Primary Market Auction,206,2023-02-13,2023-02-13 00:00:00,2023-02-13 11:00:22.653000,Auction 4. Period CAP3 EU,T3PA,successful,EU,2409000.0,4145000.0,70.0,42.0,4.12,59214.0,243824.0,389043.0,150563.0,244475.0,1.72,17.0,16.0,True,,True,0.4705882353009656,0.5294117647058824,True,0.5,0.53125,True,8857.117647058825,0.5294117647058824,False,-0.0006309672063096183,0.005000564680640169,True,-0.285714285717404,0.5071428571428571,True,0.0023529411764711128,0.005,True,0.9411764705882353,1.5955894415644072,1.6237388999953508,0.9538136359358319,0.9646003615559915,consistent-but-unverified:all N bidders,consistent-but-unverified:successful S bidders,unknown,unknown
emission-spot-primary-market-auction-report-2023-data.xlsx,Primary Market Auction,207,2023-02-10,2023-02-10 00:00:00,2023-02-10 11:00:47.433000,Auction 4. Period DE,T3PA,successful,DE,1939500.0,3960500.0,85.0,36.0,5.0,46594.0,232971.0,373694.0,138536.0,240670.0,2.04,17.0,14.0,True,,True,0.411764705873793,0.5294117647058824,True,0.285714285710128,0.5357142857142857,True,24447.76470588235,0.5294117647058824,False,-0.002021139468935118,0.005000784228323253,True,-0.1176470588252414,0.5058823529411764,True,0.0,0.005,True,0.8235294117647058,1.604036553905851,1.7372379742449615,0.9570627618460498,1.0069493733906483,consistent-but-unverified:all N bidders,consistent-but-unverified:successful S bidders,unknown,unknown
emission-spot-primary-market-auction-report-2023-data.xlsx,Primary Market Auction,208,2023-02-09,2023-02-09 00:00:00,2023-02-09 11:00:21.599000,Auction 4. Period CAP3 EU,T3PA,successful,EU,2409000.0,5984000.0,105.0,27.0,4.77,56990.0,272000.0,377313.0,172071.0,294142.0,2.48,22.0,14.0,True,,True,0.0,0.5227272727272727,True,-0.42857142857974395,0.5357142857142857,True,62571.0,0.5227272727272727,False,-0.004018264840182528,0.0050007231255252,True,-0.47619047619082266,0.5047619047619047,True,-0.0027272727272729114,0.005,True,0.6363636363636364,1.3871801470588234,1.7094222733639022,0.8701128145796967,0.9967354289042755,consistent-but-unverified:all N bidders,consistent-but-unverified:successful S bidders,unknown,unknown
emission-spot-primary-market-auction-report-2023-data.xlsx,Primary Market Auction,209,2023-02-07,2023-02-07 00:00:00,2023-02-07 11:00:23.961000,Auction 4. Period CAP3 EU,T3PA,successful,EU,2409000.0,4837500.0,79.0,45.0,4.65,61234.0,284559.0,384298.0,172071.0,245353.0,2.01,17.0,14.0,True,,True,0.17647058825241402,0.5294117647058824,True,-0.42857142857974395,0.5357142857142857,True,30365.117647058825,0.5294117647058824,False,0.0019053549190535257,0.00500062434517681,True,-0.17721518987673335,0.5063291139240507,True,0.002941176470588225,0.005,True,0.8235294117647058,1.3505037619614912,1.4258823392669304,0.8546296719749138,0.8861953094557297,consistent-but-unverified:all N bidders,consistent-but-unverified:successful S bidders,unknown,unknown
emission-spot-primary-market-auction-report-2023-data.xlsx,Primary Market Auction,210,2023-02-06,2023-02-06 00:00:00,2023-02-06 11:00:20.405000,Auction 4. Period CAP3 EU,T3PA,successful,EU,2409000.0,4265500.0,76.0,48.0,4.47,56125.0,250912.0,406552.0,150563.0,282019.0,1.77,17.0,16.0,True,,True,0.2352941176504828,0.5294117647058824,True,0.5,0.53125,True,8857.117647058825,0.5294117647058824,False,-0.0006517227065172548,0.0050005750627003355,True,0.0,0.506578947368421,True,-0.0005882352941180002,0.005,True,0.9411764705882353,1.6202971559750032,1.873096311842883,0.963287729652705,1.0553903025271154,consistent-but-unverified:all N bidders,consistent-but-unverified:successful S bidders,unknown,unknown
emission-spot-primary-market-auction-report-2023-data.xlsx,Primary Market Auction,211,2023-02-03,2023-02-03 00:00:00,2023-02-03 11:00:30.839000,Auction 4. Period DE,T3PA,successful,DE,1939500.0,4483000.0,89.0,32.0,4.05,50371.0,203773.0,316229.0,129300.0,156067.0,2.31,22.0,15.0,True,,True,0.27272727273521014,0.5227272727272727,True,0.0,0.5333333333333333,True,41140.90909090909,0.5227272727272727,False,-0.001420469193091023,0.005000853679057765,True,0.2134831460643909,0.5056179775280899,True,0.004545454545453964,0.005,True,0.6818181818181818,1.5518689914758088,1.207014694508894,0.9368260285362234,0.7916407853896764,consistent-but-unverified:all N bidders,consistent-but-unverified:successful S bidders,unknown,unknown
emission-spot-primary-market-auction-report-2023-data.xlsx,Primary Market Auction,212,2023-02-02,2023-02-02 00:00:00,2023-02-02 11:00:41.919000,Auction 4. Period CAP3 EU,T3PA,successful,EU,2409000.0,4896000.0,98.0,41.0,4.45,49959.0,222545.0,313481.0,126789.0,138220.0,2.03,22.0,19.0,True,,True,-0.45454545455868356,0.5227272727272727,True,-0.4736842105194228,0.5263157894736842,True,17289.0,0.5227272727272727,False,-0.002378580323786128,0.005000629385430087,True,-0.18367346938612172,0.5051020408163265,True,-0.004545454545453964,0.005,True,0.8636363636363636,1.4086184816553955,1.0901576635197059,0.8790533390089394,0.7372395002222537,consistent-but-unverified:all N bidders,consistent-but-unverified:successful S bidders,unknown,unknown
emission-spot-primary-market-auction-report-2023-data.xlsx,Primary Market Auction,213,2023-02-01,2023-02-01 00:00:00,2023-02-01 11:00:20.931000,Auction 4. Period CAP3 PL,T3PA,successful,PL,2676000.0,4989000.0,114.0,58.0,5.18,43763.0,226773.0,328021.0,148667.0,173570.0,1.86,22.0,18.0,True,,True,0.27272727273521014,0.5227272727272727,True,0.3333333333430346,0.5277777777777778,True,27030.636363636368,0.5227272727272727,False,-0.0043497757847532625,0.005000535192474614,True,-0.1578947368398076,0.5043859649122807,True,-0.001818181818181941,0.005,True,0.8181818181818182,1.4464729046226843,1.1675085930300604,0.8946473565263751,0.7735783941537718,consistent-but-unverified:all N bidders,consistent-but-unverified:successful S bidders,unknown,unknown
emission-spot-primary-market-auction-report-2023-data.xlsx,Primary Market Auction,214,2023-01-31,2023-01-31 00:00:00,2023-01-31 11:00:30.035000,Auction 4. Period CAP3 EU,T3PA,successful,EU,2409000.0,4592500.0,115.0,38.0,5.0,39935.0,199674.0,190960.0,150563.0,142164.0,1.91,23.0,16.0,True,,True,0.08695652172900736,0.5217391304347826,True,0.5,0.53125,True,45823.86956521739,0.5217391304347826,False,0.0036073059360730575,0.005000603236423775,True,0.21739130434434628,0.5043478260869565,True,0.0,0.005,True,0.6956521739130435,0.9563588649498683,0.9442160424539894,0.671085023572562,0.6648588328130216,consistent-but-unverified:all N bidders,consistent-but-unverified:successful S bidders,unknown,unknown
emission-spot-primary-market-auction-report-2023-data.xlsx,Primary Market Auction,215,2023-01-30,2023-01-30 00:00:00,2023-01-30 11:00:24.101000,Auction 4. Period CAP3 EU,T3PA,successful,EU,2409000.0,5670000.0,109.0,41.0,4.74,52018.0,246522.0,354983.0,160600.0,236355.0,2.35,23.0,15.0,True,,True,0.2608695652161259,0.5217391304347826,True,0.0,0.5333333333333333,True,55860.86956521739,0.5217391304347826,False,-0.003673723536737228,0.005000696071858044,True,-0.348623853213212,0.5045871559633027,True,0.0008695652173917878,0.005,True,0.6521739130434783,1.4399647901607158,1.4716998754669988,0.8919836089389915,0.9049061226239735,consistent-but-unverified:all N bidders,consistent-but-unverified:successful S bidders,unknown,unknown
emission-spot-primary-market-auction-report-2023-data.xlsx,Primary Market Auction,216,2023-01-27,2023-01-27 00:00:00,2023-01-27 11:00:40.570000,Auction 4. Period DE,T3PA,successful,DE,1939500.0,4815000.0,100.0,41.0,5.0,48150.0,240750.0,366835.0,138536.0,225426.0,2.48,20.0,14.0,True,,True,0.0,0.525,True,0.285714285710128,0.5357142857142857,True,41561.0,0.525,False,-0.00259860788863131,0.0050008978085196954,True,0.0,0.505,True,0.0,0.005,True,0.7,1.523717549325026,1.6272015938095512,0.925733032444374,0.9659192469328949,consistent-but-unverified:all N bidders,consistent-but-unverified:successful S bidders,unknown,unknown
emission-spot-primary-market-auction-report-2023-data.xlsx,Primary Market Auction,217,2023-01-26,2023-01-26 00:00:00,2023-01-26 11:00:50.806000,Auction 4. Period CAP3 EU,T3PA,successful,EU,2409000.0,4418000.0,96.0,50.0,4.8,46021.0,220900.0,371978.0,141706.0,260109.0,1.83,20.0,17.0,True,,True,0.0,0.525,True,0.1176470588252414,0.5294117647058824,True,21256.0,0.525,False,-0.003955998339559841,0.005000588201822123,True,0.16666666666424135,0.5052083333333334,True,0.0,0.005,True,0.85,1.6839203259393392,1.8355538932719857,0.9872785338474237,1.0422372949116663,consistent-but-unverified:all N bidders,consistent-but-unverified:successful S bidders,unknown,unknown
emission-spot-primary-market-auction-report-2023-data.xlsx,Primary Market Auction,219,2023-01-24,2023-01-24 00:00:00,2023-01-24 11:00:20.364000,Auction 4. Period CAP3 EU,T3PA,successful,EU,2409000.0,4976500.0,97.0,49.0,4.41,51304.0,226205.0,319080.0,120450.0,152109.0,2.07,22.0,20.0,True,,True,0.45454545455868356,0.5227272727272727,True,0.0,0.525,True,10950.0,0.5227272727272727,False,0.004205064342050591,0.005000636321163226,True,-0.12371134020941099,0.5051546391752577,True,0.0009090909090909705,0.005,True,0.9090909090909091,1.4105788996706528,1.2628393524283936,0.8798669259896226,0.8166203753681646,consistent-but-unverified:all N bidders,consistent-but-unverified:successful S bidders,unknown,unknown
emission-spot-primary-market-auction-report-2023-data.xlsx,Primary Market Auction,220,2023-01-23,2023-01-23 00:00:00,2023-01-23 11:00:17.954000,Auction 4. Period CAP3 EU,T3PA,successful,EU,2409000.0,4537500.0,110.0,65.0,4.58,41250.0,189063.0,329454.0,120450.0,201068.0,1.88,24.0,20.0,True,,True,0.5,0.5208333333333334,True,0.0,0.525,True,20075.0,0.5208333333333334,False,-0.0035616438356165236,0.005000598497724114,True,0.0,0.5045454545454545,True,-0.0033333333333329662,0.005,True,0.8333333333333334,1.7425620031418099,1.6693067662930676,1.008892521167587,0.9818188006078692,consistent-but-unverified:all N bidders,consistent-but-unverified:successful S bidders,unknown,unknown
emission-spot-primary-market-auction-report-2023-data.xlsx,Primary Market Auction,221,2023-01-20,2023-01-20 00:00:00,2023-01-20 11:00:42.699000,Auction 4. Period DE,T3PA,successful,DE,1939500.0,3200500.0,111.0,64.0,4.63,28833.0,133354.0,147294.0,92357.0,110718.0,1.65,24.0,21.0,True,,True,-0.1666666666569654,0.5208333333333334,True,-0.142857142855064,0.5238095238095238,True,11544.5,0.5208333333333334,False,-0.00016756896107250618,0.005000683209073053,True,-0.3333333333321207,0.5045045045045045,True,0.004999999999999893,0.005,True,0.875,1.1045337972614244,1.198804638522256,0.7440939686202884,0.7879138665720248,consistent-but-unverified:all N bidders,consistent-but-unverified:successful S bidders,unknown,unknown
emission-spot-primary-market-auction-report-2023-data.xlsx,Primary Market Auction,222,2023-01-19,2023-01-19 00:00:00,2023-01-19 11:01:20.767000,Auction 4. Period CAP3 EU,T3PA,successful,EU,2409000.0,5558000.0,110.0,29.0,4.4,50527.0,222320.0,333074.0,150563.0,215947.0,2.31,25.0,16.0,True,,True,0.0,0.52,True,0.5,0.53125,True,54203.0,0.52,False,0.002818596928185979,0.00500068642214237,True,-0.2727272727279342,0.5045454545454545,True,0.0,0.005,True,0.64,1.4981738035264485,1.4342633980460007,0.9155599863552509,0.8896442048344689,consistent-but-unverified:all N bidders,consistent-but-unverified:successful S bidders,unknown,unknown
emission-spot-primary-market-auction-report-2023-data.xlsx,Primary Market Auction,223,2023-01-18,2023-01-18 00:00:00,2023-01-18 11:00:35.105000,Auction 4. Period CAP3 PL,T3PA,successful,PL,2676000.0,5482500.0,129.0,56.0,5.38,42500.0,228438.0,309344.0,140842.0,175080.0,2.05,24.0,19.0,True,,True,0.5,0.5208333333333334,True,-0.10526315789320506,0.5263157894736842,True,29342.0,0.5208333333333334,False,0.0012331838565020625,0.005000569650074542,True,0.0,0.5038759689922481,True,0.004999999999999893,0.005,True,0.7916666666666666,1.3541704970276398,1.2430950994731684,0.8561884348591146,0.8078566529777483,consistent-but-unverified:all N bidders,consistent-but-unverified:successful S bidders,unknown,unknown
emission-spot-primary-market-auction-report-2023-data.xlsx,Primary Market Auction,224,2023-01-17,2023-01-17 00:00:00,2023-01-17 11:01:10.468000,Auction 4. Period CAP3 EU,T3PA,successful,EU,2409000.0,5445000.0,126.0,46.0,5.25,43214.0,226875.0,321551.0,133833.0,193372.0,2.26,24.0,18.0,True,,True,0.0,0.5208333333333334,True,-0.3333333333430346,0.5277777777777778,True,33458.0,0.5208333333333334,False,-0.0002739726027400913,0.005000676686268521,True,-0.285714285717404,0.503968253968254,True,0.0,0.005,True,0.75,1.4173046831955922,1.4448753297019419,0.8826531521943559,0.8939941317298501,consistent-but-unverified:all N bidders,consistent-but-unverified:successful S bidders,unknown,unknown
emission-spot-primary-market-auction-report-2023-data.xlsx,Primary Market Auction,225,2023-01-16,2023-01-16 00:00:00,2023-01-16 11:00:38.876000,Auction 4. Period CAP3 EU,T3PA,successful,EU,2409000.0,4485000.0,104.0,42.0,4.52,43125.0,195000.0,231267.0,133833.0,209398.0,1.86,23.0,18.0,True,,True,0.0,0.5217391304347826,True,-0.3333333333430346,0.5277777777777778,True,29093.869565217392,0.5217391304347826,False,-0.00176836861768348,0.005000593974419892,True,0.0,0.5048076923076923,True,-0.0017391304347826875,0.005,True,0.782608695652174,1.1859846153846154,1.5646215806266017,0.7820663519366333,0.9418109358193753,consistent-but-unverified:all N bidders,consistent-but-unverified:successful S bidders,unknown,unknown
emission-spot-primary-market-auction-report-2023-data.xlsx,Primary Market Auction,226,2023-01-13,2023-01-13 00:00:00,2023-01-13 11:00:32.768000,Auction 4. Period DE,T3PA,successful,DE,1939500.0,4099500.0,107.0,45.0,4.86,38313.0,186341.0,329420.0,102079.0,180510.0,2.11,22.0,19.0,True,,True,0.09090909091173671,0.5227272727272727,True,0.05263157894660253,0.5263157894736842,True,13919.909090909088,0.5227272727272727,False,-0.003689095127610287,0.005000802704212434,True,-0.08411214953230228,0.5046728971962616,True,-0.0036363636363629936,0.005,True,0.8636363636363636,1.767834239378344,1.7683362885608205,1.0180651513446175,1.0182465219080128,consistent-but-unverified:all N bidders,consistent-but-unverified:successful S bidders,unknown,unknown
emission-spot-primary-market-auction-report-2023-data.xlsx,Primary Market Auction,227,2023-01-12,2023-01-12 00:00:00,2023-01-12 11:00:40.060000,Auction 4. Period CAP3 EU,T3PA,successful,EU,2409000.0,5310500.0,115.0,54.0,4.11,46178.0,189661.0,289308.0,109500.0,140700.0,2.2,28.0,22.0,True,,True,0.285714285710128,0.5178571428571429,True,0.0,0.5227272727272727,True,23464.28571428571,0.5178571428571429,False,-0.004441677044416448,0.005000665097993896,True,-0.2608695652161259,0.5043478260869565,True,0.0028571428571435575,0.005,True,0.7857142857142857,1.5253953105804567,1.284931506849315,0.9263976091190228,0.8263360487762552,consistent-but-unverified:all N bidders,consistent-but-unverified:successful S bidders,unknown,unknown
emission-spot-primary-market-auction-report-2023-data.xlsx,Primary Market Auction,228,2023-01-10,2023-01-10 00:00:00,2023-01-10 11:01:14.614000,Auction 4. Period CAP3 EU,T3PA,successful,EU,2409000.0,4746000.0,87.0,53.0,4.35,54552.0,237300.0,365544.0,141706.0,243501.0,1.97,20.0,17.0,True,,True,0.0,0.525,True,0.1176470588252414,0.5294117647058824,True,21256.0,0.525,False,-0.00011207970112092625,0.005000616461703738,True,0.275862068963761,0.5057471264367817,True,0.0,0.005,True,0.85,1.5404298356510746,1.7183534924420985,0.9323332933475149,1.0000263633585214,consistent-but-unverified:all N bidders,consistent-but-unverified:successful S bidders,unknown,unknown
emission-spot-primary-market-auction-report-2023-data.xlsx,Primary Market Auction,229,2023-01-09,2023-01-09 00:00:00,2023-01-09 11:00:50.256000,Auction 4. Period CAP3 EU,T3PA,successful,EU,2409000.0,5528000.0,123.0,60.0,5.59,44943.0,251273.0,324171.0,126789.0,146428.0,2.29,22.0,19.0,True,,True,0.27272727273521014,0.5227272727272727,True,-0.4736842105194228,0.5263157894736842,True,17289.0,0.5227272727272727,False,-0.004728102947280988,0.005000683837397101,True,-0.08943089430977125,0.5040650406504065,True,-0.0009090909090909705,0.005,True,0.8636363636363636,1.290114735765482,1.1548951407456483,0.8286019192653962,0.7677420637851375,consistent-but-unverified:all N bidders,consistent-but-unverified:successful S bidders,unknown,unknown
emission-spot-primary-market-auction-report-2024-data.xlsx,Primary Market Auction,7,2024-12-16,2024-12-16 00:00:00,2024-12-16 11:00:45.630000,Auction 4. Period CAP3 EU,T3PA,successful,EU,3248000.0,4785500.0,96.0,44.0,4.36,49849.0,217523.0,273653.0,154667.0,234115.0,1.47,22.0,21.0,True,,True,0.27272727273521014,0.5227272727272727,True,0.3333333333430346,0.5238095238095238,True,7030.636363636353,0.5227272727272727,False,-0.0033682266009853468,0.005000380752532853,True,0.04166666666424135,0.5052083333333334,True,-0.0036363636363629936,0.005,True,0.9545454545454546,1.258041678351255,1.5136713067428733,0.8144979236400515,0.921744356490044,consistent-but-unverified:all N bidders,consistent-but-unverified:successful S bidders,unknown,unknown
emission-spot-primary-market-auction-report-2024-data.xlsx,Primary Market Auction,8,2024-12-13,2024-12-13 00:00:00,2024-12-13 11:00:18.220000,Auction 4. Period DE,T3PA,successful,DE,1890500.0,3437500.0,77.0,37.0,3.35,44643.0,149457.0,180166.0,94525.0,145037.0,1.82,23.0,20.0,True,,True,0.47826086956774816,0.5217391304347826,True,0.0,0.525,True,12329.34782608696,0.5217391304347826,False,0.0016979635017191352,0.005000745385484635,True,0.142857142855064,0.5064935064935064,True,0.0021739130434781373,0.005,True,0.8695652173913043,1.205470469767224,1.5343771489024067,0.7909408511135383,0.9299479062235871,consistent-but-unverified:all N bidders,consistent-but-unverified:successful S bidders,unknown,unknown
emission-spot-primary-market-auction-report-2024-data.xlsx,Primary Market Auction,9,2024-12-12,2024-12-12 00:00:00,2024-12-12 11:00:23.214000,Auction 4. Period CAP3 EU,T3PA,successful,EU,3287500.0,5356000.0,96.0,33.0,4.36,55792.0,243455.0,310646.0,193382.0,306247.0,1.63,22.0,17.0,True,,True,0.45454545455868356,0.5227272727272727,True,-0.3529411764757242,0.5294117647058824,True,43950.18181818182,0.5227272727272727,False,0.0007984790874524528,0.005000399878596,True,0.33333333333575865,0.5052083333333334,True,-0.0036363636363629936,0.005,True,0.7727272727272727,1.2759894025589944,1.5836375670951794,0.8224148600840856,0.9491983156708617,consistent-but-unverified:all N bidders,consistent-but-unverified:successful S bidders,unknown,unknown
emission-spot-primary-market-auction-report-2024-data.xlsx,Primary Market Auction,11,2024-12-10,2024-12-10 00:00:00,2024-12-10 11:00:30.129000,Auction 4. Period CAP3 EU,T3PA,successful,EU,3287500.0,5502500.0,94.0,24.0,3.62,58537.0,211635.0,312234.0,173026.0,295139.0,1.67,26.0,19.0,True,,True,0.38461538462433964,0.5192307692307693,True,-0.3157894736796152,0.5263157894736842,True,46583.69230769231,0.5192307692307693,False,-0.003764258555133182,0.005000406656199714,True,-0.23404255319474032,0.5053191489361702,True,0.004615384615384688,0.005,True,0.7307692307692307,1.4753419802962648,1.7057494249419163,0.9063785603326022,0.9953789256612349,consistent-but-unverified:all N bidders,consistent-but-unverified:successful S bidders,unknown,unknown
emission-spot-primary-market-auction-report-2024-data.xlsx,Primary Market Auction,12,2024-12-09,2024-12-09 00:00:00,2024-12-09 11:00:31.887000,Auction 4. Period CAP3 EU,T3PA,successful,EU,3287500.0,4598000.0,97.0,27.0,4.04,47402.0,191583.0,249507.0,182639.0,236749.0,1.4,24.0,18.0,True,,True,-0.3333333333430346,0.5208333333333334,True,0.11111111112404615,0.5277777777777778,True,45659.83333333334,0.5208333333333334,False,0.0013688212927756016,0.005000364810858012,True,-0.06185567010106752,0.5051546391752577,True,-0.0016666666666669272,0.005,True,0.75,1.3023441537088363,1.2962675003695816,0.8339278011709151,0.8312849788005002,consistent-but-unverified:all N bidders,consistent-but-unverified:successful S bidders,unknown,unknown
emission-spot-primary-market-auction-report-2024-data.xlsx,Primary Market Auction,13,2024-12-06,2024-12-06 00:00:00,2024-12-06 11:00:24.776000,Auction 4. Period DE,T3PA,successful,DE,1886500.0,3757000.0,111.0,35.0,4.44,33847.0,150280.0,189844.0,99289.0,184052.0,1.99,25.0,19.0,True,,True,0.0,0.52,True,-0.4736842105194228,0.5263157894736842,True,23829.0,0.52,False,-0.0015186853962363411,0.005000792875487207,True,0.15315315315092448,0.5045045045045045,True,0.0,0.005,True,0.76,1.26326856534469,1.8536998056179437,0.816810036297767,1.0486163297866185,consistent-but-unverified:all N bidders,consistent-but-unverified:successful S bidders,unknown,unknown
emission-spot-primary-market-auction-report-2024-data.xlsx,Primary Market Auction,14,2024-12-05,2024-12-05 00:00:00,2024-12-05 11:00:53.670000,Auction 4. Period CAP3 EU,T3PA,successful,EU,3287500.0,5641000.0,110.0,38.0,4.23,51282.0,216962.0,268443.0,149432.0,234460.0,1.72,26.0,22.0,True,,True,0.46153846153174527,0.5192307692307693,True,0.18181818182347342,0.5227272727272727,True,22989.692307692312,0.5192307692307693,False,0.004106463878327027,0.005000413063695376,True,0.18181818181619747,0.5045454545454545,True,-0.0007692307692304112,0.005,True,0.8461538461538461,1.2372811828799513,1.5690079768724237,0.8052613710236797,0.9435198231725264,consistent-but-unverified:all N bidders,consistent-but-unverified:successful S bidders,unknown,unknown
emission-spot-primary-market-auction-report-2024-data.xlsx,Primary Market Auction,15,2024-12-04,2024-12-04 00:00:00,2024-12-04 11:00:32.419000,Auction 4. Period CAP3 PL,T3PA,successful,PL,2833500.0,4253000.0,103.0,55.0,3.96,41291.0,163577.0,206168.0,113340.0,178332.0,1.5,26.0,25.0,True,,True,0.07692307693650946,0.5192307692307693,True,0.0,0.52,True,4359.230769230766,0.5192307692307693,False,-0.0009705311452268273,0.005000441321827424,True,-0.26213592232670635,0.5048543689320388,True,-0.0015384615384617106,0.005,True,0.9615384615384616,1.260372790795772,1.5734250926416093,0.8155297513607073,0.9452377324951357,consistent-but-unverified:all N bidders,consistent-but-unverified:successful S bidders,unknown,unknown
emission-spot-primary-market-auction-report-2024-data.xlsx,Primary Market Auction,16,2024-12-03,2024-12-03 00:00:00,2024-12-03 11:00:23.584000,Auction 4. Period CAP3 EU,T3PA,successful,EU,3287500.0,5522500.0,106.0,36.0,4.42,52099.0,230104.0,259688.0,164375.0,222010.0,1.68,24.0,20.0,True,,True,-0.1666666666569654,0.5208333333333334,True,0.0,0.525,True,27395.833333333343,0.5208333333333334,False,0.00015209125475279528,0.0050004075814698455,True,-0.05660377358435653,0.5047169811320755,True,0.0033333333333329662,0.005,True,0.8333333333333334,1.128567951882627,1.3506311787072243,0.755449430551034,0.8546838787770467,consistent-but-unverified:all N bidders,consistent-but-unverified:successful S bidders,unknown,unknown
emission-spot-primary-market-auction-report-2024-data.xlsx,Primary Market Auction,17,2024-12-02,2024-12-02 00:00:00,2024-12-02 11:00:25.056000,Auction 4. Period CAP3 EU,T3PA,successful,EU,3287500.0,5481000.0,125.0,33.0,4.81,43848.0,210808.0,272679.0,164375.0,240904.0,1.67,26.0,20.0,True,,True,0.3076923076878302,0.5192307692307693,True,0.0,0.525,True,37932.69230769231,0.5192307692307693,False,0.0027756653992394575,0.005000405661534322,True,0.0,0.504,True,0.002307692307692122,0.005,True,0.7692307692307693,1.293494554286365,1.4655756653992396,0.8300766606403958,0.902425315888367,consistent-but-unverified:all N bidders,consistent-but-unverified:successful S bidders,unknown,unknown
emission-spot-primary-market-auction-report-2024-data.xlsx,Primary Market Auction,18,2024-11-29,2024-11-29 00:00:00,2024-11-29 11:00:20.549000,Auction 4. Period DE,T3PA,successful,DE,1886500.0,3376500.0,104.0,47.0,4.0,32466.0,129865.0,170276.0,82022.0,145581.0,1.79,26.0,23.0,True,,True,-0.3846153846097877,0.5192307692307693,True,0.2608695652161259,0.5217391304347826,True,9464.307692307688,0.5192307692307693,False,0.0001775775245163036,0.005000739417677406,True,-0.34615384615244693,0.5048076923076923,True,0.0,0.005,True,0.8846153846153846,1.311176991491164,1.7749018555997171,0.8377569148984432,1.0206153792215051,consistent-but-unverified:all N bidders,consistent-but-unverified:successful S bidders,unknown,unknown
emission-spot-primary-market-auction-report-2024-data.xlsx,Primary Market Auction,19,2024-11-28,2024-11-28 00:00:00,2024-11-28 11:01:20.117000,Auction 4. Period CAP3 EU,T3PA,successful,EU,3287500.0,5596000.0,120.0,39.0,4.44,46633.0,207259.0,254472.0,142935.0,221702.0,1.7,27.0,23.0,True,,True,-0.25925925927003846,0.5185185185185185,True,0.21739130435162224,0.5217391304347826,True,21175.740740740745,0.5185185185185185,False,-0.0022053231939163087,0.005000410981837579,True,-0.33333333333575865,0.5041666666666667,True,-0.004444444444444251,0.005,True,0.8518518518518519,1.2277971041064561,1.551068667576171,0.801013251538735,0.9365123567025962,consistent-but-unverified:all N bidders,consistent-but-unverified:successful S bidders,unknown,unknown
emission-spot-primary-market-auction-report-2024-data.xlsx,Primary Market Auction,20,2024-11-26,2024-11-26 00:00:00,2024-11-26 11:00:55.273000,Auction 4. Period CAP3 EU,T3PA,successful,EU,3287500.0,5432500.0,89.0,25.0,3.71,61039.0,226354.0,303079.0,193382.0,310040.0,1.65,24.0,17.0,True,,True,-0.1666666666569654,0.5208333333333334,True,-0.3529411764757242,0.5294117647058824,True,56402.83333333334,0.5208333333333334,False,-0.002471482889733867,0.0050004034177542536,True,-0.3258426966276602,0.5056179775280899,True,0.0016666666666664831,0.005,True,0.7083333333333334,1.3389602127640776,1.6032515952880826,0.8497064770957042,0.956761277234012,consistent-but-unverified:all N bidders,consistent-but-unverified:successful S bidders,unknown,unknown
emission-spot-primary-market-auction-report-2024-data.xlsx,Primary Market Auction,21,2024-11-25,2024-11-25 00:00:00,2024-11-25 11:00:22.462000,Auction 4. Period CAP3 EU,T3PA,successful,EU,3287500.0,5168000.0,95.0,33.0,4.52,54400.0,246095.0,290043.0,182639.0,279416.0,1.57,21.0,18.0,True,,True,-0.23809523810632527,0.5238095238095238,True,0.11111111112404615,0.5277777777777778,True,26091.380952380947,0.5238095238095238,False,-0.002015209125475259,0.005000391181056762,True,0.0,0.5052631578947369,True,-0.0038095238095241513,0.005,True,0.8571428571428571,1.1785814421260083,1.5298813506425244,0.7786739503732527,0.9281724046604918,consistent-but-unverified:all N bidders,consistent-but-unverified:successful S bidders,unknown,unknown
emission-spot-primary-market-auction-report-2024-data.xlsx,Primary Market Auction,22,2024-11-22,2024-11-22 00:00:00,2024-11-22 11:00:20.738000,Auction 4. Period DE,T3PA,successful,DE,1886500.0,4056500.0,95.0,28.0,4.13,42700.0,176370.0,176581.0,94325.0,130122.0,2.15,23.0,20.0,True,,True,0.4347826087032445,0.5217391304347826,True,0.0,0.525,True,12303.260869565216,0.5217391304347826,False,-0.0002782931354361473,0.005000834953316472,True,0.0,0.5052631578947369,True,-0.0004347826086954498,0.005,True,0.8695652173913043,1.0011963485853603,1.3795070235886562,0.693745176017696,0.8668933332824491,consistent-but-unverified:all N bidders,consistent-but-unverified:successful S bidders,unknown,unknown
emission-spot-primary-market-auction-report-2024-data.xlsx,Primary Market Auction,23,2024-11-21,2024-11-21 00:00:00,2024-11-21 11:00:39.992000,Auction 4. Period CAP3 EU,T3PA,successful,EU,3287500.0,5683000.0,95.0,33.0,4.52,59821.0,270619.0,266624.0,173026.0,213441.0,1.73,21.0,19.0,True,,True,-0.047619047632906586,0.5238095238095238,True,-0.3157894736796152,0.5263157894736842,True,16478.380952380947,0.5238095238095238,False,0.0013307984790873473,0.0050004150067626514,True,-0.05263157894660253,0.5052631578947369,True,-0.0038095238095241513,0.005,True,0.9047619047619048,0.9852375479918262,1.2335776126131333,0.6857385785114932,0.8036046105293878,consistent-but-unverified:all N bidders,consistent-but-unverified:successful S bidders,unknown,unknown
emission-spot-primary-market-auction-report-2024-data.xlsx,Primary Market Auction,24,2024-11-20,2024-11-20 00:00:00,2024-11-20 11:00:25.832000,Auction 4. Period CAP3 PL,T3PA,successful,PL,2833500.0,4916500.0,90.0,25.0,3.91,54628.0,213761.0,228715.0,157417.0,217817.0,1.74,23.0,18.0,True,,True,0.13043478262261488,0.5217391304347826,True,0.3333333333430346,0.5277777777777778,True,34221.34782608696,0.5217391304347826,False,0.004866772542791553,0.005000482642232864,True,0.22222222221898846,0.5055555555555555,True,-0.003043478260869481,0.005,True,0.782608695652174,1.0699566338106576,1.3836942642789534,0.7275276572079027,0.8686514961295971,consistent-but-unverified:all N bidders,consistent-but-unverified:successful S bidders,unknown,unknown
emission-spot-primary-market-auction-report-2024-data.xlsx,Primary Market Auction,25,2024-11-19,2024-11-19 00:00:00,2024-11-19 11:00:46.479000,Auction 4. Period CAP3 EU,T3PA,successful,EU,3287500.0,4469500.0,97.0,50.0,4.41,46077.0,203159.0,235734.0,164375.0,223358.0,1.36,22.0,20.0,True,,True,-0.09090909091173671,0.5227272727272727,True,0.0,0.525,True,14943.181818181823,0.5227272727272727,False,0.0004562737642586079,0.005000358865997416,True,-0.31958762886642944,0.5051546391752577,True,0.0009090909090909705,0.005,True,0.9090909090909091,1.1603423919196294,1.3588319391634982,0.7702667239115399,0.8581665554813602,consistent-but-unverified:all N bidders,consistent-but-unverified:successful S bidders,unknown,unknown
emission-spot-primary-market-auction-report-2024-data.xlsx,Primary Market Auction,26,2024-11-18,2024-11-18 00:00:00,2024-11-18 11:00:26.755000,Auction 4. Period CAP3 EU,T3PA,successful,EU,3287500.0,5351500.0,102.0,29.0,4.43,52466.0,232674.0,245658.0,182639.0,231174.0,1.63,23.0,18.0,True,,True,0.08695652172900736,0.5217391304347826,True,0.11111111112404615,0.5277777777777778,True,39704.21739130435,0.5217391304347826,False,0.0021673003802280544,0.00500039967041022,True,0.3137254901957931,0.5049019607843137,True,-0.004782608695652613,0.005,True,0.782608695652174,1.0558033987467443,1.2657428041108416,0.7206667198430776,0.817902654006341,consistent-but-unverified:all N bidders,consistent-but-unverified:successful S bidders,unknown,unknown
emission-spot-primary-market-auction-report-2024-data.xlsx,Primary Market Auction,27,2024-11-15,2024-11-15 00:00:00,2024-11-15 11:00:22.168000,Auction 4. Period DE,T3PA,successful,DE,1886500.0,3121500.0,89.0,42.0,4.24,35073.0,148643.0,161375.0,99289.0,119880.0,1.65,21.0,19.0,True,,True,0.14285714286961593,0.5238095238095238,True,-0.4736842105194228,0.5263157894736842,True,9455.666666666672,0.5238095238095238,False,-0.0046514709780016705,0.005000703591812756,True,-0.03370786517189117,0.5056179775280899,True,0.0019047619047620756,0.005,True,0.9047619047619048,1.0856548912495039,1.2073845038221758,0.7350829024553227,0.7918083322278903,consistent-but-unverified:all N bidders,consistent-but-unverified:successful S bidders,unknown,unknown
emission-spot-primary-market-auction-report-2024-data.xlsx,Primary Market Auction,28,2024-11-14,2024-11-14 00:00:00,2024-11-14 11:00:27.772000,Auction 4. Period CAP3 EU,T3PA,successful,EU,3287500.0,5440500.0,110.0,30.0,4.78,49459.0,236543.0,291396.0,182639.0,281387.0,1.65,23.0,18.0,True,,True,-0.47826086956774816,0.5217391304347826,True,0.11111111112404615,0.5277777777777778,True,39704.21739130435,0.5217391304347826,False,-0.00490494296577948,0.005000403787862306,True,-0.09090909091173671,0.5045454545454545,True,-0.002608695652173587,0.005,True,0.782608695652174,1.2318944124324118,1.540673131149426,0.8028507371422082,0.9324290581844517,consistent-but-unverified:all N bidders,consistent-but-unverified:successful S bidders,unknown,unknown
emission-spot-primary-market-auction-report-2024-data.xlsx,Primary Market Auction,30,2024-11-12,2024-11-12 00:00:00,2024-11-12 11:00:26.502000,Auction 4. Period CAP3 EU,T3PA,successful,EU,3287500.0,5250000.0,113.0,37.0,4.35,46460.0,201923.0,243207.0,156548.0,225583.0,1.6,26.0,21.0,True,,True,-0.07692307693650946,0.5192307692307693,True,0.38095238094683737,0.5238095238095238,True,30105.692307692312,0.5192307692307693,False,0.003041825095057016,0.005000394974664302,True,-0.1769911504452466,0.504424778761062,True,0.0038461538461538325,0.005,True,0.8076923076923077,1.2044541731253993,1.4409829573038302,0.7904799377228958,0.8924008095363188,consistent-but-unverified:all N bidders,consistent-but-unverified:successful S bidders,unknown,unknown
emission-spot-primary-market-auction-report-2024-data.xlsx,Primary Market Auction,31,2024-11-11,2024-11-11 00:00:00,2024-11-11 11:00:42.028000,Auction 4. Period CAP3 EU,T3PA,successful,EU,3287500.0,4630000.0,104.0,52.0,4.52,44519.0,201304.0,248886.0,173026.0,241970.0,1.41,23.0,19.0,True,,True,-0.3478260869451333,0.5217391304347826,True,-0.3157894736796152,0.5263157894736842,True,30091.21739130435,0.5217391304347826,False,0.0016349809885931599,0.005000366291290222,True,-0.23076923076587263,0.5048076923076923,True,-0.0017391304347826875,0.005,True,0.8260869565217391,1.2363688749354211,1.3984603469998729,0.8048535125880011,0.8748270094071733,consistent-but-unverified:all N bidders,consistent-but-unverified:successful S bidders,unknown,unknown
emission-spot-primary-market-auction-report-2024-data.xlsx,Primary Market Auction,32,2024-11-08,2024-11-08 00:00:00,2024-11-08 11:00:32.247000,Auction 4. Period DE,T3PA,successful,DE,1886500.0,4022000.0,100.0,28.0,4.55,40220.0,182818.0,172735.0,110971.0,148725.0,2.13,22.0,17.0,True,,True,-0.18181818182347342,0.5227272727272727,True,0.4117647058883449,0.5294117647058824,True,25221.0,0.5227272727272727,False,-0.001990458521071048,0.005000830106287725,True,0.0,0.505,True,0.004545454545453964,0.005,True,0.7727272727272727,0.9448467875154525,1.3402150111290336,0.6651832014820659,0.8502428102463107,consistent-but-unverified:all N bidders,consistent-but-unverified:successful S bidders,unknown,unknown
emission-spot-primary-market-auction-report-2024-data.xlsx,Primary Market Auction,33,2024-11-07,2024-11-07 00:00:00,2024-11-07 11:00:28.696000,Auction 4. Period CAP3 EU,T3PA,successful,EU,3287500.0,5378000.0,112.0,31.0,4.67,48018.0,224083.0,262602.0,173026.0,252837.0,1.64,24.0,19.0,True,,True,-0.3333333333430346,0.5208333333333334,True,-0.3157894736796152,0.5263157894736842,True,36046.83333333334,0.5208333333333334,False,0.004106463878326805,0.005000400896393145,True,0.142857142855064,0.5044642857142857,True,0.0033333333333329662,0.005,True,0.7916666666666666,1.1718961277740838,1.4612659369112158,0.7756005776196853,0.9006758260792203,consistent-but-unverified:all N bidders,consistent-but-unverified:successful S bidders,unknown,unknown
emission-spot-primary-market-auction-report-2024-data.xlsx,Primary Market Auction,34,2024-11-06,2024-11-06 00:00:00,2024-11-06 11:00:32.681000,Auction 4. Period CAP3 PL,T3PA,successful,PL,2833500.0,4476500.0,99.0,47.0,4.13,45217.0,186521.0,232783.0,149132.0,226584.0,1.58,24.0,19.0,True,,True,0.1666666666569654,0.5208333333333334,True,0.42105263157282025,0.5263157894736842,True,31069.5,0.5208333333333334,False,0.00015175577907178273,0.005000455240607553,True,-0.1717171717173187,0.5050505050505051,True,0.004999999999999893,0.005,True,0.7916666666666666,1.248025691477099,1.5193519834777245,0.8100523605591544,0.9240017190411509,consistent-but-unverified:all N bidders,consistent-but-unverified:successful S bidders,unknown,unknown
emission-spot-primary-market-auction-report-2024-data.xlsx,Primary Market Auction,35,2024-11-05,2024-11-05 00:00:00,2024-11-05 11:00:21.794000,Auction 4. Period CAP3 EU,T3PA,successful,EU,3287500.0,4682500.0,104.0,30.0,4.33,45024.0,195104.0,273486.0,219167.0,311360.0,1.42,24.0,15.0,True,,True,-0.1666666666569654,0.5208333333333334,True,0.3333333333430346,0.5333333333333333,True,82187.83333333334,0.5208333333333334,False,-0.004334600760456331,0.005000368720124318,True,-0.03846153846097877,0.5048076923076923,True,-0.0033333333333329662,0.005,True,0.625,1.4017447105133671,1.4206518317082408,0.8761954359583999,0.8840368558454264,consistent-but-unverified:all N bidders,consistent-but-unverified:successful S bidders,unknown,unknown
emission-spot-primary-market-auction-report-2024-data.xlsx,Primary Market Auction,36,2024-11-04,2024-11-04 00:00:00,2024-11-04 11:00:40.207000,Auction 4. Period CAP3 EU,T3PA,successful,EU,3287500.0,5518500.0,105.0,30.0,4.38,52557.0,229938.0,298402.0,193382.0,270036.0,1.68,24.0,17.0,True,,True,0.5,0.5208333333333334,True,-0.3529411764757242,0.5294117647058824,True,56402.83333333334,0.5208333333333334,False,0.0013688212927756016,0.0050004073964158196,True,-0.142857142855064,0.5047619047619047,True,0.004999999999999893,0.005,True,0.7083333333333334,1.297749828214562,1.3963864268649615,0.831930308493621,0.8739619472427064,consistent-but-unverified:all N bidders,consistent-but-unverified:successful S bidders,unknown,unknown
emission-spot-primary-market-auction-report-2024-data.xlsx,Primary Market Auction,37,2024-11-01,2024-11-01 00:00:00,2024-11-01 11:00:25.515000,Auction 4. Period DE,T3PA,successful,DE,1886500.0,3765500.0,79.0,23.0,3.95,47665.0,188275.0,192437.0,134750.0,193441.0,2.0,20.0,14.0,True,,True,0.0,0.525,True,0.0,0.5357142857142857,True,40425.0,0.525,False,0.003975616220514233,0.005000794069682695,True,0.4430379746845574,0.5063291139240507,True,0.0,0.005,True,0.7,1.0221059620236357,1.4355547309833023,0.7041395237868484,0.8901745461874122,consistent-but-unverified:all N bidders,consistent-but-unverified:successful S bidders,unknown,unknown
emission-spot-primary-market-auction-report-2024-data.xlsx,Primary Market Auction,38,2024-10-31,2024-10-31 00:00:00,2024-10-31 11:00:24.139000,Auction 4. Period CAP3 EU,T3PA,successful,EU,3287500.0,4960000.0,87.0,31.0,4.35,57011.0,248000.0,320617.0,205469.0,316641.0,1.51,20.0,16.0,True,,True,0.0,0.525,True,0.25,0.53125,True,41094.0,0.525,False,0.0012547528517110607,0.0050003815582473935,True,-0.49425287356280023,0.5057471264367817,True,0.0,0.005,True,0.8,1.2928104838709678,1.5410645888187513,0.8297783506000568,0.932583122676431,consistent-but-unverified:all N bidders,consistent-but-unverified:successful S bidders,unknown,unknown
emission-spot-primary-market-auction-report-2024-data.xlsx,Primary Market Auction,39,2024-10-29,2024-10-29 00:00:00,2024-10-29 11:00:26.189000,Auction 4. Period CAP3 EU,T3PA,successful,EU,3287500.0,5409000.0,93.0,27.0,4.43,58161.0,257571.0,258557.0,273958.0,279811.0,1.65,21.0,12.0,True,,True,-0.42857142857974395,0.5238095238095238,True,-0.3333333333139308,0.5416666666666666,True,117410.38095238095,0.5238095238095238,False,0.004676806083650176,0.005000402330561849,True,-0.29032258064398775,0.5053763440860215,True,0.0014285714285708906,0.005,True,0.5714285714285714,1.0038280707067178,1.0213645887325795,0.6950593864816632,0.7037728223158929,consistent-but-unverified:all N bidders,consistent-but-unverified:successful S bidders,unknown,unknown
emission-spot-primary-market-auction-report-2024-data.xlsx,Primary Market Auction,40,2024-10-28,2024-10-28 00:00:00,2024-10-28 11:00:28.641000,Auction 4. Period CAP3 EU,T3PA,successful,EU,3287500.0,4689500.0,105.0,60.0,4.57,44662.0,203891.0,231682.0,156548.0,206888.0,1.43,23.0,21.0,True,,True,-0.3043478260806296,0.5217391304347826,True,0.38095238094683737,0.5238095238095238,True,13613.217391304352,0.5217391304347826,False,0.003536121673003656,0.0050003690439688634,True,0.09523809523670934,0.5047619047619047,True,0.004782608695652613,0.005,True,0.9130434782608695,1.1363032208385853,1.321562715588829,0.7590768683443964,0.8422405432276605,consistent-but-unverified:all N bidders,consistent-but-unverified:successful S bidders,unknown,unknown
emission-spot-primary-market-auction-report-2024-data.xlsx,Primary Market Auction,41,2024-10-25,2024-10-25 00:00:00,2024-10-25 11:00:47.542000,Auction 4. Period DE,T3PA,successful,DE,1886500.0,3758500.0,109.0,38.0,5.19,34482.0,178976.0,194072.0,104806.0,183013.0,1.99,21.0,18.0,True,,True,-0.19047619047341868,0.5238095238095238,True,0.4444444444379769,0.5277777777777778,True,14972.666666666672,0.5238095238095238,False,-0.0023138086403393654,0.0050007930862275875,True,0.348623853213212,0.5045871559633027,True,-0.00047619047619029686,0.005,True,0.8571428571428571,1.0843465045592706,1.7462072782092628,0.7344553790523408,1.0102207881857628,consistent-but-unverified:all N bidders,consistent-but-unverified:successful S bidders,unknown,unknown
emission-spot-primary-market-auction-report-2024-data.xlsx,Primary Market Auction,42,2024-10-24,2024-10-24 00:00:00,2024-10-24 11:00:34.181000,Auction 4. Period CAP3 EU,T3PA,successful,EU,3287500.0,5151500.0,107.0,29.0,4.65,48145.0,223978.0,268798.0,219167.0,285711.0,1.57,23.0,15.0,True,,True,-0.2608695652161259,0.5217391304347826,True,0.3333333333430346,0.5333333333333333,True,76232.21739130435,0.5217391304347826,False,0.0030038022813689835,0.005000390417708904,True,0.14018691588717047,0.5046728971962616,True,-0.0021739130434781373,0.005,True,0.6521739130434783,1.2001089392708213,1.3036223519051682,0.7885068769886752,0.8344828196355896,consistent-but-unverified:all N bidders,consistent-but-unverified:successful S bidders,unknown,unknown
emission-spot-primary-market-auction-report-2024-data.xlsx,Primary Market Auction,43,2024-10-23,2024-10-23 00:00:00,2024-10-23 11:00:33.604000,Auction 4. Period CAP3 PL,T3PA,successful,PL,2833500.0,4961500.0,110.0,33.0,4.4,45105.0,198460.0,188564.0,157417.0,179234.0,1.75,25.0,18.0,True,,True,0.0,0.52,True,0.3333333333430346,0.5277777777777778,True,44077.0,0.52,False,-0.0010146461972824206,0.0050004854446718166,True,0.45454545454413164,0.5045454545454545,True,0.0,0.005,True,0.72,0.9501360475662602,1.138593671585661,0.6678991381246804,0.7601484501971936,consistent-but-unverified:all N bidders,consistent-but-unverified:successful S bidders,unknown,unknown
emission-spot-primary-market-auction-report-2024-data.xlsx,Primary Market Auction,44,2024-10-22,2024-10-22 00:00:00,2024-10-22 11:00:41.277000,Auction 4. Period CAP3 EU,T3PA,successful,EU,3287500.0,5257000.0,102.0,31.0,4.25,51539.0,219042.0,250809.0,182639.0,238937.0,1.6,24.0,18.0,True,,True,0.3333333333430346,0.5208333333333334,True,0.11111111112404615,0.5277777777777778,True,45659.83333333334,0.5208333333333334,False,0.0009125475285172158,0.005000395298508848,True,-0.21568627451051725,0.5049019607843137,True,0.0,0.005,True,0.75,1.1450269811269072,1.3082474170357918,0.7631521309148129,0.8364885426559123,consistent-but-unverified:all N bidders,consistent-but-unverified:successful S bidders,unknown,unknown
emission-spot-primary-market-auction-report-2024-data.xlsx,Primary Market Auction,45,2024-10-21,2024-10-21 00:00:00,2024-10-21 11:00:33.421000,Auction 4. Period CAP3 EU,T3PA,successful,EU,3287500.0,5213000.0,99.0,28.0,4.3,52657.0,226652.0,258969.0,193382.0,245486.0,1.59,23.0,17.0,True,,True,-0.17391304348711856,0.5217391304347826,True,-0.3529411764757242,0.5294117647058824,True,50447.21739130435,0.5217391304347826,False,0.0042965779467680765,0.005000393262914559,True,0.4343434343463741,0.5050505050505051,True,-0.004347826086956275,0.005,True,0.7391304347826086,1.1425842260381553,1.269435624825475,0.7620126827535785,0.819531177156483,consistent-but-unverified:all N bidders,consistent-but-unverified:successful S bidders,unknown,unknown
emission-spot-primary-market-auction-report-2024-data.xlsx,Primary Market Auction,46,2024-10-18,2024-10-18 00:00:00,2024-10-18 11:00:25.245000,Auction 4. Period DE,T3PA,successful,DE,1886500.0,3810500.0,107.0,29.0,4.46,35612.0,158771.0,158085.0,110971.0,151749.0,2.02,24.0,17.0,True,,True,0.1666666666569654,0.5208333333333334,True,0.4117647058883449,0.5294117647058824,True,32366.83333333333,0.5208333333333334,False,0.00012191889742929618,0.005000800391894104,True,-0.14953271028207382,0.5046728971962616,True,0.0016666666666669272,0.005,True,0.7083333333333334,0.9956793117130962,1.3674653738364078,0.6909844995067916,0.8618199203476594,consistent-but-unverified:all N bidders,consistent-but-unverified:successful S bidders,unknown,unknown
emission-spot-primary-market-auction-report-2024-data.xlsx,Primary Market Auction,47,2024-10-17,2024-10-17 00:00:00,2024-10-17 11:00:33.204000,Auction 4. Period CAP3 EU,T3PA,successful,EU,3287500.0,5544500.0,118.0,32.0,4.37,46987.0,205352.0,251967.0,173026.0,219743.0,1.69,27.0,19.0,True,,True,0.1481481481459923,0.5185185185185185,True,-0.3157894736796152,0.5263157894736842,True,51266.740740740745,0.5185185185185185,False,0.0034600760456273694,0.005000408599266991,True,-0.2881355932186125,0.5042372881355932,True,-0.0003703703703701322,0.005,True,0.7037037037037037,1.2270004674899684,1.2699998844104354,0.8006555981943682,0.819779780572797,consistent-but-unverified:all N bidders,consistent-but-unverified:successful S bidders,unknown,unknown
emission-spot-primary-market-auction-report-2024-data.xlsx,Primary Market Auction,49,2024-10-15,2024-10-15 00:00:00,2024-10-15 11:00:28.958000,Auction 4. Period CAP3 EU,T3PA,successful,EU,3287500.0,4893000.0,98.0,40.0,4.9,49929.0,244650.0,294203.0,205469.0,289258.0,1.49,20.0,16.0,True,,True,0.0,0.525,True,0.25,0.53125,True,41094.0,0.525,False,0.0016349809885931599,0.005000378458592453,True,0.428571428572468,0.5051020408163265,True,0.0,0.005,True,0.8,1.2025464949928468,1.4077938764485154,0.7896141887042915,0.8787109243012163,consistent-but-unverified:all N bidders,consistent-but-unverified:successful S bidders,unknown,unknown
emission-spot-primary-market-auction-report-2024-data.xlsx,Primary Market Auction,50,2024-10-14,2024-10-14 00:00:00,2024-10-14 11:00:26.442000,Auction 4. Period CAP3 EU,T3PA,successful,EU,3287500.0,6131000.0,110.0,25.0,5.0,55736.0,278682.0,277328.0,252885.0,252896.0,1.86,22.0,13.0,True,,True,0.18181818182347342,0.5227272727272727,True,0.38461538462433964,0.5384615384615384,True,103453.18181818182,0.5227272727272727,False,-0.004942965779467512,0.0050004357328136,True,-0.3636363636396709,0.5045454545454545,True,0.0,0.005,True,0.5909090909090909,0.9951414156637314,1.0000434980327026,0.6907149328740777,0.6931689293397902,consistent-but-unverified:all N bidders,consistent-but-unverified:successful S bidders,unknown,unknown
emission-spot-primary-market-auction-report-2024-data.xlsx,Primary Market Auction,51,2024-10-11,2024-10-11 00:00:00,2024-10-11 11:00:35.159000,Auction 4. Period DE,T3PA,successful,DE,1886500.0,3826500.0,116.0,29.0,4.64,32987.0,153060.0,176265.0,110971.0,154418.0,2.03,25.0,17.0,True,,True,0.0,0.52,True,0.4117647058883449,0.5294117647058824,True,35511.0,0.52,False,0.0016406042936654153,0.005000802639791494,True,-0.06896551723912125,0.5043103448275862,True,0.0,0.005,True,0.68,1.1516072128577028,1.3915167025619306,0.7662151037341158,0.8719277682501126,consistent-but-unverified:all N bidders,consistent-but-unverified:successful S bidders,unknown,unknown
emission-spot-primary-market-auction-report-2024-data.xlsx,Primary Market Auction,52,2024-10-10,2024-10-10 00:00:00,2024-10-10 11:00:27.546000,Auction 4. Period CAP3 EU,T3PA,successful,EU,3287500.0,5543500.0,109.0,24.0,4.54,50858.0,230979.0,265256.0,234821.0,230800.0,1.69,24.0,14.0,True,,True,-0.1666666666569654,0.5208333333333334,True,-0.42857142857974395,0.5357142857142857,True,97841.83333333334,0.5208333333333334,False,0.00376425855513296,0.005000408553003484,True,0.20183486238238402,0.5045871559633027,True,-0.0016666666666669272,0.005,True,0.5833333333333334,1.1483987721827524,0.9828763185575395,0.7647228075459097,0.6845484767188588,consistent-but-unverified:all N bidders,consistent-but-unverified:successful S bidders,unknown,unknown
emission-spot-primary-market-auction-report-2024-data.xlsx,Primary Market Auction,53,2024-10-09,2024-10-09 00:00:00,2024-10-09 11:00:27.174000,Auction 4. Period CAP3 PL,T3PA,successful,PL,2833500.0,3927000.0,107.0,49.0,4.46,36701.0,163625.0,173745.0,149132.0,180737.0,1.39,24.0,19.0,True,,True,0.0,0.5208333333333334,True,0.42105263157282025,0.5263157894736842,True,31069.5,0.5208333333333334,False,0.004081524616198928,0.005000421019714125,True,0.06542056074977154,0.5046728971962616,True,0.0016666666666669272,0.005,True,0.7916666666666666,1.0618487394957983,1.2119263471287183,0.7236030266944666,0.7938637861476484,consistent-but-unverified:all N bidders,consistent-but-unverified:successful S bidders,unknown,unknown
emission-spot-primary-market-auction-report-2024-data.xlsx,Primary Market Auction,54,2024-10-08,2024-10-08 00:00:00,2024-10-08 11:00:26.757000,Auction 4. Period CAP3 EU,T3PA,successful,EU,3287500.0,5138000.0,110.0,36.0,4.4,46709.0,205520.0,264941.0,156548.0,250186.0,1.56,25.0,21.0,True,,True,0.0,0.52,True,0.38095238094683737,0.5238095238095238,True,25048.0,0.52,False,-0.0028897338403042205,0.005000389793151565,True,-0.09090909091173671,0.5045454545454545,True,0.0,0.005,True,0.84,1.289125145971195,1.5981424227712906,0.8281697122462187,0.9547967369041483,consistent-but-unverified:all N bidders,consistent-but-unverified:successful S bidders,unknown,unknown
emission-spot-primary-market-auction-report-2024-data.xlsx,Primary Market Auction,55,2024-10-07,2024-10-07 00:00:00,2024-10-07 11:01:05.311000,Auction 4. Period CAP3 EU,T3PA,successful,EU,3287500.0,5185500.0,112.0,42.0,5.09,46299.0,235705.0,335412.0,164375.0,302350.0,1.58,22.0,20.0,True,,True,0.45454545455868356,0.5227272727272727,True,0.0,0.525,True,14943.181818181823,0.5227272727272727,False,0.0026615969581749166,0.005000391990668128,True,-0.10714285714493599,0.5044642857142857,True,-0.0009090909090909705,0.005,True,0.9090909090909091,1.4230160582083538,1.8393916349809887,0.8850130692199197,1.0435898161913624,consistent-but-unverified:all N bidders,consistent-but-unverified:successful S bidders,unknown,unknown
emission-spot-primary-market-auction-report-2024-data.xlsx,Primary Market Auction,56,2024-10-04,2024-10-04 00:00:00,2024-10-04 11:00:36.698000,Auction 4. Period DE,T3PA,successful,DE,1886500.0,3497500.0,83.0,36.0,4.37,42139.0,184079.0,172230.0,110971.0,165082.0,1.85,19.0,17.0,True,,True,0.052631578961154446,0.5263157894736842,True,0.4117647058883449,0.5294117647058824,True,11681.52631578948,0.5263157894736842,False,-0.0039623641664456866,0.005000756417401416,True,0.44578313252713997,0.5060240963855421,True,0.0015789473684213462,0.005,True,0.8947368421052632,0.9356308976037462,1.4876138811040722,0.6604333186137895,0.9113239703510476,consistent-but-unverified:all N bidders,consistent-but-unverified:successful S bidders,unknown,unknown
emission-spot-primary-market-auction-report-2024-data.xlsx,Primary Market Auction,57,2024-10-03,2024-10-03 00:00:00,2024-10-03 11:00:28.385000,Auction 4. Period CAP3 EU,T3PA,successful,EU,3287500.0,4633000.0,96.0,54.0,4.8,48260.0,231650.0,269763.0,182639.0,248650.0,1.41,20.0,18.0,True,,True,0.0,0.525,True,0.11111111112404615,0.5277777777777778,True,18264.0,0.525,False,0.0007224334600759441,0.005000366430080742,True,-0.41666666666424135,0.5052083333333334,True,0.0,0.005,True,0.9,1.1645283833369307,1.3614288295490011,0.7722025009286971,0.8592668720845106,consistent-but-unverified:all N bidders,consistent-but-unverified:successful S bidders,unknown,unknown
emission-spot-primary-market-auction-report-2024-data.xlsx,Primary Market Auction,59,2024-10-01,2024-10-01 00:00:00,2024-10-01 11:00:48.544000,Auction 4. Period CAP3 EU,T3PA,successful,EU,3287500.0,4162000.0,111.0,59.0,4.27,37495.0,160077.0,201181.0,156548.0,200253.0,1.27,26.0,21.0,True,,True,0.07692307693650946,0.5192307692307693,True,0.38095238094683737,0.5238095238095238,True,30105.692307692312,0.5192307692307693,False,0.003992395437262486,0.005000344639969142,True,-0.49549549549556104,0.5045045045045045,True,0.0007692307692304112,0.005,True,0.8076923076923077,1.2567764263448216,1.279179548764596,0.8139374350399724,0.8238155311727975,consistent-but-unverified:all N bidders,consistent-but-unverified:successful S bidders,unknown,unknown
emission-spot-primary-market-auction-report-2024-data.xlsx,Primary Market Auction,60,2024-09-30,2024-09-30 00:00:00,2024-09-30 11:00:37.436000,Auction 4. Period CAP3 EU,T3PA,successful,EU,3287500.0,5306500.0,106.0,37.0,4.61,50061.0,230717.0,250097.0,156548.0,215983.0,1.61,23.0,21.0,True,,True,-0.3913043478387408,0.5217391304347826,True,0.38095238094683737,0.5238095238095238,True,13613.217391304352,0.5217391304347826,False,-0.004144486692015059,0.005000397588552424,True,-0.32075471698044566,0.5047169811320755,True,0.0013043478260872376,0.005,True,0.9130434782608695,1.083999011776332,1.3796599126146614,0.7342886496953901,0.8669575836136971,consistent-but-unverified:all N bidders,consistent-but-unverified:successful S bidders,unknown,unknown
emission-spot-primary-market-auction-report-2024-data.xlsx,Primary Market Auction,61,2024-09-27,2024-09-27 00:00:00,2024-09-27 11:00:19.381000,Auction 4. Period DE,T3PA,successful,DE,1886500.0,3557000.0,99.0,20.0,4.3,35929.0,154652.0,242362.0,134750.0,260515.0,1.89,23.0,14.0,True,,True,-0.17391304348711856,0.5217391304347826,True,0.0,0.5357142857142857,True,52728.260869565216,0.5217391304347826,False,0.004497747150808307,0.005000764776769835,True,-0.2929292929256917,0.5050505050505051,True,-0.004347826086956275,0.005,True,0.6086956521739131,1.5671442981662054,1.9333209647495362,0.9427941130735215,1.0761352162445033,consistent-but-unverified:all N bidders,consistent-but-unverified:successful S bidders,unknown,unknown
emission-spot-primary-market-auction-report-2024-data.xlsx,Primary Market Auction,62,2024-09-26,2024-09-26 00:00:00,2024-09-26 11:00:34.128000,Auction 4. Period CAP3 EU,T3PA,successful,EU,3287500.0,4857000.0,95.0,39.0,4.32,51126.0,220773.0,284683.0,182639.0,287230.0,1.48,22.0,18.0,True,,True,0.27272727273521014,0.5227272727272727,True,0.11111111112404615,0.5277777777777778,True,33207.18181818182,0.5227272727272727,False,0.002585551330798408,0.005000376793106216,True,-0.31578947368689114,0.5052631578947369,True,0.001818181818181941,0.005,True,0.8181818181818182,1.2894828624877137,1.5726652029413215,0.8283259678228418,0.9449424054945725,consistent-but-unverified:all N bidders,consistent-but-unverified:successful S bidders,unknown,unknown
emission-spot-primary-market-auction-report-2024-data.xlsx,Primary Market Auction,63,2024-09-25,2024-09-25 00:00:00,2024-09-25 11:00:26.792000,Auction 4. Period CAP3 PL,T3PA,successful,PL,2833500.0,5095500.0,97.0,25.0,4.22,52531.0,221543.0,251134.0,166676.0,250894.0,1.8,23.0,17.0,True,,True,-0.47826086956774816,0.5217391304347826,True,-0.4705882353009656,0.5294117647058824,True,43480.34782608696,0.5217391304347826,False,0.0016940179989413107,0.005000493789712252,True,0.07216494845488342,0.5051546391752577,True,0.002608695652173587,0.005,True,0.7391304347826086,1.1335677498273473,1.5052797043365571,0.7577955783924204,0.9184003867212783,consistent-but-unverified:all N bidders,consistent-but-unverified:successful S bidders,unknown,unknown
emission-spot-primary-market-auction-report-2024-data.xlsx,Primary Market Auction,64,2024-09-24,2024-09-24 00:00:00,2024-09-24 11:00:37.434000,Auction 4. Period CAP3 EU,T3PA,successful,EU,3287500.0,5323500.0,103.0,22.0,4.48,51684.0,231457.0,287448.0,252885.0,306642.0,1.62,23.0,13.0,True,,True,0.47826086956774816,0.5217391304347826,True,0.38461538462433964,0.5384615384615384,True,109950.21739130435,0.5217391304347826,False,0.0006844106463879118,0.005000398375032036,True,-0.4660194174721255,0.5048543689320388,True,0.0017391304347826875,0.005,True,0.5652173913043478,1.2419067040530207,1.2125748858176641,0.8073267109621061,0.7941569440244103,consistent-but-unverified:all N bidders,consistent-but-unverified:successful S bidders,unknown,unknown
emission-spot-primary-market-auction-report-2024-data.xlsx,Primary Market Auction,65,2024-09-23,2024-09-23 00:00:00,2024-09-23 11:00:49.430000,Auction 4. Period CAP3 EU,T3PA,successful,EU,3287500.0,5470500.0,114.0,30.0,4.75,47987.0,227938.0,280155.0,205469.0,291621.0,1.66,24.0,16.0,True,,True,0.5,0.5208333333333334,True,0.25,0.53125,True,68489.83333333334,0.5208333333333334,False,-0.00403041825095074,0.005000405175767503,True,0.1578947368398076,0.5043859649122807,True,0.0,0.005,True,0.6666666666666666,1.2290842246575824,1.4192943947748808,0.801590839538937,0.8834759252460223,consistent-but-unverified:all N bidders,consistent-but-unverified:successful S bidders,unknown,unknown
emission-spot-primary-market-auction-report-2024-data.xlsx,Primary Market Auction,66,2024-09-20,2024-09-20 00:00:00,2024-09-20 11:00:33.609000,Auction 4. Period DE,T3PA,successful,DE,1886500.0,3668000.0,106.0,29.0,4.61,34604.0,159478.0,185389.0,99289.0,173790.0,1.94,23.0,19.0,True,,True,-0.2608695652161259,0.5217391304347826,True,-0.4736842105194228,0.5263157894736842,True,17267.260869565216,0.5217391304347826,False,-0.0043413729128014555,0.005000780371557976,True,0.22641509433742613,0.5047169811320755,True,0.0013043478260872376,0.005,True,0.8260869565217391,1.1624738208404921,1.750344952613079,0.7712528537809049,1.011726341125725,consistent-but-unverified:all N bidders,consistent-but-unverified:successful S bidders,unknown,unknown
emission-spot-primary-market-auction-report-2024-data.xlsx,Primary Market Auction,67,2024-09-19,2024-09-19 00:00:00,2024-09-19 11:00:27.228000,Auction 4. Period CAP3 EU,T3PA,successful,EU,3290500.0,5386000.0,98.0,26.0,4.45,54959.0,244818.0,289299.0,182806.0,254962.0,1.64,22.0,18.0,True,,True,-0.18181818182347342,0.5227272727272727,True,0.4444444444379769,0.5277777777777778,True,33237.81818181818,0.5227272727272727,False,0.0031666919920982917,0.005000400673690431,True,-0.18367346938612172,0.5051020408163265,True,-0.004545454545453964,0.005,True,0.8181818181818182,1.1816900718084455,1.3947135214380273,0.7800998387378636,0.8732636084424428,consistent-but-unverified:all N bidders,consistent-but-unverified:successful S bidders,unknown,unknown
emission-spot-primary-market-auction-report-2024-data.xlsx,Primary Market Auction,69,2024-09-17,2024-09-17 00:00:00,2024-09-17 11:00:43.969000,Auction 4. Period CAP3 EU,T3PA,successful,EU,3287500.0,5642000.0,106.0,33.0,4.24,53226.0,225680.0,251214.0,173026.0,228620.0,1.72,25.0,19.0,True,,True,0.0,0.52,True,-0.3157894736796152,0.5263157894736842,True,41526.0,0.52,False,0.0038022813688212143,0.005000413109958882,True,-0.4150943396234652,0.5047169811320755,True,0.0,0.005,True,0.76,1.1131425026586317,1.3213043126466542,0.7481761772773615,0.8421292314279168,consistent-but-unverified:all N bidders,consistent-but-unverified:successful S bidders,unknown,unknown
emission-spot-primary-market-auction-report-2024-data.xlsx,Primary Market Auction,70,2024-09-16,2024-09-16 00:00:00,2024-09-16 11:00:34.604000,Auction 4. Period CAP3 EU,T3PA,successful,EU,3287500.0,6730500.0,111.0,11.0,4.63,60635.0,280438.0,355974.0,657500.0,437456.0,2.05,24.0,5.0,True,,True,0.5,0.5208333333333334,True,0.0,0.6,True,520520.8333333334,0.5208333333333334,False,0.002699619771862949,0.0050004634677857955,True,-0.13513513513316866,0.5045045045045045,True,0.004999999999999893,0.005,True,0.20833333333333334,1.269350088076509,0.665332319391635,0.8194934856881535,0.5100246947429354,consistent-but-unverified:all N bidders,consistent-but-unverified:successful S bidders,unknown,unknown
emission-spot-primary-market-auction-report-2024-data.xlsx,Primary Market Auction,71,2024-09-13,2024-09-13 00:00:00,2024-09-13 11:00:36.665000,Auction 4. Period DE,T3PA,successful,DE,1886500.0,2798500.0,91.0,41.0,4.14,30753.0,127205.0,179555.0,99289.0,188895.0,1.48,22.0,19.0,True,,True,0.45454545454413164,0.5227272727272727,True,-0.4736842105194228,0.5263157894736842,True,13539.0,0.5227272727272727,False,-0.0034349324145241944,0.0050006582123842,True,0.25274725274721277,0.5054945054945055,True,0.0036363636363629936,0.005,True,0.8636363636363636,1.411540426870013,1.90247660868777,0.8802657245870822,1.065564375535134,consistent-but-unverified:all N bidders,consistent-but-unverified:successful S bidders,unknown,unknown
emission-spot-primary-market-auction-report-2024-data.xlsx,Primary Market Auction,72,2024-09-12,2024-09-12 00:00:00,2024-09-12 11:00:30.622000,Auction 4. Period CAP3 EU,T3PA,successful,EU,3287500.0,5025000.0,87.0,30.0,3.95,57759.0,228409.0,308070.0,205469.0,302745.0,1.53,22.0,16.0,True,,True,-0.09090909091173671,0.5227272727272727,True,0.25,0.53125,True,56037.18181818182,0.5227272727272727,False,0.0014828897338403646,0.005000384565375321,True,0.37931034482608084,0.5057471264367817,True,-0.004545454545454408,0.005,True,0.7272727272727273,1.348764715926255,1.4734339486735226,0.853889537154864,0.9056074477404487,consistent-but-unverified:all N bidders,consistent-but-unverified:successful S bidders,unknown,unknown
emission-spot-primary-market-auction-report-2024-data.xlsx,Primary Market Auction,73,2024-09-11,2024-09-11 00:00:00,2024-09-11 11:00:56.943000,Auction 4. Period CAP3 PL,T3PA,successful,PL,2833500.0,4539000.0,101.0,38.0,3.88,44941.0,174577.0,214017.0,157417.0,229883.0,1.6,26.0,18.0,True,,True,0.07692307693650946,0.5192307692307693,True,0.3333333333430346,0.5277777777777778,True,48436.230769230766,0.5192307692307693,False,-0.0019057702488087802,0.005000459132883875,True,0.40594059405702865,0.504950495049505,True,-0.004615384615384688,0.005,True,0.6923076923076923,1.225917503451199,1.460344181378123,0.8001691917223926,0.9003012512869405,consistent-but-unverified:all N bidders,consistent-but-unverified:successful S bidders,unknown,unknown
emission-spot-primary-market-auction-report-2024-data.xlsx,Primary Market Auction,74,2024-09-10,2024-09-10 00:00:00,2024-09-10 11:00:26.818000,Auction 4. Period CAP3 EU,T3PA,successful,EU,3287500.0,5296500.0,106.0,39.0,4.24,49967.0,211860.0,266788.0,173026.0,253289.0,1.61,25.0,19.0,True,,True,0.0,0.52,True,-0.3157894736796152,0.5263157894736842,True,41526.0,0.52,False,-0.0011026615969580433,0.005000397125917358,True,0.018867924525693525,0.5047169811320755,True,0.0,0.005,True,0.76,1.2592655527234966,1.4638782610705905,0.815039783796814,0.9017366374176662,consistent-but-unverified:all N bidders,consistent-but-unverified:successful S bidders,unknown,unknown
emission-spot-primary-market-auction-report-2024-data.xlsx,Primary Market Auction,75,2024-09-09,2024-09-09 00:00:00,2024-09-09 11:00:42.614000,Auction 4. Period CAP3 EU,T3PA,successful,EU,3287500.0,5490500.0,120.0,27.0,4.44,45754.0,203352.0,248823.0,205469.0,258516.0,1.67,27.0,16.0,True,,True,0.1481481481459923,0.5185185185185185,True,0.25,0.53125,True,83709.74074074074,0.5185185185185185,False,-0.00011406844106476299,0.005000406101037635,True,-0.16666666666424135,0.5041666666666667,True,-0.004444444444444251,0.005,True,0.5925925925925926,1.2236073409654196,1.2581751991784649,0.7991308054793063,0.8145570531419641,consistent-but-unverified:all N bidders,consistent-but-unverified:successful S bidders,unknown,unknown
emission-spot-primary-market-auction-report-2024-data.xlsx,Primary Market Auction,76,2024-09-06,2024-09-06 00:00:00,2024-09-06 11:00:46.660000,Auction 4. Period DE,T3PA,successful,DE,1886500.0,4617500.0,118.0,21.0,4.54,39131.0,177596.0,194728.0,157208.0,201704.0,2.45,26.0,12.0,True,,True,-0.1538461538439151,0.5192307692307693,True,-0.3333333333430346,0.5416666666666666,True,84650.30769230769,0.5192307692307693,False,0.002345613570103655,0.005000913770218701,True,-0.35593220339069376,0.5042372881355932,True,0.0015384615384617106,0.005,True,0.46153846153846156,1.0964661366246988,1.2830390310925652,0.7402531351608576,0.8255074638064948,consistent-but-unverified:all N bidders,consistent-but-unverified:successful S bidders,unknown,unknown
emission-spot-primary-market-auction-report-2024-data.xlsx,Primary Market Auction,77,2024-09-05,2024-09-05 00:00:00,2024-09-05 11:00:27.089000,Auction 4. Period CAP3 EU,T3PA,successful,EU,3287500.0,4710500.0,95.0,39.0,3.8,49584.0,188420.0,252886.0,142935.0,222695.0,1.43,25.0,23.0,True,,True,0.0,0.52,True,0.21739130435162224,0.5217391304347826,True,11435.0,0.52,False,-0.002851711026615966,0.005000370015502502,True,-0.21052631578641012,0.5052631578947369,True,0.0,0.005,True,0.92,1.3421399002229062,1.5580158813446672,0.8510649987556184,0.93923191163803,consistent-but-unverified:all N bidders,consistent-but-unverified:successful S bidders,unknown,unknown
emission-spot-primary-market-auction-report-2024-data.xlsx,Primary Market Auction,78,2024-09-03,2024-09-03 00:00:00,2024-09-03 11:00:34.961000,Auction 4. Period CAP3 EU,T3PA,successful,EU,3287500.0,4986500.0,109.0,34.0,4.04,45748.0,184685.0,236926.0,156548.0,223319.0,1.52,27.0,21.0,True,,True,-0.1851851851970423,0.5185185185185185,True,0.38095238094683737,0.5238095238095238,True,34788.740740740745,0.5185185185185185,False,0.003193916349809811,0.005000382784230318,True,0.29357798165438,0.5045871559633027,True,0.002962962962962834,0.005,True,0.7777777777777778,1.2828654194980642,1.4265209392646345,0.825431416838599,0.8864585192364238,consistent-but-unverified:all N bidders,consistent-but-unverified:successful S bidders,unknown,unknown
emission-spot-primary-market-auction-report-2024-data.xlsx,Primary Market Auction,79,2024-09-02,2024-09-02 00:00:00,2024-09-02 11:00:28.798000,Auction 4. Period CAP3 EU,T3PA,successful,EU,3287500.0,5626000.0,114.0,30.0,4.75,49351.0,234417.0,290230.0,205469.0,288491.0,1.71,24.0,16.0,True,,True,0.3333333333430346,0.5208333333333334,True,0.25,0.53125,True,68489.83333333334,0.5208333333333334,False,-0.0013307984790875693,0.005000412369742776,True,0.12280701754207257,0.5043859649122807,True,0.0,0.005,True,0.6666666666666666,1.2380928004368283,1.404060953233821,0.8056240748195189,0.877159371274085,consistent-but-unverified:all N bidders,consistent-but-unverified:successful S bidders,unknown,unknown
emission-spot-primary-market-auction-report-2024-data.xlsx,Primary Market Auction,80,2024-08-30,2024-08-30 00:00:00,2024-08-30 11:00:28.246000,Auction 4. Period DE,T3PA,successful,DE,1810000.0,3239000.0,88.0,36.0,3.83,36807.0,140826.0,142107.0,100556.0,130297.0,1.79,23.0,18.0,True,,True,-0.08695652172900736,0.5217391304347826,True,0.4444444444379769,0.5277777777777778,True,21860.34782608696,0.5217391304347826,False,0.0004972375690608377,0.005000770581010157,True,0.18181818181619747,0.5056818181818182,True,0.003913043478260825,0.005,True,0.782608695652174,1.0090963316433046,1.295765543577708,0.6976850347296739,0.8310663580767079,consistent-but-unverified:all N bidders,consistent-but-unverified:successful S bidders,unknown,unknown
emission-spot-primary-market-auction-report-2024-data.xlsx,Primary Market Auction,81,2024-08-29,2024-08-29 00:00:00,2024-08-29 11:00:16.436000,Auction 4. Period CAP3 EU,T3PA,successful,EU,3125000.0,5048500.0,93.0,29.0,4.23,54285.0,229477.0,264318.0,223214.0,239492.0,1.62,22.0,14.0,True,,True,-0.27272727273521014,0.5227272727272727,True,-0.285714285710128,0.5357142857142857,True,81168.54545454544,0.5227272727272727,False,0.0044800000000000395,0.005000418483241357,True,0.05376344086107565,0.5053763440860215,True,0.0027272727272729114,0.005,True,0.6363636363636364,1.1518278520287437,1.0729255333446828,0.7663176446893795,0.728960910639918,consistent-but-unverified:all N bidders,consistent-but-unverified:successful S bidders,unknown,unknown
emission-spot-primary-market-auction-report-2024-data.xlsx,Primary Market Auction,82,2024-08-28,2024-08-28 00:00:00,2024-08-28 11:00:21.373000,Auction 4. Period CAP3 PL,T3PA,successful,PL,2313500.0,4061500.0,84.0,27.0,4.2,48351.0,203075.0,229817.0,177962.0,243782.0,1.76,20.0,13.0,True,,True,0.0,0.525,True,0.46153846153174527,0.5384615384615384,True,62287.0,0.525,False,0.004434838988545575,0.005000595540423694,True,-0.19047619047341868,0.5059523809523809,True,0.0,0.005,True,0.65,1.1316853379293363,1.3698542385453074,0.7569129053216797,0.8628284505321708,consistent-but-unverified:all N bidders,consistent-but-unverified:successful S bidders,unknown,unknown
emission-spot-primary-market-auction-report-2024-data.xlsx,Primary Market Auction,83,2024-08-27,2024-08-27 00:00:00,2024-08-27 11:00:27.479000,Auction 4. Period CAP3 EU,T3PA,successful,EU,3099500.0,4999500.0,110.0,31.0,4.4,45450.0,199980.0,235712.0,182324.0,224741.0,1.61,25.0,17.0,True,,True,0.0,0.52,True,0.4705882353009656,0.5294117647058824,True,58344.0,0.52,False,-0.003002097112437374,0.00500042151998021,True,0.0,0.5045454545454545,True,0.0,0.005,True,0.68,1.1786778677867786,1.2326462780544525,0.7787182101493769,0.8031875537069002,consistent-but-unverified:all N bidders,consistent-but-unverified:successful S bidders,unknown,unknown
emission-spot-primary-market-auction-report-2024-data.xlsx,Primary Market Auction,84,2024-08-26,2024-08-26 00:00:00,2024-08-26 11:00:57.953000,Auction 4. Period CAP3 EU,T3PA,successful,EU,3099500.0,4711000.0,93.0,35.0,4.89,50656.0,247947.0,272816.0,193719.0,252547.0,1.52,19.0,16.0,True,,True,-0.36842105264076963,0.5263157894736842,True,0.25,0.53125,True,30587.421052631573,0.5263157894736842,False,7.743184384589874e-05,0.005000406504728722,True,0.08602150537626585,0.5053763440860215,True,-0.00473684210526315,0.005,True,0.8421052631578947,1.1002996608146096,1.3036769754128403,0.7420800301753294,0.8345065313607432,consistent-but-unverified:all N bidders,consistent-but-unverified:successful S bidders,unknown,unknown
emission-spot-primary-market-auction-report-2024-data.xlsx,Primary Market Auction,85,2024-08-23,2024-08-23 00:00:00,2024-08-23 11:01:58.699000,Auction 4. Period DE,T3PA,successful,DE,1796000.0,3792500.0,94.0,25.0,4.48,40346.0,180595.0,158739.0,105647.0,132568.0,2.11,21.0,17.0,True,,True,-0.23809523810632527,0.5238095238095238,True,-0.0588235294126207,0.5294117647058824,True,20123.190476190473,0.5238095238095238,False,-0.001636971046770519,0.005000866268808162,True,0.25531914893508656,0.5053191489361702,True,0.0038095238095241513,0.005,True,0.8095238095238095,0.878977823306293,1.25482029778413,0.6307279179701377,0.8130702792178188,consistent-but-unverified:all N bidders,consistent-but-unverified:successful S bidders,unknown,unknown
emission-spot-primary-market-auction-report-2024-data.xlsx,Primary Market Auction,86,2024-08-22,2024-08-22 00:00:00,2024-08-22 11:01:14.904000,Auction 4. Period CAP3 EU,T3PA,successful,EU,3099500.0,5258500.0,107.0,37.0,4.28,49145.0,210340.0,241945.0,154975.0,203978.0,1.7,25.0,20.0,True,,True,0.0,0.52,True,0.0,0.525,True,30995.0,0.52,False,0.003436038070656622,0.0050004349998766925,True,0.14018691588717047,0.5046728971962616,True,0.0,0.005,True,0.8,1.150256727203575,1.316199386997903,0.7655872430126663,0.8399276471095709,consistent-but-unverified:all N bidders,consistent-but-unverified:successful S bidders,unknown,unknown
emission-spot-primary-market-auction-report-2024-data.xlsx,Primary Market Auction,87,2024-08-20,2024-08-20 00:00:00,2024-08-20 11:00:36.217000,Auction 4. Period CAP3 EU,T3PA,successful,EU,3099500.0,5179500.0,107.0,32.0,3.96,48407.0,191833.0,231330.0,154975.0,188056.0,1.67,27.0,20.0,True,,True,-0.3333333333430346,0.5185185185185185,True,0.0,0.525,True,40178.70370370371,0.5185185185185185,False,-0.0010759799967736683,0.005000430888248035,True,0.45794392523384886,0.5046728971962616,True,-0.002962962962962834,0.005,True,0.7407407407407407,1.2058926253564297,1.2134602355218584,0.7911322457375543,0.7945570085027667,consistent-but-unverified:all N bidders,consistent-but-unverified:successful S bidders,unknown,unknown
emission-spot-primary-market-auction-report-2024-data.xlsx,Primary Market Auction,88,2024-08-19,2024-08-19 00:00:00,2024-08-19 11:00:46.657000,Auction 4. Period CAP3 EU,T3PA,successful,EU,3099500.0,5359500.0,112.0,32.0,4.48,47853.0,214380.0,225324.0,221393.0,193942.0,1.73,25.0,14.0,True,,True,0.0,0.52,True,0.14285714286961593,0.5357142857142857,True,97413.0,0.52,False,0.0008501371188900375,0.005000440256515862,True,0.321428571427532,0.5044642857142857,True,0.0,0.005,True,0.56,1.0510495382031906,0.8760078231922418,0.7183516319936796,0.6291460207204561,consistent-but-unverified:all N bidders,consistent-but-unverified:successful S bidders,unknown,unknown
emission-spot-primary-market-auction-report-2024-data.xlsx,Primary Market Auction,89,2024-08-16,2024-08-16 00:00:00,2024-08-16 11:00:26.050000,Auction 4. Period DE,T3PA,successful,DE,1796000.0,3471000.0,96.0,20.0,4.17,36156.0,150913.0,137168.0,138154.0,135622.0,1.93,23.0,13.0,True,,True,-0.04347826086450368,0.5217391304347826,True,0.1538461538439151,0.5384615384615384,True,60067.043478260865,0.5217391304347826,False,-0.0026280623608019305,0.0050008164333520035,True,-0.25,0.5052083333333334,True,-0.003913043478260825,0.005,True,0.5652173913043478,0.9089210339732163,0.9816726261997482,0.6465381787613955,0.6839412488038804,consistent-but-unverified:all N bidders,consistent-but-unverified:successful S bidders,unknown,unknown
emission-spot-primary-market-auction-report-2024-data.xlsx,Primary Market Auction,90,2024-08-15,2024-08-15 00:00:00,2024-08-15 11:00:25.714000,Auction 4. Period CAP3 EU,T3PA,successful,EU,3099500.0,5164000.0,97.0,20.0,4.85,53237.0,258200.0,302076.0,238423.0,283735.0,1.67,20.0,13.0,True,,True,0.0,0.525,True,-0.07692307693650946,0.5384615384615384,True,83448.0,0.525,False,0.003924826584932983,0.005000430081536084,True,-0.1134020618555951,0.5051546391752577,True,0.0,0.005,True,0.65,1.1699302865995354,1.1900487788510337,0.7746950410453199,0.7839238170283205,consistent-but-unverified:all N bidders,consistent-but-unverified:successful S bidders,unknown,unknown
emission-spot-primary-market-auction-report-2024-data.xlsx,Primary Market Auction,91,2024-08-14,2024-08-14 00:00:00,2024-08-14 11:00:25.246000,Auction 4. Period CAP3 PL,T3PA,successful,PL,2310000.0,3676500.0,99.0,39.0,4.3,37136.0,159848.0,143935.0,121579.0,140477.0,1.59,23.0,19.0,True,,True,0.17391304348711856,0.5217391304347826,True,0.05263157894660253,0.5263157894736842,True,21144.21739130435,0.5217391304347826,False,-0.0015584415584415368,0.005000560943460184,True,-0.3636363636396709,0.5050505050505051,True,-0.004347826086956275,0.005,True,0.8260869565217391,0.9004491767178819,1.1554380279489056,0.6420902670311234,0.7679939641301369,consistent-but-unverified:all N bidders,consistent-but-unverified:successful S bidders,unknown,unknown
emission-spot-primary-market-auction-report-2024-data.xlsx,Primary Market Auction,92,2024-08-13,2024-08-13 00:00:00,2024-08-13 11:00:24.651000,Auction 4. Period CAP3 EU,T3PA,successful,EU,3099500.0,4640500.0,112.0,44.0,4.87,41433.0,201761.0,236362.0,147595.0,206036.0,1.5,23.0,21.0,True,,True,0.13043478262261488,0.5217391304347826,True,-0.23809523810632527,0.5238095238095238,True,12834.130434782623,0.5217391304347826,False,0.0028230359735441635,0.00500040283549049,True,-0.03571428571740398,0.5044642857142857,True,0.0004347826086954498,0.005,True,0.9130434782608695,1.1714949866426119,1.395955147532098,0.775415864283011,0.8737819603501477,consistent-but-unverified:all N bidders,consistent-but-unverified:successful S bidders,unknown,unknown
emission-spot-primary-market-auction-report-2024-data.xlsx,Primary Market Auction,93,2024-08-12,2024-08-12 00:00:00,2024-08-12 11:00:59.841000,Auction 4. Period CAP3 EU,T3PA,successful,EU,3099500.0,4271000.0,108.0,59.0,4.15,39546.0,164269.0,165737.0,147595.0,161294.0,1.38,26.0,21.0,True,,True,-0.23076923078042455,0.5192307692307693,True,-0.23809523810632527,0.5238095238095238,True,28383.46153846153,0.5192307692307693,False,0.0020358122277785995,0.005000383604518481,True,-0.2962962962992606,0.5046296296296297,True,-0.0038461538461538325,0.005,True,0.8076923076923077,1.0089365613718961,1.0928147972492293,0.6976055081176492,0.7385099528067923,consistent-but-unverified:all N bidders,consistent-but-unverified:successful S bidders,unknown,unknown
emission-spot-primary-market-auction-report-2024-data.xlsx,Primary Market Auction,94,2024-08-09,2024-08-09 00:00:00,2024-08-09 11:00:24.916000,Auction 4. Period DE,T3PA,successful,DE,1796000.0,4035500.0,95.0,20.0,4.32,42479.0,183432.0,182272.0,163273.0,213664.0,2.25,22.0,11.0,True,,True,0.18181818182347342,0.5227272727272727,True,0.27272727273521014,0.5454545454545454,True,81636.63636363637,0.5227272727272727,False,0.003062360801781683,0.005000903936042521,True,0.05263157894660253,0.5052631578947369,True,0.001818181818181941,0.005,True,0.5,0.9936761306642243,1.3086303307956613,0.689980236414087,0.8366544182894733,consistent-but-unverified:all N bidders,consistent-but-unverified:successful S bidders,unknown,unknown
emission-spot-primary-market-auction-report-2024-data.xlsx,Primary Market Auction,95,2024-08-08,2024-08-08 00:00:00,2024-08-08 11:00:54.199000,Auction 4. Period CAP3 EU,T3PA,successful,EU,3099500.0,5258500.0,124.0,31.0,4.77,42407.0,202250.0,233860.0,172194.0,243990.0,1.7,26.0,18.0,True,,True,0.0,0.5192307692307693,True,-0.4444444444379769,0.5277777777777778,True,52982.46153846153,0.5192307692307693,False,0.003436038070656622,0.0050004349998766925,True,-0.25806451612879755,0.5040322580645161,True,0.0007692307692304112,0.005,True,0.6923076923076923,1.156291718170581,1.416948325725635,0.7683899491677422,0.8825057219833409,consistent-but-unverified:all N bidders,consistent-but-unverified:successful S bidders,unknown,unknown
emission-spot-primary-market-auction-report-2024-data.xlsx,Primary Market Auction,96,2024-08-06,2024-08-06 00:00:00,2024-08-06 11:00:16.986000,Auction 4. Period CAP3 EU,T3PA,successful,EU,3099500.0,5034500.0,105.0,37.0,4.04,47948.0,193635.0,201718.0,147595.0,180460.0,1.62,26.0,21.0,True,,True,0.38461538462433964,0.5192307692307693,True,-0.23809523810632527,0.5238095238095238,True,28383.46153846153,0.5192307692307693,False,-0.004294241006613797,0.005000423341587843,True,0.3809523809541133,0.5047619047619047,True,0.0015384615384617106,0.005,True,0.8076923076923077,1.0417434864564774,1.2226701446525967,0.7138040930743392,0.798709240999926,consistent-but-unverified:all N bidders,consistent-but-unverified:successful S bidders,unknown,unknown
emission-spot-primary-market-auction-report-2024-data.xlsx,Primary Market Auction,97,2024-08-05,2024-08-05 00:00:00,2024-08-05 11:00:21.897000,Auction 4. Period CAP3 EU,T3PA,successful,EU,3099500.0,5168500.0,100.0,26.0,4.35,51685.0,224717.0,202926.0,172194.0,176546.0,1.67,23.0,18.0,True,,True,-0.3913043478387408,0.5217391304347826,True,-0.4444444444379769,0.5277777777777778,True,37433.13043478262,0.5217391304347826,False,0.002472979512824658,0.005000430315742779,True,0.0,0.505,True,0.0021739130434781373,0.005,True,0.782608695652174,0.9030291433224901,1.0252738190645434,0.6434469026068848,0.7057049107083307,consistent-but-unverified:all N bidders,consistent-but-unverified:successful S bidders,unknown,unknown
emission-spot-primary-market-auction-report-2024-data.xlsx,Primary Market Auction,98,2024-08-02,2024-08-02 00:00:00,2024-08-02 11:00:34.598000,Auction 4. Period DE,T3PA,successful,DE,1796000.0,3530500.0,94.0,31.0,4.27,37559.0,160477.0,153559.0,94526.0,133794.0,1.97,22.0,19.0,True,,True,-0.27272727273521014,0.5227272727272727,True,-0.3157894736796152,0.5263157894736842,True,12889.636363636368,0.5227272727272727,False,0.004242761692650365,0.0050008256563990995,True,0.4893617021298269,0.5053191489361702,True,-0.0027272727272729114,0.005,True,0.8636363636363636,0.9568910186506477,1.4154200960582273,0.6713569988973629,0.8818732247956405,consistent-but-unverified:all N bidders,consistent-but-unverified:successful S bidders,unknown,unknown
emission-spot-primary-market-auction-report-2024-data.xlsx,Primary Market Auction,99,2024-08-01,2024-08-01 00:00:00,2024-08-01 11:00:25.140000,Auction 4. Period CAP3 EU,T3PA,successful,EU,3099500.0,5411000.0,107.0,36.0,4.46,50570.0,225458.0,223374.0,163132.0,176893.0,1.75,24.0,19.0,True,,True,-0.3333333333430346,0.5208333333333334,True,0.42105263157282025,0.5263157894736842,True,33986.16666666667,0.5208333333333334,False,0.004234553960316134,0.005000442936881378,True,-0.09345794392720563,0.5046728971962616,True,0.0016666666666669272,0.005,True,0.7916666666666666,0.9907565932457486,1.0843550008582008,0.6885147640905322,0.7344594552851529,consistent-but-unverified:all N bidders,consistent-but-unverified:successful S bidders,unknown,unknown
emission-spot-primary-market-auction-report-2024-data.xlsx,Primary Market Auction,100,2024-07-31,2024-07-31 00:00:00,2024-07-31 11:00:27.671000,Auction 4. Period CAP3 PL,T3PA,successful,PL,2310000.0,3694000.0,91.0,45.0,3.79,40593.0,153917.0,190305.0,105000.0,188262.0,1.6,24.0,22.0,True,,True,0.3333333333430346,0.5208333333333334,True,0.0,0.5227272727272727,True,8750.0,0.5208333333333334,False,0.0008658008658009031,0.005000562583234907,True,-0.40659340659476584,0.5054945054945055,True,-0.0016666666666664831,0.005,True,0.9166666666666666,1.2364131317528277,1.7929714285714287,0.8048733019796334,1.0271060572549444,consistent-but-unverified:all N bidders,consistent-but-unverified:successful S bidders,unknown,unknown
emission-spot-primary-market-auction-report-2024-data.xlsx,Primary Market Auction,101,2024-07-30,2024-07-30 00:00:00,2024-07-30 11:00:26.448000,Auction 4. Period CAP3 EU,T3PA,successful,EU,3099500.0,4781000.0,110.0,50.0,3.93,43464.0,170750.0,230517.0,114796.0,205834.0,1.54,28.0,27.0,True,,True,0.0,0.5178571428571429,True,-0.2962962962919846,0.5185185185185185,True,4099.571428571435,0.5178571428571429,False,-0.002506855944507169,0.005000410147943987,True,0.3636363636396709,0.5045454545454545,True,0.0014285714285717788,0.005,True,0.9642857142857143,1.3500263543191802,1.7930415693926618,0.8544265426970908,1.0271311702724981,consistent-but-unverified:all N bidders,consistent-but-unverified:successful S bidders,unknown,unknown
emission-spot-primary-market-auction-report-2024-data.xlsx,Primary Market Auction,102,2024-07-29,2024-07-29 00:00:00,2024-07-29 11:00:47.977000,Auction 4. Period CAP3 EU,T3PA,successful,EU,3099500.0,5115500.0,91.0,26.0,3.79,56214.0,213146.0,231809.0,182324.0,198970.0,1.65,24.0,17.0,True,,True,0.1666666666569654,0.5208333333333334,True,0.4705882353009656,0.5294117647058824,True,53178.16666666667,0.5208333333333334,False,-0.0004274883045654043,0.005000427557308364,True,-0.285714285717404,0.5054945054945055,True,-0.0016666666666664831,0.005,True,0.7083333333333334,1.0875597008623197,1.0912990061648493,0.7359957765494062,0.7377854069545955,consistent-but-unverified:all N bidders,consistent-but-unverified:successful S bidders,unknown,unknown
emission-spot-primary-market-auction-report-2024-data.xlsx,Primary Market Auction,103,2024-07-26,2024-07-26 00:00:00,2024-07-26 11:00:23.706000,Auction 4. Period DE,T3PA,successful,DE,1796000.0,3496500.0,98.0,29.0,3.77,35679.0,134481.0,170534.0,99778.0,163709.0,1.95,26.0,18.0,True,,True,0.23076923078042455,0.5192307692307693,True,0.22222222221898846,0.5277777777777778,True,30701.076923076922,0.5192307692307693,False,0.0031737193763918814,0.005000820386086473,True,0.428571428572468,0.5051020408163265,True,0.0007692307692308553,0.005,True,0.6923076923076923,1.26808991604762,1.6407324259856881,0.8189380306032846,0.9710563127659934,consistent-but-unverified:all N bidders,consistent-but-unverified:successful S bidders,unknown,unknown
emission-spot-primary-market-auction-report-2024-data.xlsx,Primary Market Auction,104,2024-07-25,2024-07-25 00:00:00,2024-07-25 11:00:42.699000,Auction 4. Period CAP3 EU,T3PA,successful,EU,3099500.0,5209500.0,112.0,34.0,4.15,46513.0,192944.0,240420.0,182324.0,243781.0,1.68,27.0,17.0,True,,True,-0.4444444444379769,0.5185185185185185,True,0.4705882353009656,0.5294117647058824,True,67527.70370370371,0.5185185185185185,False,-0.000754960477496347,0.0050004324496260065,True,-0.392857142855064,0.5044642857142857,True,0.0018518518518524374,0.005,True,0.6296296296296297,1.2460610332531719,1.3370757552488977,0.809178030147027,0.8489004706277943,consistent-but-unverified:all N bidders,consistent-but-unverified:successful S bidders,unknown,unknown
emission-spot-primary-market-auction-report-2024-data.xlsx,Primary Market Auction,105,2024-07-23,2024-07-23 00:00:00,2024-07-23 11:00:40.606000,Auction 4. Period CAP3 EU,T3PA,successful,EU,3099500.0,4952500.0,110.0,49.0,4.23,45023.0,190481.0,232428.0,147595.0,199487.0,1.6,26.0,21.0,True,,True,0.23076923078042455,0.5192307692307693,True,-0.23809523810632527,0.5238095238095238,True,28383.46153846153,0.5192307692307693,False,0.0021616389740282127,0.005000419073821388,True,0.2727272727279342,0.5045454545454545,True,-0.0007692307692304112,0.005,True,0.8076923076923077,1.220216189541214,1.3515837257359666,0.7976045738190256,0.8550890270151129,consistent-but-unverified:all N bidders,consistent-but-unverified:successful S bidders,unknown,unknown
emission-spot-primary-market-auction-report-2024-data.xlsx,Primary Market Auction,106,2024-07-22,2024-07-22 00:00:00,2024-07-22 11:00:32.218000,Auction 4. Period CAP3 EU,T3PA,successful,EU,3099500.0,5192500.0,116.0,29.0,4.46,44763.0,199712.0,231191.0,182324.0,218283.0,1.68,26.0,17.0,True,,True,0.46153846153174527,0.5192307692307693,True,0.4705882353009656,0.5294117647058824,True,63112.46153846153,0.5192307692307693,False,0.004729795128246339,0.005000431564845156,True,0.06896551723912125,0.5043103448275862,True,-0.0015384615384617106,0.005,True,0.6538461538461539,1.1576219756449286,1.1972258177749502,0.7690066780181217,0.7871955727244805,consistent-but-unverified:all N bidders,consistent-but-unverified:successful S bidders,unknown,unknown
emission-spot-primary-market-auction-report-2024-data.xlsx,Primary Market Auction,107,2024-07-19,2024-07-19 00:00:00,2024-07-19 11:00:36.963000,Auction 4. Period DE,T3PA,successful,DE,1796000.0,4024500.0,95.0,28.0,3.8,42363.0,160980.0,142324.0,94526.0,99437.0,2.24,25.0,19.0,True,,True,0.0,0.52,True,-0.3157894736796152,0.5263157894736842,True,22686.0,0.52,False,-0.0008129175946547385,0.005000902230941378,True,-0.1578947368398076,0.5052631578947369,True,0.0,0.005,True,0.76,0.8841098273077401,1.051953959757104,0.6334554692044297,0.7187924902912712,consistent-but-unverified:all N bidders,consistent-but-unverified:successful S bidders,unknown,unknown
emission-spot-primary-market-auction-report-2024-data.xlsx,Primary Market Auction,108,2024-07-18,2024-07-18 00:00:00,2024-07-18 11:00:27.719000,Auction 4. Period CAP3 EU,T3PA,successful,EU,3099500.0,4741000.0,100.0,47.0,3.57,47410.0,169321.0,201848.0,134761.0,178499.0,1.53,28.0,23.0,True,,True,-0.42857142857974395,0.5178571428571429,True,0.13043478262261488,0.5217391304347826,True,24064.571428571435,0.5178571428571429,False,0.00039845136312322005,0.005000408066106693,True,0.0,0.505,True,-0.0014285714285717788,0.005,True,0.8214285714285714,1.192102574400104,1.3245597761963772,0.7848611628814808,0.8435306775401119,consistent-but-unverified:all N bidders,consistent-but-unverified:successful S bidders,unknown,unknown
emission-spot-primary-market-auction-report-2024-data.xlsx,Primary Market Auction,109,2024-07-17,2024-07-17 00:00:00,2024-07-17 11:00:24.222000,Auction 4. Period CAP3 PL,T3PA,successful,PL,2310000.0,4176000.0,96.0,27.0,4.0,43500.0,174000.0,188291.0,135882.0,191986.0,1.81,24.0,17.0,True,,True,0.0,0.5208333333333334,True,-0.3529411764757242,0.5294117647058824,True,39632.0,0.5208333333333334,False,0.002207792207792325,0.00500060774731582,True,0.0,0.5052083333333334,True,0.0,0.005,True,0.7083333333333334,1.082132183908046,1.4128876525220413,0.7333924570862054,0.8808242263057844,consistent-but-unverified:all N bidders,consistent-but-unverified:successful S bidders,unknown,unknown
emission-spot-primary-market-auction-report-2024-data.xlsx,Primary Market Auction,110,2024-07-16,2024-07-16 00:00:00,2024-07-16 11:00:29.290000,Auction 4. Period CAP3 EU,T3PA,successful,EU,3099500.0,4801000.0,103.0,43.0,4.29,46612.0,200042.0,213220.0,147595.0,194798.0,1.55,24.0,21.0,True,,True,0.3333333333430346,0.5208333333333334,True,-0.23809523810632527,0.5238095238095238,True,18449.16666666667,0.5208333333333334,False,0.0010404904016776406,0.0050004111888626345,True,0.3495145631095511,0.5048543689320388,True,-0.0016666666666669272,0.005,True,0.875,1.065876166005139,1.319814356854907,0.7255544298909353,0.841487163879537,consistent-but-unverified:all N bidders,consistent-but-unverified:successful S bidders,unknown,unknown
emission-spot-primary-market-auction-report-2024-data.xlsx,Primary Market Auction,111,2024-07-15,2024-07-15 00:00:00,2024-07-15 11:00:42.194000,Auction 4. Period CAP3 EU,T3PA,successful,EU,3099500.0,4913500.0,105.0,41.0,4.2,46795.0,196540.0,241339.0,147595.0,212745.0,1.59,25.0,21.0,True,,True,0.0,0.52,True,-0.23809523810632527,0.5238095238095238,True,23615.0,0.52,False,0.004744313598967764,0.005000417044030026,True,-0.23809523809177335,0.5047619047619047,True,0.0,0.005,True,0.84,1.2279383331637326,1.441410616890816,0.8010766435687656,0.8925759939337176,consistent-but-unverified:all N bidders,consistent-but-unverified:successful S bidders,unknown,unknown
emission-spot-primary-market-auction-report-2024-data.xlsx,Primary Market Auction,112,2024-07-12,2024-07-12 00:00:00,2024-07-12 11:00:20.679000,Auction 4. Period DE,T3PA,successful,DE,1796000.0,3114500.0,96.0,41.0,4.0,32443.0,129771.0,166269.0,89800.0,150485.0,1.73,24.0,20.0,True,,True,0.1666666666715173,0.5208333333333334,True,0.0,0.525,True,14966.666666666672,0.5208333333333334,False,-0.004131403118040167,0.005000761172574024,True,0.2916666666678793,0.5052083333333334,True,0.0,0.005,True,0.8333333333333334,1.281249277573572,1.6757795100222717,0.8247232216685364,0.9842407435134025,consistent-but-unverified:all N bidders,consistent-but-unverified:successful S bidders,unknown,unknown
emission-spot-primary-market-auction-report-2024-data.xlsx,Primary Market Auction,113,2024-07-11,2024-07-11 00:00:00,2024-07-11 11:00:25.949000,Auction 4. Period CAP3 EU,T3PA,successful,EU,3099500.0,4448000.0,100.0,42.0,3.7,44480.0,164741.0,184027.0,129146.0,159267.0,1.44,27.0,24.0,True,,True,0.25925925927003846,0.5185185185185185,True,0.1666666666715173,0.5208333333333334,True,14349.703703703708,0.5185185185185185,False,0.004929827391514596,0.0050003928166485094,True,0.0,0.505,True,-0.0037037037037035425,0.005,True,0.8888888888888888,1.1170686107283554,1.2332321558546142,0.750032401041043,0.8034499333539028,consistent-but-unverified:all N bidders,consistent-but-unverified:successful S bidders,unknown,unknown
emission-spot-primary-market-auction-report-2024-data.xlsx,Primary Market Auction,115,2024-07-09,2024-07-09 00:00:00,2024-07-09 11:00:30.136000,Auction 4. Period CAP3 EU,T3PA,successful,EU,3099500.0,3771000.0,94.0,75.0,4.09,40117.0,163957.0,180997.0,134761.0,169080.0,1.22,23.0,23.0,True,,True,0.47826086956774816,0.5217391304347826,True,0.13043478262261488,0.5217391304347826,True,0.13043478262261488,0.5217391304347826,True,0.0033521535731568797,0.005000357581552298,True,-0.021276595747622196,0.5053191489361702,True,0.003043478260869037,0.005,True,1.0,1.103929688881841,1.2546656673666714,0.7438068764852507,0.8130016991540535,consistent-but-unverified:all N bidders,consistent-but-unverified:successful S bidders,unknown,unknown
emission-spot-primary-market-auction-report-2024-data.xlsx,Primary Market Auction,116,2024-07-08,2024-07-08 00:00:00,2024-07-08 11:00:51.308000,Auction 4. Period CAP3 EU,T3PA,successful,EU,3099500.0,5018500.0,98.0,32.0,4.9,51209.0,250925.0,225668.0,193719.0,200210.0,1.62,20.0,16.0,True,,True,0.0,0.525,True,0.25,0.53125,True,38744.0,0.525,False,0.0008678819164382734,0.005000422508852924,True,-0.18367346938612172,0.5051020408163265,True,0.0,0.005,True,0.8,0.8993444256251868,1.0335072966513352,0.6415087874880545,0.709762034581638,consistent-but-unverified:all N bidders,consistent-but-unverified:successful S bidders,unknown,unknown
emission-spot-primary-market-auction-report-2024-data.xlsx,Primary Market Auction,117,2024-07-05,2024-07-05 00:00:00,2024-07-05 11:00:17.811000,Auction 4. Period DE,T3PA,successful,DE,1796000.0,3208500.0,88.0,34.0,4.4,36460.0,160425.0,161999.0,112250.0,150998.0,1.79,20.0,16.0,True,,True,0.0,0.525,True,0.0,0.53125,True,22450.0,0.525,False,0.0035300668151447834,0.005000775743438344,True,-0.22727272727206582,0.5056818181818182,True,0.0,0.005,True,0.8,1.0098114383668382,1.345193763919822,0.6980409059125943,0.8523680270219307,consistent-but-unverified:all N bidders,consistent-but-unverified:successful S bidders,unknown,unknown
emission-spot-primary-market-auction-report-2024-data.xlsx,Primary Market Auction,118,2024-07-04,2024-07-04 00:00:00,2024-07-04 11:00:24.514000,Auction 4. Period CAP3 EU,T3PA,successful,EU,3099500.0,3780000.0,97.0,61.0,3.88,38969.0,151200.0,162486.0,134761.0,148086.0,1.22,25.0,23.0,True,,True,0.0,0.52,True,0.13043478262261488,0.5217391304347826,True,10781.0,0.52,False,0.00044845942894022883,0.0050003580499656895,True,-0.07216494845488342,0.5051546391752577,True,0.0,0.005,True,0.92,1.0746428571428572,1.098878755723095,0.7297890218292372,0.7414032762940705,consistent-but-unverified:all N bidders,consistent-but-unverified:successful S bidders,unknown,unknown
emission-spot-primary-market-auction-report-2024-data.xlsx,Primary Market Auction,119,2024-07-03,2024-07-03 00:00:00,2024-07-03 11:00:23.037000,Auction 4. Period CAP3 PL,T3PA,successful,PL,2310000.0,3960000.0,97.0,36.0,4.62,40825.0,188571.0,179903.0,144375.0,166056.0,1.71,21.0,16.0,True,,True,-0.42857142857974395,0.5238095238095238,True,0.0,0.53125,True,34375.0,0.5238095238095238,False,-0.004285714285714226,0.005000587507810681,True,0.2577319587653619,0.5051546391752577,True,0.0009523809523814819,0.005,True,0.7619047619047619,0.9540332288633989,1.1501714285714286,0.6698955590355677,0.7655475731802367,consistent-but-unverified:all N bidders,consistent-but-unverified:successful S bidders,unknown,unknown
emission-spot-primary-market-auction-report-2024-data.xlsx,Primary Market Auction,120,2024-07-02,2024-07-02 00:00:00,2024-07-02 11:00:43.180000,Auction 4. Period CAP3 EU,T3PA,successful,EU,3099500.0,4228000.0,103.0,63.0,4.48,41049.0,183826.0,226085.0,140886.0,206912.0,1.36,23.0,22.0,True,,True,-0.08695652172900736,0.5217391304347826,True,-0.36363636364694685,0.5227272727272727,True,6125.130434782623,0.5217391304347826,False,-0.004090982416518729,0.005000381366543389,True,0.4563106796122156,0.5048543689320388,True,0.0017391304347826875,0.005,True,0.9565217391304348,1.2298858703339026,1.4686484107718296,0.8019504049398611,0.9036707987535006,consistent-but-unverified:all N bidders,consistent-but-unverified:successful S bidders,unknown,unknown
emission-spot-primary-market-auction-report-2024-data.xlsx,Primary Market Auction,121,2024-07-01,2024-07-01 00:00:00,2024-07-01 11:00:35.582000,Auction 4. Period CAP3 EU,T3PA,successful,EU,3099500.0,4356000.0,90.0,40.0,3.91,48400.0,189391.0,209136.0,147595.0,186279.0,1.41,23.0,21.0,True,,True,-0.3043478260806296,0.5217391304347826,True,-0.23809523810632527,0.5238095238095238,True,12834.130434782623,0.5217391304347826,False,0.004612034199064308,0.005000388028422732,True,0.0,0.5055555555555555,True,-0.003043478260869481,0.005,True,0.9130434782608695,1.104255218040984,1.2620955994444256,0.7439615888693271,0.816291640038894,consistent-but-unverified:all N bidders,consistent-but-unverified:successful S bidders,unknown,unknown
emission-spot-primary-market-auction-report-2024-data.xlsx,Primary Market Auction,122,2024-06-28,2024-06-28 00:00:00,2024-06-28 11:00:19.158000,Auction 4. Period DE,T3PA,successful,DE,1796000.0,2965500.0,79.0,32.0,4.16,37538.0,156079.0,188091.0,112250.0,174752.0,1.65,19.0,16.0,True,,True,0.052631578961154446,0.5263157894736842,True,0.0,0.53125,True,17723.68421052632,0.5263157894736842,False,-0.0011692650334076404,0.005000738076203984,True,0.02531645569979446,0.5063291139240507,True,0.002105263157894832,0.005,True,0.8421052631578947,1.2051012628220323,1.5568106904231627,0.790773432026654,0.9387606577540916,consistent-but-unverified:all N bidders,consistent-but-unverified:successful S bidders,unknown,unknown
emission-spot-primary-market-auction-report-2024-data.xlsx,Primary Market Auction,123,2024-06-27,2024-06-27 00:00:00,2024-06-27 11:00:25.718000,Auction 4. Period CAP3 EU,T3PA,successful,EU,3099500.0,4743000.0,90.0,31.0,3.91,52700.0,206217.0,272368.0,193719.0,278809.0,1.53,23.0,16.0,True,,True,-0.3913043478387408,0.5217391304347826,True,0.25,0.53125,True,58958.13043478262,0.5217391304347826,False,-0.0002468140022584553,0.005000408170198558,True,0.0,0.5055555555555555,True,-0.003043478260869481,0.005,True,0.6956521739130435,1.3207834465635713,1.4392444726640132,0.8419048211572427,0.8916883490052052,consistent-but-unverified:all N bidders,consistent-but-unverified:successful S bidders,unknown,unknown
emission-spot-primary-market-auction-report-2024-data.xlsx,Primary Market Auction,124,2024-06-25,2024-06-25 00:00:00,2024-06-25 11:00:18.318000,Auction 4. Period CAP3 EU,T3PA,successful,EU,3099500.0,4447500.0,91.0,43.0,3.96,48874.0,193370.0,214047.0,154975.0,212181.0,1.43,23.0,20.0,True,,True,0.4347826087032445,0.5217391304347826,True,0.0,0.525,True,20214.130434782623,0.5217391304347826,False,-0.004908856267139994,0.0050003927906255435,True,0.3736263736282126,0.5054945054945055,True,0.003478260869565375,0.005,True,0.8695652173913043,1.1069297202254744,1.3691305049201483,0.7452317788910335,0.8625230122706176,consistent-but-unverified:all N bidders,consistent-but-unverified:successful S bidders,unknown,unknown
emission-spot-primary-market-auction-report-2024-data.xlsx,Primary Market Auction,125,2024-06-24,2024-06-24 00:00:00,2024-06-24 11:00:31.088000,Auction 4. Period CAP3 EU,T3PA,successful,EU,3099500.0,4780500.0,94.0,35.0,4.09,50856.0,207848.0,263650.0,163132.0,240097.0,1.54,23.0,19.0,True,,True,0.17391304348711856,0.5217391304347826,True,0.42105263157282025,0.5263157894736842,True,28371.130434782623,0.5217391304347826,False,-0.0023455396031617504,0.005000410121921021,True,-0.3829787234062678,0.5053191489361702,True,0.003043478260869037,0.005,True,0.8260869565217391,1.268475039451907,1.4717958463085108,0.8191078169544072,0.904944949740219,consistent-but-unverified:all N bidders,consistent-but-unverified:successful S bidders,unknown,unknown
emission-spot-primary-market-auction-report-2024-data.xlsx,Primary Market Auction,126,2024-06-21,2024-06-21 00:00:00,2024-06-21 11:00:37.751000,Auction 4. Period DE,T3PA,successful,DE,1796000.0,3275000.0,86.0,31.0,3.58,38081.0,136458.0,133040.0,94526.0,127309.0,1.82,24.0,19.0,True,,True,-0.3333333333430346,0.5208333333333334,True,-0.3157894736796152,0.5263157894736842,True,19692.66666666667,0.5208333333333334,False,-0.003496659242761657,0.0050007860515498045,True,-0.3953488372062566,0.5058139534883721,True,-0.0033333333333334103,0.005,True,0.7916666666666666,0.9749519998827478,1.3468146330110233,0.6805440942009051,0.8530589333539562,consistent-but-unverified:all N bidders,consistent-but-unverified:successful S bidders,unknown,unknown
emission-spot-primary-market-auction-report-2024-data.xlsx,Primary Market Auction,127,2024-06-20,2024-06-20 00:00:00,2024-06-20 11:00:38.330000,Auction 4. Period CAP3 EU,T3PA,successful,EU,3104000.0,4694000.0,93.0,39.0,3.88,50473.0,195583.0,258268.0,147810.0,230077.0,1.51,24.0,21.0,True,,True,-0.3333333333430346,0.5208333333333334,True,0.4761904761835467,0.5238095238095238,True,18476.66666666667,0.5208333333333334,False,-0.002242268041237061,0.005000404678239632,True,-0.11827956989145605,0.5053763440860215,True,0.004999999999999893,0.005,True,0.875,1.3205033157278496,1.556572627021176,0.8417841085831619,0.9386675439046579,consistent-but-unverified:all N bidders,consistent-but-unverified:successful S bidders,unknown,unknown
emission-spot-primary-market-auction-report-2024-data.xlsx,Primary Market Auction,128,2024-06-19,2024-06-19 00:00:00,2024-06-19 11:00:33.264000,Auction 4. Period CAP3 PL,T3PA,successful,PL,2310000.0,3737500.0,94.0,45.0,3.92,39761.0,155729.0,179550.0,110000.0,155911.0,1.62,24.0,21.0,True,,True,-0.1666666666569654,0.5208333333333334,True,0.0,0.5238095238095238,True,13750.0,0.5208333333333334,False,0.0020346320346320557,0.005000566659246358,True,0.3617021276586456,0.5053191489361702,True,0.0033333333333334103,0.005,True,0.875,1.1529644446442218,1.4173727272727272,0.7668457039143356,0.8826813005365771,consistent-but-unverified:all N bidders,consistent-but-unverified:successful S bidders,unknown,unknown
emission-spot-primary-market-auction-report-2024-data.xlsx,Primary Market Auction,129,2024-06-18,2024-06-18 00:00:00,2024-06-18 11:00:40.339000,Auction 4. Period CAP3 EU,T3PA,successful,EU,3099500.0,4675500.0,102.0,45.0,4.86,45838.0,222643.0,268813.0,172194.0,254440.0,1.51,21.0,18.0,True,,True,0.14285714286961593,0.5238095238095238,True,-0.4444444444379769,0.5277777777777778,True,24598.761904761894,0.5238095238095238,False,0.0015308920793677405,0.005000404657098123,True,-0.2352941176504828,0.5049019607843137,True,0.0028571428571435575,0.005,True,0.8571428571428571,1.2073723404733139,1.4776356899775833,0.7918028219136007,0.9073047546334784,consistent-but-unverified:all N bidders,consistent-but-unverified:successful S bidders,unknown,unknown
emission-spot-primary-market-auction-report-2024-data.xlsx,Primary Market Auction,130,2024-06-17,2024-06-17 00:00:00,2024-06-17 11:00:40.410000,Auction 4. Period CAP3 EU,T3PA,successful,EU,3099500.0,4683500.0,94.0,31.0,3.76,49824.0,187340.0,204503.0,172194.0,200732.0,1.51,25.0,18.0,True,,True,0.0,0.52,True,-0.4444444444379769,0.5277777777777778,True,48214.0,0.52,False,-0.0010501693821582947,0.005000405073465582,True,-0.4680851063822047,0.5053191489361702,True,0.0,0.005,True,0.72,1.091614177431408,1.1657316747389572,0.7379361015797631,0.772758260359706,consistent-but-unverified:all N bidders,consistent-but-unverified:successful S bidders,unknown,unknown
emission-spot-primary-market-auction-report-2024-data.xlsx,Primary Market Auction,131,2024-06-14,2024-06-14 00:00:00,2024-06-14 11:00:29.921000,Auction 4. Period DE,T3PA,successful,DE,1796000.0,3368500.0,89.0,27.0,4.05,37848.0,153114.0,166370.0,112250.0,148389.0,1.88,22.0,16.0,True,,True,0.36363636364694685,0.5227272727272727,True,0.0,0.53125,True,30613.636363636368,0.5227272727272727,False,0.004443207126948678,0.005000800544909527,True,-0.31460674157278845,0.5056179775280899,True,0.004545454545453964,0.005,True,0.7272727272727273,1.0865760152566062,1.3219510022271714,0.7355244523324551,0.8424077815143732,consistent-but-unverified:all N bidders,consistent-but-unverified:successful S bidders,unknown,unknown
emission-spot-primary-market-auction-report-2024-data.xlsx,Primary Market Auction,132,2024-06-13,2024-06-13 00:00:00,2024-06-13 11:00:16.295000,Auction 4. Period CAP3 EU,T3PA,successful,EU,3099500.0,5531500.0,104.0,25.0,4.52,53188.0,240500.0,269701.0,281773.0,308542.0,1.78,23.0,11.0,True,,True,0.0,0.5217391304347826,True,0.2727272727061063,0.5454545454545454,True,147012.13043478262,0.5217391304347826,False,-0.004642684303920008,0.005000449208416228,True,0.5,0.5048076923076923,True,-0.0017391304347826875,0.005,True,0.4782608695652174,1.1214178794178795,1.095002005160182,0.7520846761756544,0.739554510490675,consistent-but-unverified:all N bidders,consistent-but-unverified:successful S bidders,unknown,unknown
emission-spot-primary-market-auction-report-2024-data.xlsx,Primary Market Auction,133,2024-06-11,2024-06-11 00:00:00,2024-06-11 11:00:14.815000,Auction 4. Period CAP3 EU,T3PA,successful,EU,3099500.0,4418500.0,106.0,38.0,4.42,41684.0,184104.0,208024.0,182324.0,210267.0,1.43,24.0,17.0,True,,True,-0.1666666666569654,0.5208333333333334,True,0.4705882353009656,0.5294117647058824,True,53178.16666666667,0.5208333333333334,False,0.004447491530892078,0.005000391281293505,True,0.03773584905866301,0.5047169811320755,True,0.0033333333333329662,0.005,True,0.7083333333333334,1.1299265632468605,1.1532601303174568,0.7560875017780845,0.7669830333399392,consistent-but-unverified:all N bidders,consistent-but-unverified:successful S bidders,unknown,unknown
emission-spot-primary-market-auction-report-2024-data.xlsx,Primary Market Auction,134,2024-06-10,2024-06-10 00:00:00,2024-06-10 11:00:20.877000,Auction 4. Period CAP3 EU,T3PA,successful,EU,3099500.0,4512000.0,111.0,49.0,4.63,40649.0,188000.0,257584.0,147595.0,256630.0,1.46,24.0,21.0,True,,True,0.0,0.5208333333333334,True,-0.23809523810632527,0.5238095238095238,True,18449.16666666667,0.5208333333333334,False,0.004281335699306332,0.005000396147588181,True,0.3513513513535145,0.5045045045045045,True,0.004999999999999893,0.005,True,0.875,1.370127659574468,1.738744537416579,0.8629438184957372,1.0074996173720419,consistent-but-unverified:all N bidders,consistent-but-unverified:successful S bidders,unknown,unknown
emission-spot-primary-market-auction-report-2024-data.xlsx,Primary Market Auction,135,2024-06-07,2024-06-07 00:00:00,2024-06-07 11:00:45.908000,Auction 4. Period DE,T3PA,successful,DE,1796000.0,3459000.0,114.0,40.0,4.38,30342.0,133038.0,149839.0,85524.0,145919.0,1.93,26.0,21.0,True,,True,-0.46153846153174527,0.5192307692307693,True,0.19047619047341868,0.5238095238095238,True,16447.076923076922,0.5192307692307693,False,0.004053452115812872,0.005000814573241665,True,-0.10526315789320506,0.5043859649122807,True,-0.004615384615385132,0.005,True,0.8076923076923077,1.1262872262060464,1.7061760441513494,0.7543773724905087,0.9955365845989838,consistent-but-unverified:all N bidders,consistent-but-unverified:successful S bidders,unknown,unknown
emission-spot-primary-market-auction-report-2024-data.xlsx,Primary Market Auction,136,2024-06-06,2024-06-06 00:00:00,2024-06-06 11:00:22.590000,Auction 4. Period CAP3 EU,T3PA,successful,EU,3099500.0,4883500.0,120.0,36.0,4.29,40696.0,174411.0,199606.0,206633.0,226284.0,1.58,28.0,15.0,True,,True,0.285714285710128,0.5178571428571429,True,-0.3333333333430346,0.5333333333333333,True,95936.57142857143,0.5178571428571429,False,0.004423294079690443,0.005000415482652055,True,0.16666666666424135,0.5041666666666667,True,0.004285714285714448,0.005,True,0.5357142857142857,1.1444576316860748,1.095100976126756,0.7628866680466282,0.7396017508411077,consistent-but-unverified:all N bidders,consistent-but-unverified:successful S bidders,unknown,unknown
emission-spot-primary-market-auction-report-2024-data.xlsx,Primary Market Auction,137,2024-06-05,2024-06-05 00:00:00,2024-06-05 11:00:19.202000,Auction 4. Period CAP3 PL,T3PA,successful,PL,2310000.0,4155000.0,109.0,34.0,3.89,38119.0,148393.0,185223.0,135882.0,200168.0,1.8,28.0,17.0,True,,True,0.14285714286961593,0.5178571428571429,True,-0.3529411764757242,0.5294117647058824,True,53382.0,0.5178571428571429,False,0.0012987012987013546,0.005000605779586153,True,-0.266055045874964,0.5045871559633027,True,-0.0028571428571426694,0.005,True,0.6071428571428571,1.2481923001758843,1.4731016617359178,0.8101264711557361,0.9054730963623223,consistent-but-unverified:all N bidders,consistent-but-unverified:successful S bidders,unknown,unknown
emission-spot-primary-market-auction-report-2024-data.xlsx,Primary Market Auction,138,2024-06-04,2024-06-04 00:00:00,2024-06-04 11:00:49.171000,Auction 4. Period CAP3 EU,T3PA,successful,EU,3099500.0,4713500.0,105.0,41.0,4.04,44890.0,181288.0,241285.0,134761.0,232837.0,1.52,26.0,23.0,True,,True,-0.46153846153174527,0.5192307692307693,True,0.13043478262261488,0.5217391304347826,True,15549.461538461532,0.5192307692307693,False,-0.0007291498628811954,0.0050004066348435525,True,-0.47619047619082266,0.5047619047619047,True,0.0015384615384617106,0.005,True,0.8846153846153846,1.3309485459600194,1.7277773243000571,0.8462752860047645,1.0034871106599181,consistent-but-unverified:all N bidders,consistent-but-unverified:successful S bidders,unknown,unknown
emission-spot-primary-market-auction-report-2024-data.xlsx,Primary Market Auction,139,2024-06-03,2024-06-03 00:00:00,2024-06-03 11:00:32.631000,Auction 4. Period CAP3 EU,T3PA,successful,EU,3099500.0,5507000.0,108.0,18.0,4.0,50991.0,203963.0,280386.0,309950.0,306568.0,1.78,27.0,10.0,True,,True,0.03703703705104999,0.5185185185185185,True,0.0,0.55,True,195153.7037037037,0.5185185185185185,False,0.003261816422003516,0.005000447933290885,True,0.2592592592627625,0.5046296296296297,True,0.0,0.005,True,0.37037037037037035,1.3746905075920632,0.9890885626713987,0.8648671164023655,0.6876765251105362,consistent-but-unverified:all N bidders,consistent-but-unverified:successful S bidders,unknown,unknown
emission-spot-primary-market-auction-report-2024-data.xlsx,Primary Market Auction,140,2024-05-31,2024-05-31 00:00:00,2024-05-31 11:00:47.199000,Auction 4. Period DE,T3PA,successful,DE,1796000.0,3928000.0,115.0,16.0,4.42,34157.0,151077.0,162068.0,199556.0,170330.0,2.19,26.0,9.0,True,,True,0.07692307693650946,0.5192307692307693,True,0.4444444444379769,0.5555555555555556,True,130479.07692307692,0.5192307692307693,False,0.00291759465478858,0.00500088727255407,True,0.47826086956774816,0.5043478260869565,True,-0.0030769230769234213,0.005,True,0.34615384615384615,1.0727509812876876,0.8535448696105354,0.7288767014371583,0.6170999513601695,consistent-but-unverified:all N bidders,consistent-but-unverified:successful S bidders,unknown,unknown
emission-spot-primary-market-auction-report-2024-data.xlsx,Primary Market Auction,141,2024-05-30,2024-05-30 00:00:00,2024-05-30 11:00:42.662000,Auction 4. Period CAP3 EU,T3PA,successful,EU,3099500.0,5186500.0,106.0,25.0,4.82,48929.0,235750.0,346813.0,206633.0,364447.0,1.67,22.0,15.0,True,,True,0.0,0.5227272727272727,True,-0.3333333333430346,0.5333333333333333,True,65746.63636363635,0.5227272727272727,False,-0.003334408775609088,0.005000431252569562,True,-0.2452830188703956,0.5047169811320755,True,0.001818181818181941,0.005,True,0.6818181818181818,1.4711049840933192,1.7637405448306902,0.9046654125844495,1.01658503204597,consistent-but-unverified:all N bidders,consistent-but-unverified:successful S bidders,unknown,unknown
emission-spot-primary-market-auction-report-2024-data.xlsx,Primary Market Auction,142,2024-05-28,2024-05-28 00:00:00,2024-05-28 11:00:44.880000,Auction 4. Period CAP3 EU,T3PA,successful,EU,3099500.0,4655500.0,115.0,50.0,4.6,40483.0,186220.0,281446.0,147595.0,294837.0,1.5,25.0,21.0,True,,True,0.0,0.52,True,-0.23809523810632527,0.5238095238095238,True,23615.0,0.52,False,-0.0020164542668172913,0.005000403616179476,True,0.3913043478241889,0.5043478260869565,True,0.0,0.005,True,0.84,1.5113629040919343,1.997608320065043,0.9208255954562017,1.0978147440689634,consistent-but-unverified:all N bidders,consistent-but-unverified:successful S bidders,unknown,unknown
emission-spot-primary-market-auction-report-2024-data.xlsx,Primary Market Auction,143,2024-05-24,2024-05-24 00:00:00,2024-05-24 11:00:25.890000,Auction 4. Period DE,T3PA,successful,DE,1796000.0,3679000.0,105.0,26.0,4.2,35038.0,147160.0,158917.0,119733.0,118289.0,2.05,25.0,15.0,True,,True,0.0,0.52,True,-0.3333333333284827,0.5333333333333333,True,47893.0,0.52,False,0.0015590200445432245,0.005000848675264542,True,-0.09523809523670934,0.5047619047619047,True,0.0,0.005,True,0.6,1.079892633867899,0.9879398327946347,0.7323162740482138,0.6870988425825364,consistent-but-unverified:all N bidders,consistent-but-unverified:successful S bidders,unknown,unknown
emission-spot-primary-market-auction-report-2024-data.xlsx,Primary Market Auction,144,2024-05-23,2024-05-23 00:00:00,2024-05-23 11:00:35.582000,Auction 4. Period CAP3 EU,T3PA,successful,EU,3099500.0,4069500.0,88.0,40.0,4.19,46244.0,193786.0,322062.0,163132.0,330136.0,1.31,21.0,19.0,True,,True,0.285714285710128,0.5238095238095238,True,0.42105263157282025,0.5263157894736842,True,15536.761904761894,0.5238095238095238,False,-0.0029537022100338817,0.00500037311726311,True,-0.31818181818380253,0.5056818181818182,True,-0.00047619047619029686,0.005,True,0.9047619047619048,1.6619466834549452,2.0237353799377193,0.9790576910176254,1.1064929478540055,consistent-but-unverified:all N bidders,consistent-but-unverified:successful S bidders,unknown,unknown
emission-spot-primary-market-auction-report-2024-data.xlsx,Primary Market Auction,145,2024-05-22,2024-05-22 00:00:00,2024-05-22 11:00:34.795000,Auction 4. Period CAP3 PL,T3PA,successful,PL,2310000.0,3475000.0,97.0,51.0,3.73,35825.0,133654.0,175197.0,96250.0,156275.0,1.5,26.0,24.0,True,,True,0.1538461538439151,0.5192307692307693,True,0.0,0.5208333333333334,True,7403.846153846156,0.5192307692307693,False,-0.0043290043290042934,0.005000542062625528,True,0.2577319587653619,0.5051546391752577,True,-0.0007692307692308553,0.005,True,0.9230769230769231,1.3108249659568738,1.6236363636363635,0.8376045888984927,0.9645612805473542,consistent-but-unverified:all N bidders,consistent-but-unverified:successful S bidders,unknown,unknown
emission-spot-primary-market-auction-report-2024-data.xlsx,Primary Market Auction,146,2024-05-21,2024-05-21 00:00:00,2024-05-21 11:00:21.537000,Auction 4. Period CAP3 EU,T3PA,successful,EU,3099500.0,4685000.0,102.0,26.0,4.25,45931.0,195208.0,208425.0,193719.0,228862.0,1.51,24.0,16.0,True,,True,-0.3333333333430346,0.5208333333333334,True,0.25,0.53125,True,64573.16666666667,0.5208333333333334,False,-0.0015341184061945512,0.005000405151534481,True,-0.3725490196084138,0.5049019607843137,True,0.0,0.005,True,0.6666666666666666,1.067707266095652,1.1814122517667343,0.7264403925140998,0.7799724889663097,consistent-but-unverified:all N bidders,consistent-but-unverified:successful S bidders,unknown,unknown
emission-spot-primary-market-auction-report-2024-data.xlsx,Primary Market Auction,147,2024-05-20,2024-05-20 00:00:00,2024-05-20 11:00:19.707000,Auction 4. Period CAP3 EU,T3PA,successful,EU,3099500.0,4233500.0,78.0,28.0,4.59,54276.0,249029.0,253898.0,238423.0,286805.0,1.37,17.0,13.0,True,,True,-0.411764705873793,0.5294117647058824,True,-0.07692307693650946,0.5384615384615384,True,56099.4705882353,0.5294117647058824,False,0.004134537828682117,0.005000381652796017,True,0.35897435897641117,0.5064102564102564,True,0.0017647058823531125,0.005,True,0.7647058823529411,1.0195519397339265,1.2029250533715288,0.7028756747962829,0.7897860469834598,consistent-but-unverified:all N bidders,consistent-but-unverified:successful S bidders,unknown,unknown
emission-spot-primary-market-auction-report-2024-data.xlsx,Primary Market Auction,148,2024-05-17,2024-05-17 00:00:00,2024-05-17 11:00:27.568000,Auction 4. Period DE,T3PA,successful,DE,1796000.0,3557500.0,91.0,19.0,4.14,39093.0,161705.0,168292.0,163273.0,134184.0,1.98,22.0,11.0,True,,True,0.45454545455868356,0.5227272727272727,True,0.27272727273521014,0.5454545454545454,True,81636.63636363637,0.5227272727272727,False,-0.0007906458797326543,0.005000829841647362,True,-0.40659340659476584,0.5054945054945055,True,0.0036363636363629936,0.005,True,0.5,1.0407346711604466,0.8218382708714852,0.7133098759456169,0.5998460302829632,consistent-but-unverified:all N bidders,consistent-but-unverified:successful S bidders,unknown,unknown
emission-spot-primary-market-auction-report-2024-data.xlsx,Primary Market Auction,149,2024-05-16,2024-05-16 00:00:00,2024-05-16 11:00:38.974000,Auction 4. Period CAP3 EU,T3PA,successful,EU,3099500.0,4712000.0,98.0,36.0,4.08,48082.0,196333.0,215785.0,154975.0,209607.0,1.52,24.0,20.0,True,,True,-0.3333333333430346,0.5208333333333334,True,0.0,0.525,True,25829.16666666667,0.5208333333333334,False,-0.00024520083884493893,0.005000406556774654,True,0.36734693877224345,0.5051020408163265,True,-0.0033333333333329662,0.005,True,0.8333333333333334,1.0990765688906092,1.3525213744152282,0.7414975189204752,0.8554876782661869,consistent-but-unverified:all N bidders,consistent-but-unverified:successful S bidders,unknown,unknown
emission-spot-primary-market-auction-report-2024-data.xlsx,Primary Market Auction,151,2024-05-14,2024-05-14 00:00:00,2024-05-14 11:00:38.848000,Auction 4. Period CAP3 EU,T3PA,successful,EU,3099500.0,4657500.0,90.0,37.0,3.75,51750.0,194063.0,332625.0,154975.0,355642.0,1.5,24.0,20.0,True,,True,0.5,0.5208333333333334,True,0.0,0.525,True,25829.16666666667,0.5208333333333334,False,-0.0026617196321987446,0.0050004037202713405,True,0.0,0.5055555555555555,True,0.0,0.005,True,0.8333333333333334,1.7140052457191737,2.294834650750121,0.9984254942476457,1.192355984828891,consistent-but-unverified:all N bidders,consistent-but-unverified:successful S bidders,unknown,unknown
emission-spot-primary-market-auction-report-2024-data.xlsx,Primary Market Auction,152,2024-05-13,2024-05-13 00:00:00,2024-05-13 11:00:21.128000,Auction 4. Period CAP3 EU,T3PA,successful,EU,3099500.0,5185500.0,100.0,30.0,3.85,51855.0,199442.0,243913.0,206633.0,280835.0,1.67,26.0,15.0,True,,True,-0.3076923076878302,0.5192307692307693,True,-0.3333333333430346,0.5333333333333333,True,87421.46153846153,0.5192307692307693,False,-0.00301177609291825,0.0050004312005236294,True,0.0,0.505,True,0.0038461538461538325,0.005,True,0.5769230769230769,1.222977106126092,1.3591004341029749,0.798847336290293,0.8582803743827451,consistent-but-unverified:all N bidders,consistent-but-unverified:successful S bidders,unknown,unknown
emission-spot-primary-market-auction-report-2024-data.xlsx,Primary Market Auction,153,2024-05-08,2024-05-08 00:00:00,2024-05-08 11:00:27.547000,Auction 4. Period CAP3 PL,T3PA,successful,PL,2310000.0,4249500.0,97.0,26.0,4.22,43809.0,184761.0,163681.0,165000.0,139251.0,1.84,23.0,14.0,True,,True,0.13043478262261488,0.5217391304347826,True,0.0,0.5357142857142857,True,64565.21739130435,0.5217391304347826,False,0.0003896103896103842,0.005000614634369653,True,-0.27835051546571776,0.5051546391752577,True,0.002608695652173587,0.005,True,0.6086956521739131,0.8859066577903345,0.8439454545454546,0.6344086908286595,0.6119075447324023,consistent-but-unverified:all N bidders,consistent-but-unverified:successful S bidders,unknown,unknown
emission-spot-primary-market-auction-report-2024-data.xlsx,Primary Market Auction,154,2024-05-07,2024-05-07 00:00:00,2024-05-07 11:00:13.028000,Auction 4. Period CAP3 EU,T3PA,successful,EU,3099500.0,4434000.0,103.0,54.0,3.96,43049.0,170538.0,235884.0,134761.0,225397.0,1.43,26.0,23.0,True,,True,-0.46153846153174527,0.5192307692307693,True,0.13043478262261488,0.5217391304347826,True,15549.461538461532,0.5192307692307693,False,-0.0005533150508147955,0.005000392088005456,True,0.4563106796122156,0.5048543689320388,True,-0.0015384615384617106,0.005,True,0.8846153846153846,1.3831755972275974,1.6725684730745543,0.8684338828661887,0.9830399849450829,consistent-but-unverified:all N bidders,consistent-but-unverified:successful S bidders,unknown,unknown
emission-spot-primary-market-auction-report-2024-data.xlsx,Primary Market Auction,155,2024-05-06,2024-05-06 00:00:00,2024-05-06 11:01:09.128000,Auction 4. Period CAP3 EU,T3PA,successful,EU,3099500.0,5342000.0,118.0,32.0,4.37,45271.0,197852.0,233550.0,206633.0,259371.0,1.72,27.0,15.0,True,,True,0.1481481481459923,0.5185185185185185,True,-0.3333333333430346,0.5333333333333333,True,91836.70370370371,0.5185185185185185,False,-0.0035037909340216444,0.005000439345712045,True,-0.18644067796412855,0.5042372881355932,True,-0.0003703703703701322,0.005,True,0.5555555555555556,1.1804277945130703,1.2552254480165317,0.7795210935643992,0.8132499449047439,consistent-but-unverified:all N bidders,consistent-but-unverified:successful S bidders,unknown,unknown
emission-spot-primary-market-auction-report-2024-data.xlsx,Primary Market Auction,156,2024-05-03,2024-05-03 00:00:00,2024-05-03 11:00:25.520000,Auction 4. Period DE,T3PA,successful,DE,1796000.0,3327500.0,80.0,32.0,3.64,41594.0,151250.0,136359.0,94526.0,108938.0,1.85,22.0,19.0,True,,True,0.0,0.5227272727272727,True,-0.3157894736796152,0.5263157894736842,True,12889.636363636368,0.5227272727272727,False,-0.002728285077950865,0.005000794189532537,True,0.25,0.50625,True,0.003636363636363882,0.005,True,0.8636363636363636,0.9015471074380166,1.1524659881937245,0.6426678219094538,0.7666141561234702,consistent-but-unverified:all N bidders,consistent-but-unverified:successful S bidders,unknown,unknown
emission-spot-primary-market-auction-report-2024-data.xlsx,Primary Market Auction,157,2024-05-02,2024-05-02 00:00:00,2024-05-02 11:00:40.494000,Auction 4. Period CAP3 EU,T3PA,successful,EU,3099500.0,5138000.0,108.0,37.0,4.32,47574.0,205520.0,199970.0,163132.0,187527.0,1.66,25.0,19.0,True,,True,0.0,0.52,True,0.42105263157282025,0.5263157894736842,True,39152.0,0.52,False,0.0023132763348927554,0.005000428728341842,True,-0.07407407407299615,0.5046296296296297,True,0.0,0.005,True,0.76,0.9729953289217594,1.1495414756148394,0.6795528595373004,0.7652545522390091,consistent-but-unverified:all N bidders,consistent-but-unverified:successful S bidders,unknown,unknown
emission-spot-primary-market-auction-report-2024-data.xlsx,Primary Market Auction,158,2024-04-30,2024-04-30 00:00:00,2024-04-30 11:00:28.944000,Auction 4. Period CAP3 EU,T3PA,successful,EU,3099500.0,4407000.0,101.0,51.0,3.88,43634.0,169500.0,207109.0,134761.0,208784.0,1.42,26.0,23.0,True,,True,0.0,0.5192307692307693,True,0.13043478262261488,0.5217391304347826,True,15549.461538461532,0.5192307692307693,False,-0.0018422326181641857,0.005000390682765283,True,0.33663366336986655,0.504950495049505,True,-0.004615384615384688,0.005,True,0.8846153846153846,1.221882005899705,1.5492909669711563,0.7983545871520441,0.9358152683384895,consistent-but-unverified:all N bidders,consistent-but-unverified:successful S bidders,unknown,unknown
emission-spot-primary-market-auction-report-2024-data.xlsx,Primary Market Auction,159,2024-04-29,2024-04-29 00:00:00,2024-04-29 11:00:41.533000,Auction 4. Period CAP3 EU,T3PA,successful,EU,3099500.0,4639000.0,104.0,41.0,4.16,44606.0,185560.0,270331.0,147595.0,269071.0,1.5,25.0,21.0,True,,True,0.0,0.52,True,-0.23809523810632527,0.5238095238095238,True,23615.0,0.52,False,0.003306984997580198,0.005000402757421592,True,0.23076923076587263,0.5048076923076923,True,0.0,0.005,True,0.84,1.4568387583530933,1.8230360107049697,0.8988754659696838,1.0378129053731207,consistent-but-unverified:all N bidders,consistent-but-unverified:successful S bidders,unknown,unknown
emission-spot-primary-market-auction-report-2024-data.xlsx,Primary Market Auction,160,2024-04-26,2024-04-26 00:00:00,2024-04-26 11:02:18.590000,Auction 4. Period DE,T3PA,successful,DE,1796000.0,3451500.0,100.0,35.0,4.0,34515.0,138060.0,148585.0,94526.0,130357.0,1.92,25.0,19.0,True,,True,0.0,0.52,True,-0.3157894736796152,0.5263157894736842,True,22686.0,0.52,False,-0.0017706013363030237,0.005000813410672703,True,0.0,0.505,True,0.0,0.005,True,0.76,1.076234970302767,1.3790597295982059,0.7305561430523478,0.8667053380246468,consistent-but-unverified:all N bidders,consistent-but-unverified:successful S bidders,unknown,unknown
emission-spot-primary-market-auction-report-2024-data.xlsx,Primary Market Auction,161,2024-04-25,2024-04-25 00:00:00,2024-04-25 11:00:44.909000,Auction 4. Period CAP3 EU,T3PA,successful,EU,3099500.0,5220000.0,101.0,35.0,3.61,51683.0,186429.0,252562.0,154975.0,248625.0,1.68,28.0,20.0,True,,True,0.42857142857974395,0.5178571428571429,True,0.0,0.525,True,44278.571428571435,0.5178571428571429,False,-0.004142603645749476,0.0050004329961082965,True,-0.1683168316812953,0.504950495049505,True,0.0028571428571426694,0.005,True,0.7142857142857143,1.354735582983334,1.604291014679787,0.856428442176655,0.9571604748914708,consistent-but-unverified:all N bidders,consistent-but-unverified:successful S bidders,unknown,unknown
emission-spot-primary-market-auction-report-2024-data.xlsx,Primary Market Auction,162,2024-04-24,2024-04-24 00:00:00,2024-04-24 11:00:27.130000,Auction 4. Period CAP3 PL,T3PA,successful,PL,2310000.0,4617500.0,104.0,25.0,3.59,44399.0,159224.0,175574.0,154000.0,191174.0,2.0,29.0,15.0,True,,True,-0.13793103449279442,0.5172413793103449,True,0.0,0.5333333333333333,True,74344.8275862069,0.5172413793103449,False,0.0010822510822510178,0.0050006491164895205,True,-0.03846153846097877,0.5048076923076923,True,0.0037931034482756587,0.005,True,0.5172413793103449,1.102685524795257,1.2413896103896105,0.743215349064907,0.8070960353031997,consistent-but-unverified:all N bidders,consistent-but-unverified:successful S bidders,unknown,unknown
emission-spot-primary-market-auction-report-2024-data.xlsx,Primary Market Auction,163,2024-04-23,2024-04-23 00:00:00,2024-04-23 11:00:15.144000,Auction 4. Period CAP3 EU,T3PA,successful,EU,3099500.0,4861500.0,108.0,47.0,4.32,45014.0,194460.0,205303.0,147595.0,192292.0,1.57,25.0,21.0,True,,True,0.0,0.52,True,-0.23809523810632527,0.5238095238095238,True,23615.0,0.52,False,0.0015212130988870864,0.005000414337641543,True,0.11111111110949423,0.5046296296296297,True,0.0,0.005,True,0.84,1.055759539236861,1.302835461905891,0.7206453851289816,0.8341411731737152,consistent-but-unverified:all N bidders,consistent-but-unverified:successful S bidders,unknown,unknown
emission-spot-primary-market-auction-report-2024-data.xlsx,Primary Market Auction,164,2024-04-22,2024-04-22 00:00:00,2024-04-22 11:00:26.997000,Auction 4. Period CAP3 EU,T3PA,successful,EU,3099500.0,4836000.0,112.0,38.0,4.15,43179.0,179111.0,181651.0,154975.0,157761.0,1.56,27.0,20.0,True,,True,-0.11111111112404615,0.5185185185185185,True,0.0,0.525,True,40178.70370370371,0.5185185185185185,False,-0.00025165349249878233,0.0050004130104702674,True,0.428571428572468,0.5044642857142857,True,0.0018518518518524374,0.005,True,0.7407407407407407,1.0141811502364455,1.0179770930795289,0.7002127357512413,0.7020955705684421,consistent-but-unverified:all N bidders,consistent-but-unverified:successful S bidders,unknown,unknown
emission-spot-primary-market-auction-report-2024-data.xlsx,Primary Market Auction,165,2024-04-19,2024-04-19 00:00:00,2024-04-19 11:00:22.378000,Auction 4. Period DE,T3PA,successful,DE,1796000.0,3571500.0,104.0,33.0,3.85,34341.0,132278.0,124847.0,99778.0,104945.0,1.99,27.0,18.0,True,,True,0.22222222221898846,0.5185185185185185,True,0.22222222221898846,0.5277777777777778,True,33259.481481481474,0.5185185185185185,False,0.0014142538975501218,0.005000832011776091,True,-0.3461538461560849,0.5048076923076923,True,-0.0018518518518515492,0.005,True,0.6666666666666666,0.9438228579204403,1.0517849626170097,0.6646565794174336,0.7187101277709518,consistent-but-unverified:all N bidders,consistent-but-unverified:successful S bidders,unknown,unknown
emission-spot-primary-market-auction-report-2024-data.xlsx,Primary Market Auction,166,2024-04-18,2024-04-18 00:00:00,2024-04-18 11:00:20.516000,Auction 4. Period CAP3 EU,T3PA,successful,EU,3099500.0,4598000.0,107.0,46.0,4.12,42972.0,176846.0,205698.0,134761.0,193837.0,1.48,26.0,23.0,True,,True,-0.1538461538439151,0.5192307692307693,True,0.13043478262261488,0.5217391304347826,True,15549.461538461532,0.5192307692307693,False,-0.003465075012098806,0.0050004006235383645,True,0.037383177572337445,0.5046728971962616,True,0.004615384615385132,0.005,True,0.8846153846153846,1.1631475973445824,1.4383760880373402,0.771564381972765,0.8913322800469741,consistent-but-unverified:all N bidders,consistent-but-unverified:successful S bidders,unknown,unknown
emission-spot-primary-market-auction-report-2024-data.xlsx,Primary Market Auction,167,2024-04-16,2024-04-16 00:00:00,2024-04-16 11:00:30.712000,Auction 4. Period CAP3 EU,T3PA,successful,EU,3099500.0,4544000.0,104.0,62.0,3.71,43692.0,162286.0,198009.0,123980.0,149711.0,1.47,28.0,25.0,True,,True,0.285714285710128,0.5178571428571429,True,0.0,0.52,True,13283.571428571435,0.5178571428571429,False,0.0039570898532022,0.005000397813058017,True,-0.30769230769510614,0.5048076923076923,True,-0.004285714285714448,0.005,True,0.8928571428571429,1.220123732176528,1.2075415389578965,0.797562929545691,0.791879470513907,consistent-but-unverified:all N bidders,consistent-but-unverified:successful S bidders,unknown,unknown
emission-spot-primary-market-auction-report-2024-data.xlsx,Primary Market Auction,168,2024-04-15,2024-04-15 00:00:00,2024-04-15 11:01:21.476000,Auction 4. Period CAP3 EU,T3PA,successful,EU,3099500.0,5255000.0,113.0,35.0,4.19,46504.0,194630.0,234628.0,163132.0,227342.0,1.7,27.0,19.0,True,,True,0.37037037036498077,0.5185185185185185,True,0.42105263157282025,0.5263157894736842,True,48335.70370370371,0.5185185185185185,False,0.0045652524600741096,0.0050004348177159295,True,-0.4247787610584055,0.504424778761062,True,0.004814814814815271,0.005,True,0.7037037037037037,1.2055078867594924,1.3936076306304097,0.790957816507265,0.872801696723425,consistent-but-unverified:all N bidders,consistent-but-unverified:successful S bidders,unknown,unknown
emission-spot-primary-market-auction-report-2024-data.xlsx,Primary Market Auction,169,2024-04-12,2024-04-12 00:00:00,2024-04-12 11:00:57.979000,Auction 4. Period DE,T3PA,successful,DE,1796000.0,3447500.0,103.0,30.0,3.68,33471.0,123125.0,140500.0,99778.0,144616.0,1.92,28.0,18.0,True,,True,0.0,0.5178571428571429,True,0.22222222221898846,0.5277777777777778,True,35635.142857142855,0.5178571428571429,False,0.00045657015590183647,0.005000812790635923,True,0.12621359222976025,0.5048543689320388,True,0.0014285714285717788,0.005,True,0.6428571428571429,1.1411167512690354,1.449377618312654,0.7613275393066856,0.8958339589429268,consistent-but-unverified:all N bidders,consistent-but-unverified:successful S bidders,unknown,unknown
emission-spot-primary-market-auction-report-2024-data.xlsx,Primary Market Auction,170,2024-04-11,2024-04-11 00:00:00,2024-04-11 11:00:29.280000,Auction 4. Period CAP3 EU,T3PA,successful,EU,3099500.0,5374500.0,105.0,27.0,4.57,51186.0,233674.0,231484.0,221393.0,194533.0,1.73,23.0,14.0,True,,True,0.08695652172900736,0.5217391304347826,True,0.14285714286961593,0.5357142857142857,True,86632.13043478262,0.5217391304347826,False,-0.003989353121471195,0.005000441037204846,True,0.285714285717404,0.5047619047619047,True,0.004782608695652613,0.005,True,0.6086956521739131,0.9906279688797213,0.8786772842863144,0.6884501512082221,0.6305679570306613,consistent-but-unverified:all N bidders,consistent-but-unverified:successful S bidders,unknown,unknown
emission-spot-primary-market-auction-report-2024-data.xlsx,Primary Market Auction,171,2024-04-10,2024-04-10 00:00:00,2024-04-10 11:00:46.052000,Auction 4. Period CAP3 PL,T3PA,successful,PL,2310000.0,5062500.0,104.0,15.0,4.0,48678.0,194712.0,192304.0,192500.0,194800.0,2.19,26.0,12.0,True,,True,0.46153846153174527,0.5192307692307693,True,0.0,0.5416666666666666,True,103653.84615384616,0.5192307692307693,False,-0.0015584415584415368,0.0050006908136181645,True,0.11538461538293632,0.5048076923076923,True,0.0,0.005,True,0.46153846153846156,0.9876330169686511,1.011948051948052,0.6869444920835329,0.6991034327928676,consistent-but-unverified:all N bidders,consistent-but-unverified:successful S bidders,unknown,unknown
emission-spot-primary-market-auction-report-2024-data.xlsx,Primary Market Auction,172,2024-04-09,2024-04-09 00:00:00,2024-04-09 11:00:53.164000,Auction 4. Period CAP3 EU,T3PA,successful,EU,3099500.0,5323000.0,122.0,35.0,4.36,43631.0,190107.0,204977.0,172194.0,200982.0,1.72,28.0,18.0,True,,True,-0.14285714286961593,0.5178571428571429,True,-0.4444444444379769,0.5277777777777778,True,61497.571428571435,0.5178571428571429,False,0.002626230037102717,0.00500043835683933,True,-0.14754098360572243,0.5040983606557377,True,0.0028571428571435575,0.005,True,0.6428571428571429,1.0782191081864423,1.1671835255583818,0.731511328979089,0.7734284100426079,consistent-but-unverified:all N bidders,consistent-but-unverified:successful S bidders,unknown,unknown
emission-spot-primary-market-auction-report-2024-data.xlsx,Primary Market Auction,173,2024-04-08,2024-04-08 00:00:00,2024-04-08 11:00:29.475000,Auction 4. Period CAP3 EU,T3PA,successful,EU,3099500.0,5498000.0,123.0,37.0,4.24,44699.0,189586.0,215146.0,172194.0,192874.0,1.77,29.0,18.0,True,,True,-0.2068965517100878,0.5172413793103449,True,-0.4444444444379769,0.5277777777777778,True,65314.68965517242,0.5172413793103449,False,-0.00383448943377962,0.005000447464877494,True,-0.18699186991580063,0.5040650406504065,True,-0.0013793103448271893,0.005,True,0.6206896551724138,1.1348200816515988,1.120097099782803,0.758382372240416,0.7514618894193924,consistent-but-unverified:all N bidders,consistent-but-unverified:successful S bidders,unknown,unknown
emission-spot-primary-market-auction-report-2024-data.xlsx,Primary Market Auction,174,2024-04-05,2024-04-05 00:00:00,2024-04-05 11:00:26.100000,Auction 4. Period DE,T3PA,successful,DE,1796000.0,4006500.0,98.0,20.0,3.63,40883.0,148389.0,167509.0,138154.0,171118.0,2.23,27.0,13.0,True,,True,0.11111111112404615,0.5185185185185185,True,0.1538461538439151,0.5384615384615384,True,71635.48148148147,0.5185185185185185,False,-0.0007906458797326543,0.005000899440775869,True,0.34693877551035257,0.5051020408163265,True,0.0003703703703701322,0.005,True,0.48148148148148145,1.1288505212650533,1.2386032977691561,0.7555821726738126,0.8058521436110302,consistent-but-unverified:all N bidders,consistent-but-unverified:successful S bidders,unknown,unknown
emission-spot-primary-market-auction-report-2024-data.xlsx,Primary Market Auction,175,2024-04-04,2024-04-04 00:00:00,2024-04-04 11:00:25.591000,Auction 4. Period CAP3 EU,T3PA,successful,EU,3099500.0,5677500.0,115.0,38.0,4.42,49370.0,218365.0,271971.0,172194.0,254727.0,1.83,26.0,18.0,True,,True,-0.38461538462433964,0.5192307692307693,True,-0.4444444444379769,0.5277777777777778,True,52982.46153846153,0.5192307692307693,False,-0.0017470559767702731,0.005000456807122354,True,0.4347826086959685,0.5043478260869565,True,-0.0030769230769234213,0.005,True,0.6923076923076923,1.2454880589838115,1.479302414718283,0.8089228957777028,0.9079772362212282,consistent-but-unverified:all N bidders,consistent-but-unverified:successful S bidders,unknown,unknown
emission-spot-primary-market-auction-report-2024-data.xlsx,Primary Market Auction,176,2024-04-02,2024-04-02 00:00:00,2024-04-02 11:00:40.131000,Auction 4. Period CAP3 EU,T3PA,successful,EU,3099500.0,3423000.0,85.0,70.0,3.4,40271.0,136920.0,147560.0,129146.0,146441.0,1.1,25.0,24.0,True,,True,0.0,0.52,True,0.1666666666715173,0.5208333333333334,True,5166.0,0.52,False,-0.004371672850459696,0.005000339469567835,True,0.41176470588106895,0.5058823529411764,True,0.0,0.005,True,0.96,1.0777096114519427,1.1339182011057254,0.7312661386635552,0.7579598208917258,consistent-but-unverified:all N bidders,consistent-but-unverified:successful S bidders,unknown,unknown
emission-spot-primary-market-auction-report-2024-data.xlsx,Primary Market Auction,177,2024-03-28,2024-03-28 00:00:00,2024-03-28 11:00:47.464000,Auction 4. Period CAP3 EU,T3PA,successful,EU,3099500.0,4523500.0,93.0,34.0,3.58,48640.0,173981.0,241256.0,163132.0,251131.0,1.46,26.0,19.0,True,,True,0.23076923078042455,0.5192307692307693,True,0.42105263157282025,0.5263157894736842,True,43920.46153846153,0.5192307692307693,False,0.0005710598483625873,0.005000396746116404,True,0.2150537634443026,0.5053763440860215,True,0.003076923076922977,0.005,True,0.7307692307692307,1.3866801547295395,1.5394343231248315,0.8699033437114667,0.931941348796294,consistent-but-unverified:all N bidders,consistent-but-unverified:successful S bidders,unknown,unknown
emission-spot-primary-market-auction-report-2024-data.xlsx,Primary Market Auction,178,2024-03-27,2024-03-27 00:00:00,2024-03-27 11:00:17.665000,Auction 4. Period CAP3 PL,T3PA,successful,PL,2310000.0,4096000.0,84.0,19.0,3.23,48762.0,157538.0,246936.0,256667.0,355533.0,1.77,26.0,9.0,True,,True,-0.46153846153174527,0.5192307692307693,True,0.3333333333430346,0.5555555555555556,True,167820.84615384616,0.5192307692307693,False,-0.003160173160173141,0.005000600251202805,True,0.09523809523670934,0.5059523809523809,True,-0.0007692307692308553,0.005,True,0.34615384615384615,1.5674694359456132,1.385191707543237,0.9429207585415855,0.8692795016312369,consistent-but-unverified:all N bidders,consistent-but-unverified:successful S bidders,unknown,unknown
emission-spot-primary-market-auction-report-2024-data.xlsx,Primary Market Auction,179,2024-03-26,2024-03-26 00:00:00,2024-03-26 11:00:26.491000,Auction 4. Period CAP3 EU,T3PA,successful,EU,3099500.0,4721500.0,94.0,39.0,3.62,50229.0,181596.0,286576.0,147595.0,290498.0,1.52,26.0,21.0,True,,True,-0.1538461538439151,0.5192307692307693,True,-0.23809523810632527,0.5238095238095238,True,28383.46153846153,0.5192307692307693,False,-0.0033102113244072306,0.005000407051211012,True,0.27659574468270876,0.5053191489361702,True,0.004615384615384688,0.005,True,0.8076923076923077,1.578096433842155,1.9682103052271418,0.9470513102728435,1.0879591803511706,consistent-but-unverified:all N bidders,consistent-but-unverified:successful S bidders,unknown,unknown
emission-spot-primary-market-auction-report-2024-data.xlsx,Primary Market Auction,180,2024-03-25,2024-03-25 00:00:00,2024-03-25 11:00:24.942000,Auction 4. Period CAP3 EU,T3PA,successful,EU,3099500.0,5437000.0,104.0,23.0,3.71,52279.0,194179.0,281655.0,221393.0,314619.0,1.75,28.0,14.0,True,,True,0.42857142857974395,0.5178571428571429,True,0.14285714286961593,0.5357142857142857,True,110696.57142857143,0.5178571428571429,False,-0.004153895789643425,0.0050004442900756195,True,0.1538461538439151,0.5048076923076923,True,-0.004285714285714448,0.005,True,0.5,1.4504915567594847,1.4210882909577087,0.8962886398440777,0.8842171460880219,consistent-but-unverified:all N bidders,consistent-but-unverified:successful S bidders,unknown,unknown
emission-spot-primary-market-auction-report-2024-data.xlsx,Primary Market Auction,181,2024-03-22,2024-03-22 00:00:00,2024-03-22 11:00:26.978000,Auction 4. Period DE,T3PA,successful,DE,1796000.0,3352000.0,85.0,31.0,3.27,39435.0,128923.0,132552.0,81636.0,107942.0,1.87,26.0,22.0,True,,True,-0.07692307692195754,0.5192307692307693,True,-0.36363636363239493,0.5227272727272727,True,12559.076923076922,0.5192307692307693,False,0.003630289532294162,0.0050007979872578115,True,-0.29411764705582755,0.5058823529411764,True,0.0007692307692308553,0.005,True,0.8461538461538461,1.0281485848141914,1.3222352883531776,0.7071233497187295,0.8425302081822862,consistent-but-unverified:all N bidders,consistent-but-unverified:successful S bidders,unknown,unknown
emission-spot-primary-market-auction-report-2024-data.xlsx,Primary Market Auction,182,2024-03-21,2024-03-21 00:00:00,2024-03-21 11:00:25.870000,Auction 4. Period CAP3 EU,T3PA,successful,EU,3104500.0,4966500.0,100.0,35.0,3.45,49665.0,171259.0,232653.0,147833.0,223512.0,1.6,29.0,21.0,True,,True,0.37931034484063275,0.5172413793103449,True,-0.3333333333430346,0.5238095238095238,True,40781.27586206897,0.5172413793103449,False,0.00022547914317927464,0.005000418710706798,True,0.0,0.505,True,0.0017241379310348748,0.005,True,0.7241379310344828,1.3584862693347504,1.51192223657776,0.858020001946454,0.9210482913504119,consistent-but-unverified:all N bidders,consistent-but-unverified:successful S bidders,unknown,unknown
emission-spot-primary-market-auction-report-2024-data.xlsx,Primary Market Auction,184,2024-03-19,2024-03-19 00:00:00,2024-03-19 11:01:17.524000,Auction 4. Period CAP3 EU,T3PA,successful,EU,3099500.0,4753500.0,100.0,46.0,3.85,47535.0,182827.0,182475.0,140886.0,169119.0,1.53,26.0,22.0,True,,True,0.07692307693650946,0.5192307692307693,True,-0.36363636364694685,0.5227272727272727,True,21674.46153846153,0.5192307692307693,False,-0.0036344571705113626,0.005000408716680848,True,0.0,0.505,True,0.0038461538461538325,0.005,True,0.8461538461538461,0.9980746826234637,1.200396064903539,0.6921840582182182,0.7886373736625127,consistent-but-unverified:all N bidders,consistent-but-unverified:successful S bidders,unknown,unknown
emission-spot-primary-market-auction-report-2024-data.xlsx,Primary Market Auction,185,2024-03-18,2024-03-18 00:00:00,2024-03-18 11:00:27.150000,Auction 4. Period CAP3 EU,T3PA,successful,EU,3099500.0,5318000.0,104.0,31.0,3.85,51135.0,196963.0,236764.0,147595.0,209680.0,1.72,27.0,21.0,True,,True,0.03703703705104999,0.5185185185185185,True,-0.23809523810632527,0.5238095238095238,True,32798.70370370371,0.5185185185185185,False,0.004239393450556461,0.0050004380966096685,True,0.3846153846170637,0.5048076923076923,True,-0.0018518518518515492,0.005,True,0.7777777777777778,1.2020734858831355,1.4206443307700125,0.7893994100793097,0.884033757114022,consistent-but-unverified:all N bidders,consistent-but-unverified:successful S bidders,unknown,unknown
emission-spot-primary-market-auction-report-2024-data.xlsx,Primary Market Auction,186,2024-03-15,2024-03-15 00:00:00,2024-03-15 11:00:46.776000,Auction 4. Period DE,T3PA,successful,DE,1796000.0,4171000.0,101.0,11.0,3.88,41297.0,160423.0,143453.0,179600.0,161822.0,2.32,26.0,10.0,True,,True,-0.07692307693650946,0.5192307692307693,True,0.0,0.55,True,110523.07692307692,0.5192307692307693,False,-0.002383073496659449,0.00500092493978843,True,-0.029702970299695153,0.504950495049505,True,-0.004615384615384688,0.005,True,0.38461538461538464,0.8942171633743291,0.9010133630289532,0.6388056467836634,0.6423870929549959,consistent-but-unverified:all N bidders,consistent-but-unverified:successful S bidders,unknown,unknown
emission-spot-primary-market-auction-report-2024-data.xlsx,Primary Market Auction,187,2024-03-14,2024-03-14 00:00:00,2024-03-14 11:00:45.398000,Auction 4. Period CAP3 EU,T3PA,successful,EU,3099500.0,5603500.0,118.0,24.0,4.37,47487.0,207537.0,268907.0,163132.0,242785.0,1.81,27.0,19.0,True,,True,-0.03703703705104999,0.5185185185185185,True,0.42105263157282025,0.5263157894736842,True,48335.70370370371,0.5185185185185185,False,0.0021277625423457014,0.005000452955723359,True,-0.2881355932186125,0.5042372881355932,True,-0.0003703703703701322,0.005,True,0.7037037037037037,1.2957063077909,1.488273300149572,0.831040555550316,0.9115890161711555,consistent-but-unverified:all N bidders,consistent-but-unverified:successful S bidders,unknown,unknown
emission-spot-primary-market-auction-report-2024-data.xlsx,Primary Market Auction,188,2024-03-13,2024-03-13 00:00:00,2024-03-13 11:00:59.771000,Auction 4. Period CAP3 PL,T3PA,successful,PL,2310000.0,4569500.0,121.0,29.0,4.32,37764.0,163196.0,171198.0,128333.0,147666.0,1.98,28.0,18.0,True,,True,-0.42857142857974395,0.5178571428571429,True,-0.3333333333284827,0.5277777777777778,True,45833.0,0.5178571428571429,False,0.0018614718614717862,0.005000644618821711,True,-0.46280991735693533,0.5041322314049587,True,-0.0014285714285708906,0.005,True,0.6428571428571429,1.0490330645358954,1.1506471445380377,0.7173680060401295,0.7657687943084766,consistent-but-unverified:all N bidders,consistent-but-unverified:successful S bidders,unknown,unknown
emission-spot-primary-market-auction-report-2024-data.xlsx,Primary Market Auction,189,2024-03-12,2024-03-12 00:00:00,2024-03-12 11:00:26.648000,Auction 4. Period CAP3 EU,T3PA,successful,EU,3099500.0,5310500.0,121.0,24.0,4.65,43888.0,204250.0,286380.0,221393.0,325292.0,1.71,26.0,14.0,True,,True,0.0,0.5192307692307693,True,0.14285714286961593,0.5357142857142857,True,102181.46153846153,0.5192307692307693,False,-0.0033408614292627092,0.005000437706265176,True,-0.42975206611299654,0.5041322314049587,True,-0.0038461538461538325,0.005,True,0.5384615384615384,1.4021052631578947,1.4692966805635228,0.8763455458274344,0.9039333653812889,consistent-but-unverified:all N bidders,consistent-but-unverified:successful S bidders,unknown,unknown
emission-spot-primary-market-auction-report-2024-data.xlsx,Primary Market Auction,190,2024-03-11,2024-03-11 00:00:00,2024-03-11 11:00:53.545000,Auction 4. Period CAP3 EU,T3PA,successful,EU,3099500.0,4050500.0,104.0,57.0,4.16,38947.0,162020.0,196662.0,129146.0,176609.0,1.31,25.0,24.0,True,,True,0.0,0.52,True,0.1666666666715173,0.5208333333333334,True,5166.0,0.52,False,0.0031763187610904797,0.005000372128390394,True,-0.11538461538293632,0.5048076923076923,True,0.0,0.005,True,0.96,1.2138131094926552,1.3675142861567529,0.794716417666848,0.8618405803394056,consistent-but-unverified:all N bidders,consistent-but-unverified:successful S bidders,unknown,unknown
emission-spot-primary-market-auction-report-2024-data.xlsx,Primary Market Auction,191,2024-03-08,2024-03-08 00:00:00,2024-03-08 11:00:33.822000,Auction 4. Period DE,T3PA,successful,DE,1796000.0,3222000.0,89.0,32.0,4.05,36202.0,146455.0,141541.0,94526.0,111278.0,1.79,22.0,19.0,True,,True,0.45454545455868356,0.5227272727272727,True,-0.3157894736796152,0.5263157894736842,True,12889.636363636368,0.5227272727272727,False,-0.003986636971046842,0.005000777836062475,True,-0.24719101123628207,0.5056179775280899,True,0.004545454545453964,0.005,True,0.8636363636363636,0.9664470315113858,1.1772210820303408,0.6762283771144966,0.778049330624147,consistent-but-unverified:all N bidders,consistent-but-unverified:successful S bidders,unknown,unknown
emission-spot-primary-market-auction-report-2024-data.xlsx,Primary Market Auction,192,2024-03-07,2024-03-07 00:00:00,2024-03-07 11:00:32.148000,Auction 4. Period CAP3 EU,T3PA,successful,EU,3099500.0,4351000.0,94.0,55.0,3.62,46287.0,167346.0,185485.0,140886.0,172423.0,1.4,26.0,22.0,True,,True,-0.1538461538439151,0.5192307692307693,True,-0.36363636364694685,0.5227272727272727,True,21674.46153846153,0.5192307692307693,False,-0.003774802387481957,0.00500038776819307,True,-0.23404255319474032,0.5053191489361702,True,0.004615384615384688,0.005,True,0.8461538461538461,1.1083921934196217,1.223847649872947,0.7459256633832675,0.7992388712869452,consistent-but-unverified:all N bidders,consistent-but-unverified:successful S bidders,unknown,unknown
emission-spot-primary-market-auction-report-2024-data.xlsx,Primary Market Auction,193,2024-03-05,2024-03-05 00:00:00,2024-03-05 11:00:36.435000,Auction 4. Period CAP3 EU,T3PA,successful,EU,3099500.0,5711500.0,100.0,16.0,4.0,57115.0,228460.0,249683.0,344389.0,271533.0,1.84,25.0,9.0,True,,True,0.0,0.52,True,0.11111111112404615,0.5555555555555556,True,220409.0,0.52,False,-0.0027165671882560805,0.005000458576684054,True,0.0,0.505,True,0.0,0.005,True,0.36,1.0928959117569814,0.7884485276823592,0.73854871062519,0.5813484997010945,consistent-but-unverified:all N bidders,consistent-but-unverified:successful S bidders,unknown,unknown
emission-spot-primary-market-auction-report-2024-data.xlsx,Primary Market Auction,194,2024-03-04,2024-03-04 00:00:00,2024-03-04 11:00:37.411000,Auction 4. Period CAP3 EU,T3PA,successful,EU,3099500.0,4100500.0,107.0,71.0,3.96,38322.0,151870.0,179907.0,123980.0,156379.0,1.32,27.0,25.0,True,,True,-0.37037037036498077,0.5185185185185185,True,0.0,0.52,True,9183.703703703708,0.5185185185185185,False,-0.002955315373447176,0.005000374730687013,True,-0.42990654205641476,0.5046728971962616,True,-0.002962962962962834,0.005,True,0.9259259259259259,1.1846118390728912,1.2613244071624456,0.7814381647447146,0.8159506625093587,consistent-but-unverified:all N bidders,consistent-but-unverified:successful S bidders,unknown,unknown
emission-spot-primary-market-auction-report-2024-data.xlsx,Primary Market Auction,195,2024-03-01,2024-03-01 00:00:00,2024-03-01 11:01:30.769000,Auction 4. Period DE,T3PA,successful,DE,1796000.0,3276000.0,95.0,27.0,4.13,34484.0,142435.0,136194.0,99778.0,114749.0,1.82,23.0,18.0,True,,True,0.21739130435162224,0.5217391304347826,True,0.22222222221898846,0.5277777777777778,True,21691.043478260865,0.5217391304347826,False,-0.004053452115812872,0.005000786206558999,True,-0.21052631578641012,0.5052631578947369,True,-0.0004347826086954498,0.005,True,0.782608695652174,0.9561835223084214,1.1500430956723926,0.6709953925223603,0.7654878864374703,consistent-but-unverified:all N bidders,consistent-but-unverified:successful S bidders,unknown,unknown
emission-spot-primary-market-auction-report-2024-data.xlsx,Primary Market Auction,196,2024-02-29,2024-02-29 00:00:00,2024-02-29 11:00:37.277000,Auction 4. Period CAP3 EU,T3PA,successful,EU,3099500.0,4478500.0,93.0,42.0,4.65,48156.0,223925.0,204753.0,172194.0,187744.0,1.44,20.0,18.0,True,,True,0.0,0.525,True,-0.4444444444379769,0.5277777777777778,True,17219.0,0.525,False,-0.004910469430553288,0.005000394404049447,True,0.08602150537626585,0.5053763440860215,True,0.0,0.005,True,0.9,0.9143820475605672,1.0903051209682102,0.64939487998791,0.7373100462149667,consistent-but-unverified:all N bidders,consistent-but-unverified:successful S bidders,unknown,unknown
emission-spot-primary-market-auction-report-2024-data.xlsx,Primary Market Auction,197,2024-02-28,2024-02-28 00:00:00,2024-02-28 11:00:23.667000,Auction 4. Period CAP3 PL,T3PA,successful,PL,2310000.0,4768000.0,96.0,13.0,4.17,49667.0,207304.0,195322.0,256667.0,184960.0,2.06,23.0,9.0,True,,True,-0.3478260869451333,0.5217391304347826,True,0.3333333333430346,0.5555555555555556,True,156232.21739130435,0.5217391304347826,False,-0.004069264069264111,0.005000663218552129,True,0.33333333333575865,0.5052083333333334,True,-0.003913043478260825,0.005,True,0.391304347826087,0.9422008258403118,0.720622440750077,0.6638217763867131,0.5426861095181048,consistent-but-unverified:all N bidders,consistent-but-unverified:successful S bidders,unknown,unknown
emission-spot-primary-market-auction-report-2024-data.xlsx,Primary Market Auction,198,2024-02-27,2024-02-27 00:00:00,2024-02-27 11:00:37.018000,Auction 4. Period CAP3 EU,T3PA,successful,EU,3099500.0,4607000.0,102.0,40.0,4.64,45167.0,209409.0,342305.0,163132.0,338421.0,1.49,22.0,19.0,True,,True,-0.09090909091173671,0.5227272727272727,True,0.42105263157282025,0.5263157894736842,True,22245.636363636353,0.5227272727272727,False,0.003631230843684552,0.005000401091951756,True,0.33333333333575865,0.5049019607843137,True,0.0036363636363629936,0.005,True,0.8636363636363636,1.6346241088014364,2.074522472598877,0.9687405186111032,1.123149595735423,consistent-but-unverified:all N bidders,consistent-but-unverified:successful S bidders,unknown,unknown
emission-spot-primary-market-auction-report-2024-data.xlsx,Primary Market Auction,199,2024-02-26,2024-02-26 00:00:00,2024-02-26 11:00:52.009000,Auction 4. Period CAP3 EU,T3PA,successful,EU,3099500.0,5055500.0,89.0,17.0,4.24,56803.0,240738.0,325371.0,258292.0,332008.0,1.63,21.0,12.0,True,,True,-0.09523809523670934,0.5238095238095238,True,0.3333333333430346,0.5416666666666666,True,110696.7619047619,0.5238095238095238,False,-0.001069527343120047,0.005000424434552422,True,-0.3707865168544231,0.5056179775280899,True,0.0019047619047620756,0.005,True,0.5714285714285714,1.3515564638735886,1.2853979217319933,0.8550774339682211,0.8265401543627718,consistent-but-unverified:all N bidders,consistent-but-unverified:successful S bidders,unknown,unknown
emission-spot-primary-market-auction-report-2024-data.xlsx,Primary Market Auction,200,2024-02-23,2024-02-23 00:00:00,2024-02-23 11:00:35.181000,Auction 4. Period DE,T3PA,successful,DE,1796000.0,3110500.0,95.0,44.0,3.96,32742.0,129604.0,129971.0,81636.0,103666.0,1.73,24.0,22.0,True,,True,-0.1666666666715173,0.5208333333333334,True,-0.36363636363239493,0.5227272727272727,True,6802.6666666666715,0.5208333333333334,False,-0.0019042316258353065,0.005000760552537244,True,-0.10526315789320506,0.5052631578947369,True,0.0016666666666664831,0.005,True,0.9166666666666666,1.0028317027252245,1.2698564358861286,0.694562030550102,0.8197165853902917,consistent-but-unverified:all N bidders,consistent-but-unverified:successful S bidders,unknown,unknown
emission-spot-primary-market-auction-report-2024-data.xlsx,Primary Market Auction,201,2024-02-22,2024-02-22 00:00:00,2024-02-22 11:00:44.172000,Auction 4. Period CAP3 EU,T3PA,successful,EU,3099500.0,5084000.0,106.0,30.0,4.08,47962.0,195538.0,222864.0,140886.0,198235.0,1.64,26.0,22.0,True,,True,-0.46153846153174527,0.5192307692307693,True,-0.36363636364694685,0.5227272727272727,True,21674.46153846153,0.5192307692307693,False,-0.0002645587998064691,0.0050004259178614945,True,-0.26415094339608913,0.5047169811320755,True,0.0030769230769234213,0.005,True,0.8461538461538461,1.139747772811423,1.4070596084777764,0.7606879589151183,0.8784059231298496,consistent-but-unverified:all N bidders,consistent-but-unverified:successful S bidders,unknown,unknown
emission-spot-primary-market-auction-report-2024-data.xlsx,Primary Market Auction,202,2024-02-20,2024-02-20 00:00:00,2024-02-20 11:00:33.304000,Auction 4. Period CAP3 EU,T3PA,successful,EU,3099500.0,5340000.0,92.0,24.0,4.18,58043.0,242727.0,313154.0,193719.0,302882.0,1.72,22.0,16.0,True,,True,-0.27272727273521014,0.5227272727272727,True,0.25,0.53125,True,52832.63636363635,0.5227272727272727,False,-0.002858525568640191,0.00500043924162018,True,-0.47826086956774816,0.5054347826086957,True,-0.001818181818181941,0.005,True,0.7272727272727273,1.290149015148706,1.563512097419458,0.8286168875663888,0.9413782313330611,consistent-but-unverified:all N bidders,consistent-but-unverified:successful S bidders,unknown,unknown
emission-spot-primary-market-auction-report-2024-data.xlsx,Primary Market Auction,203,2024-02-19,2024-02-19 00:00:00,2024-02-19 11:00:26.140000,Auction 4. Period CAP3 EU,T3PA,successful,EU,3099500.0,4520000.0,92.0,41.0,4.0,49130.0,196522.0,192074.0,140886.0,159502.0,1.46,23.0,22.0,True,,True,0.2608695652161259,0.5217391304347826,True,-0.36363636364694685,0.5227272727272727,True,6125.130434782623,0.5217391304347826,False,0.001700274237780297,0.00500039656395564,True,-0.4347826086959685,0.5054347826086957,True,0.0,0.005,True,0.9565217391304348,0.9773664017260154,1.1321352015104411,0.6817658591997059,0.7571239196355387,consistent-but-unverified:all N bidders,consistent-but-unverified:successful S bidders,unknown,unknown
emission-spot-primary-market-auction-report-2024-data.xlsx,Primary Market Auction,204,2024-02-16,2024-02-16 00:00:00,2024-02-16 11:00:25.885000,Auction 4. Period DE,T3PA,successful,DE,1796000.0,3228000.0,89.0,30.0,4.05,36270.0,146727.0,194257.0,99778.0,192513.0,1.8,22.0,18.0,True,,True,-0.27272727273521014,0.5227272727272727,True,0.22222222221898846,0.5277777777777778,True,18141.636363636368,0.5227272727272727,False,0.0026726057906458767,0.005000778766117644,True,0.3370786516825319,0.5056179775280899,True,0.004545454545453964,0.005,True,0.8181818181818182,1.323934926768761,1.9294132975204954,0.8432618380678496,1.0748021632242226,consistent-but-unverified:all N bidders,consistent-but-unverified:successful S bidders,unknown,unknown
emission-spot-primary-market-auction-report-2024-data.xlsx,Primary Market Auction,205,2024-02-15,2024-02-15 00:00:00,2024-02-15 11:01:04.995000,Auction 4. Period CAP3 EU,T3PA,successful,EU,3099500.0,5614500.0,103.0,27.0,3.55,54510.0,193603.0,266539.0,172194.0,289718.0,1.81,29.0,18.0,True,,True,-0.44827586205792613,0.5172413793103449,True,-0.4444444444379769,0.5277777777777778,True,65314.68965517242,0.5172413793103449,False,-0.0014211969672526248,0.005000453528228615,True,0.29126213592098793,0.5048543689320388,True,-0.0017241379310348748,0.005,True,0.6206896551724138,1.3767296994364757,1.6825092628082279,0.8657254669084294,0.9867526485673522,consistent-but-unverified:all N bidders,consistent-but-unverified:successful S bidders,unknown,unknown
emission-spot-primary-market-auction-report-2024-data.xlsx,Primary Market Auction,206,2024-02-14,2024-02-14 00:00:00,2024-02-14 11:00:39.584000,Auction 4. Period CAP3 PL,T3PA,successful,PL,2310000.0,4822500.0,112.0,23.0,4.15,43058.0,178611.0,171567.0,135882.0,144747.0,2.09,27.0,17.0,True,,True,-0.11111111112404615,0.5185185185185185,True,-0.3529411764757242,0.5294117647058824,True,50326.44444444444,0.5185185185185185,False,0.002337662337662305,0.00500066832527912,True,-0.03571428571740398,0.5044642857142857,True,0.0018518518518524374,0.005,True,0.6296296296296297,0.9605623393855921,1.0652404291959199,0.6732313399420313,0.7252466502388305,consistent-but-unverified:all N bidders,consistent-but-unverified:successful S bidders,unknown,unknown
emission-spot-primary-market-auction-report-2024-data.xlsx,Primary Market Auction,207,2024-02-13,2024-02-13 00:00:00,2024-02-13 11:00:43.236000,Auction 4. Period CAP3 EU,T3PA,successful,EU,3099500.0,5189000.0,114.0,34.0,4.38,45518.0,199577.0,207037.0,147595.0,189203.0,1.67,26.0,21.0,True,,True,0.07692307693650946,0.5192307692307693,True,-0.23809523810632527,0.5238095238095238,True,28383.46153846153,0.5192307692307693,False,-0.00414099048233596,0.0050004313826843925,True,0.4561403508778312,0.5043859649122807,True,-0.004615384615385132,0.005,True,0.8076923076923077,1.037379056704931,1.2819065686506996,0.7116642056986585,0.8250113078544234,consistent-but-unverified:all N bidders,consistent-but-unverified:successful S bidders,unknown,unknown
emission-spot-primary-market-auction-report-2024-data.xlsx,Primary Market Auction,208,2024-02-12,2024-02-12 00:00:00,2024-02-12 11:00:23.500000,Auction 4. Period CAP3 EU,T3PA,successful,EU,3099500.0,4626000.0,116.0,58.0,4.14,39879.0,165214.0,173787.0,114796.0,136753.0,1.49,28.0,27.0,True,,True,-0.285714285710128,0.5178571428571429,True,-0.2962962962919846,0.5185185185185185,True,4099.571428571435,0.5178571428571429,False,-0.0024987901274398094,0.0050004020808244705,True,-0.3103448275869596,0.5043103448275862,True,-0.0028571428571435575,0.005,True,0.9642857142857143,1.0518902756425,1.191269730652636,0.7187614539697365,0.7844811615037608,consistent-but-unverified:all N bidders,consistent-but-unverified:successful S bidders,unknown,unknown
emission-spot-primary-market-auction-report-2024-data.xlsx,Primary Market Auction,209,2024-02-09,2024-02-09 00:00:00,2024-02-09 11:00:39.180000,Auction 4. Period DE,T3PA,successful,DE,1796000.0,3213000.0,87.0,44.0,3.95,36931.0,146045.0,134164.0,89800.0,106755.0,1.79,22.0,20.0,True,,True,-0.45454545455868356,0.5227272727272727,True,0.0,0.525,True,8163.636363636368,0.5227272727272727,False,0.0010244988864143156,0.005000776440979721,True,-0.034482758623198606,0.5057471264367817,True,-0.004545454545454408,0.005,True,0.9090909090909091,0.9186483618062926,1.1888084632516704,0.6516209599047744,0.7833573150557929,consistent-but-unverified:all N bidders,consistent-but-unverified:successful S bidders,unknown,unknown
emission-spot-primary-market-auction-report-2024-data.xlsx,Primary Market Auction,210,2024-02-08,2024-02-08 00:00:00,2024-02-08 11:00:54.042000,Auction 4. Period CAP3 EU,T3PA,successful,EU,3099500.0,4854000.0,107.0,37.0,4.12,45364.0,186692.0,220042.0,134761.0,199787.0,1.57,26.0,23.0,True,,True,-0.3076923076878302,0.5192307692307693,True,0.13043478262261488,0.5217391304347826,True,15549.461538461532,0.5192307692307693,False,0.003940958219067703,0.00500041394729705,True,-0.48598130841128295,0.5046728971962616,True,0.004615384615385132,0.005,True,0.8846153846153846,1.178636470764682,1.4825283279287034,0.7786992089854116,0.9092775279209082,consistent-but-unverified:all N bidders,consistent-but-unverified:successful S bidders,unknown,unknown
emission-spot-primary-market-auction-report-2024-data.xlsx,Primary Market Auction,211,2024-02-06,2024-02-06 00:00:00,2024-02-06 11:00:36.354000,Auction 4. Period CAP3 EU,T3PA,successful,EU,3099500.0,5260500.0,96.0,24.0,4.0,54797.0,219188.0,217695.0,182324.0,194407.0,1.7,24.0,17.0,True,,True,0.5,0.5208333333333334,True,0.4705882353009656,0.5294117647058824,True,53178.16666666667,0.5208333333333334,False,0.0027907727052749465,0.005000435103968557,True,0.125,0.5052083333333334,True,0.0,0.005,True,0.7083333333333334,0.9931884957205687,1.0662721309317478,0.6897356156447435,0.7257460807705101,consistent-but-unverified:all N bidders,consistent-but-unverified:successful S bidders,unknown,unknown
emission-spot-primary-market-auction-report-2024-data.xlsx,Primary Market Auction,212,2024-02-05,2024-02-05 00:00:00,2024-02-05 11:00:19.923000,Auction 4. Period CAP3 EU,T3PA,successful,EU,3099500.0,5122000.0,112.0,35.0,3.86,45732.0,176621.0,199038.0,140886.0,172035.0,1.65,29.0,22.0,True,,True,0.31034482759423554,0.5172413793103449,True,-0.36363636364694685,0.5227272727272727,True,34006.68965517242,0.5172413793103449,False,-0.002524600742055183,0.0050004278956069246,True,-0.142857142855064,0.5044642857142857,True,-0.002068965517241672,0.005,True,0.7586206896551724,1.1269214872523652,1.221093650185256,0.7546756231025765,0.7979997097978804,consistent-but-unverified:all N bidders,consistent-but-unverified:successful S bidders,unknown,unknown
emission-spot-primary-market-auction-report-2024-data.xlsx,Primary Market Auction,213,2024-02-02,2024-02-02 00:00:00,2024-02-02 11:00:25.077000,Auction 4. Period DE,T3PA,successful,DE,1796000.0,3322500.0,98.0,41.0,4.08,33903.0,138438.0,135731.0,81636.0,108949.0,1.85,24.0,22.0,True,,True,0.5,0.5208333333333334,True,-0.36363636363239493,0.5227272727272727,True,6802.6666666666715,0.5208333333333334,False,5.567928730521032e-05,0.005000793414486562,True,-0.06122448979294859,0.5051020408163265,True,-0.0033333333333329662,0.005,True,0.9166666666666666,0.9804461202848929,1.3345705326081632,0.6833221326024184,0.8478279481265109,consistent-but-unverified:all N bidders,consistent-but-unverified:successful S bidders,unknown,unknown
emission-spot-primary-market-auction-report-2024-data.xlsx,Primary Market Auction,214,2024-02-01,2024-02-01 00:00:00,2024-02-01 11:00:43.972000,Auction 4. Period CAP3 EU,T3PA,successful,EU,3099500.0,3874000.0,93.0,69.0,3.88,41656.0,161417.0,176200.0,134761.0,162123.0,1.25,24.0,23.0,True,,True,0.3333333333430346,0.5208333333333334,True,0.13043478262261488,0.5217391304347826,True,5615.1666666666715,0.5208333333333334,False,0.00012098725600906413,0.005000362942283332,True,0.08602150537626585,0.5053763440860215,True,0.004999999999999893,0.005,True,0.9583333333333334,1.0915826709702199,1.2030409391441144,0.7379210382383375,0.7898386510084611,consistent-but-unverified:all N bidders,consistent-but-unverified:successful S bidders,unknown,unknown
emission-spot-primary-market-auction-report-2024-data.xlsx,Primary Market Auction,215,2024-01-31,2024-01-31 00:00:00,2024-01-31 11:00:36.840000,Auction 4. Period CAP3 PL,T3PA,successful,PL,2310000.0,4295500.0,90.0,24.0,3.33,47728.0,159093.0,197580.0,135882.0,204534.0,1.86,27.0,17.0,True,,True,0.40740740741603076,0.5185185185185185,True,-0.3529411764757242,0.5294117647058824,True,50326.44444444444,0.5185185185185185,False,0.0004761904761905189,0.005000618944634636,True,0.22222222221898846,0.5055555555555555,True,-0.0033333333333334103,0.005,True,0.6296296296296297,1.2419151062586034,1.5052324811233275,0.8073304587495687,0.9183815370661998,consistent-but-unverified:all N bidders,consistent-but-unverified:successful S bidders,unknown,unknown
emission-spot-primary-market-auction-report-2024-data.xlsx,Primary Market Auction,216,2024-01-30,2024-01-30 00:00:00,2024-01-30 11:00:20.697000,Auction 4. Period CAP3 EU,T3PA,successful,EU,3099500.0,4870500.0,100.0,36.0,4.0,48705.0,194820.0,234851.0,163132.0,224521.0,1.57,25.0,19.0,True,,True,0.0,0.52,True,0.42105263157282025,0.5263157894736842,True,39152.0,0.52,False,-0.0013824810453297864,0.0050004148060549345,True,0.0,0.505,True,0.0,0.005,True,0.76,1.2054768504260343,1.3763148861045043,0.7909437442148823,0.8655509205411236,consistent-but-unverified:all N bidders,consistent-but-unverified:successful S bidders,unknown,unknown
emission-spot-primary-market-auction-report-2024-data.xlsx,Primary Market Auction,217,2024-01-29,2024-01-29 00:00:00,2024-01-29 11:00:37.184000,Auction 4. Period CAP3 EU,T3PA,successful,EU,3099500.0,4379500.0,98.0,53.0,3.92,44689.0,175180.0,250419.0,140886.0,248061.0,1.41,25.0,22.0,True,,True,0.0,0.52,True,-0.36363636364694685,0.5227272727272727,True,16906.0,0.52,False,-0.002969833844168601,0.005000389251502143,True,0.22448979591717944,0.5051020408163265,True,0.0,0.005,True,0.88,1.429495376184496,1.7607214343511775,0.8876835716656711,1.0154920348305114,consistent-but-unverified:all N bidders,consistent-but-unverified:successful S bidders,unknown,unknown
emission-spot-primary-market-auction-report-2024-data.xlsx,Primary Market Auction,218,2024-01-26,2024-01-26 00:00:00,2024-01-26 11:00:34.731000,Auction 4. Period DE,T3PA,successful,DE,1796000.0,3725000.0,92.0,8.0,3.41,40489.0,137963.0,170217.0,224500.0,213332.0,2.07,27.0,8.0,True,,True,0.03703703705104999,0.5185185185185185,True,0.0,0.5625,True,157981.48148148146,0.5185185185185185,False,-0.004053452115813094,0.0050008558056875065,True,-0.13043478260806296,0.5054347826086957,True,0.002592592592592702,0.005,True,0.2962962962962963,1.233787319788639,0.9502538975501114,0.8036984945880368,0.667959567971719,consistent-but-unverified:all N bidders,consistent-but-unverified:successful S bidders,unknown,unknown
emission-spot-primary-market-auction-report-2024-data.xlsx,Primary Market Auction,219,2024-01-25,2024-01-25 00:00:00,2024-01-25 11:00:23.821000,Auction 4. Period CAP3 EU,T3PA,successful,EU,3099500.0,4840000.0,105.0,37.0,4.04,46095.0,186154.0,190052.0,140886.0,153366.0,1.56,26.0,22.0,True,,True,0.1538461538439151,0.5192307692307693,True,-0.36363636364694685,0.5227272727272727,True,21674.46153846153,0.5192307692307693,False,-0.001542184223261689,0.005000413218653997,True,-0.23809523809177335,0.5047619047619047,True,0.0015384615384617106,0.005,True,0.8461538461538461,1.02093965211599,1.0885822579958264,0.7035625775679292,0.7364854903397976,consistent-but-unverified:all N bidders,consistent-but-unverified:successful S bidders,unknown,unknown
emission-spot-primary-market-auction-report-2024-data.xlsx,Primary Market Auction,221,2024-01-23,2024-01-23 00:00:00,2024-01-23 11:00:35.518000,Auction 4. Period CAP3 EU,T3PA,successful,EU,3099500.0,5086500.0,93.0,27.0,3.88,54694.0,211938.0,287575.0,172194.0,274725.0,1.64,24.0,18.0,True,,True,0.5,0.5208333333333334,True,-0.4444444444379769,0.5277777777777778,True,43048.16666666667,0.5208333333333334,False,-0.0010711405065333413,0.005000426047976326,True,0.4516129032272147,0.5053763440860215,True,0.004999999999999893,0.005,True,0.75,1.3568826732346253,1.5954388654656957,0.8573398447068078,0.9537556219586976,consistent-but-unverified:all N bidders,consistent-but-unverified:successful S bidders,unknown,unknown
emission-spot-primary-market-auction-report-2024-data.xlsx,Primary Market Auction,222,2024-01-22,2024-01-22 00:00:00,2024-01-22 11:00:25.514000,Auction 4. Period CAP3 EU,T3PA,successful,EU,3099500.0,5031000.0,99.0,26.0,4.3,50818.0,218739.0,224324.0,182324.0,218000.0,1.62,23.0,17.0,True,,True,-0.13043478262261488,0.5217391304347826,True,0.4705882353009656,0.5294117647058824,True,47563.13043478262,0.5217391304347826,False,-0.0031650266171963093,0.005000423159427079,True,-0.18181818181619747,0.5050505050505051,True,-0.004347826086956275,0.005,True,0.7391304347826086,1.0255327125021143,1.1956736359448015,0.7058327338644879,0.7864888950911328,consistent-but-unverified:all N bidders,consistent-but-unverified:successful S bidders,unknown,unknown
emission-spot-primary-market-auction-report-2024-data.xlsx,Primary Market Auction,223,2024-01-19,2024-01-19 00:00:00,2024-01-19 11:00:28.587000,Auction 4. Period DE,T3PA,successful,DE,1796000.0,3861000.0,87.0,13.0,3.48,44379.0,154440.0,149403.0,199556.0,149437.0,2.15,25.0,9.0,True,,True,0.0,0.52,True,0.4444444444379769,0.5555555555555556,True,127716.0,0.52,False,0.0002227171492203972,0.005000876886938012,True,-0.3103448275869596,0.5057471264367817,True,0.0,0.005,True,0.36,0.9673853923853923,0.7488474413197298,0.6767054492368898,0.5589569659997489,consistent-but-unverified:all N bidders,consistent-but-unverified:successful S bidders,unknown,unknown
emission-spot-primary-market-auction-report-2024-data.xlsx,Primary Market Auction,224,2024-01-18,2024-01-18 00:00:00,2024-01-18 11:00:21.484000,Auction 4. Period CAP3 EU,T3PA,successful,EU,3099500.0,5220000.0,93.0,20.0,3.72,56129.0,208800.0,271090.0,221393.0,293005.0,1.68,25.0,14.0,True,,True,0.0,0.52,True,0.14285714286961593,0.5357142857142857,True,97413.0,0.52,False,-0.004142603645749476,0.0050004329961082965,True,-0.0322580645151902,0.5053763440860215,True,0.0,0.005,True,0.56,1.298323754789272,1.3234609947017295,0.8321800549640933,0.8430578820990952,consistent-but-unverified:all N bidders,consistent-but-unverified:successful S bidders,unknown,unknown
emission-spot-primary-market-auction-report-2024-data.xlsx,Primary Market Auction,225,2024-01-17,2024-01-17 00:00:00,2024-01-17 11:00:22.382000,Auction 4. Period CAP3 PL,T3PA,successful,PL,2310000.0,4431000.0,80.0,24.0,3.48,55388.0,192652.0,169007.0,144375.0,158958.0,1.92,23.0,16.0,True,,True,-0.17391304348711856,0.5217391304347826,True,0.0,0.53125,True,43940.21739130435,0.5217391304347826,False,0.0018181818181817189,0.005000631641176054,True,0.5,0.50625,True,0.0017391304347826875,0.005,True,0.6956521739130435,0.8772657434129933,1.101007792207792,0.6298163263859123,0.7424171306650253,consistent-but-unverified:all N bidders,consistent-but-unverified:successful S bidders,unknown,unknown
emission-spot-primary-market-auction-report-2024-data.xlsx,Primary Market Auction,226,2024-01-16,2024-01-16 00:00:00,2024-01-16 11:00:21.645000,Auction 4. Period CAP3 EU,T3PA,successful,EU,3099500.0,5198000.0,104.0,26.0,4.0,49981.0,199923.0,214911.0,172194.0,215000.0,1.68,26.0,18.0,True,,True,-0.07692307693650946,0.5192307692307693,True,-0.4444444444379769,0.5277777777777778,True,52982.46153846153,0.5192307692307693,False,0.002955315373447176,0.005000431851097784,True,0.23076923076587263,0.5048076923076923,True,0.0,0.005,True,0.6923076923076923,1.0749688630122598,1.2485917047051582,0.7299461477928496,0.8103041112335743,consistent-but-unverified:all N bidders,consistent-but-unverified:successful S bidders,unknown,unknown
emission-spot-primary-market-auction-report-2024-data.xlsx,Primary Market Auction,227,2024-01-15,2024-01-15 00:00:00,2024-01-15 11:00:35.549000,Auction 4. Period CAP3 EU,T3PA,successful,EU,3099500.0,5324000.0,106.0,30.0,4.42,50226.0,221833.0,223655.0,182324.0,198819.0,1.72,24.0,17.0,True,,True,-0.3333333333430346,0.5208333333333334,True,0.4705882353009656,0.5294117647058824,True,53178.16666666667,0.5208333333333334,False,0.0023035973544118793,0.005000438408885263,True,-0.4150943396234652,0.5047169811320755,True,0.0033333333333329662,0.005,True,0.7083333333333334,1.0082133857451325,1.0904708102060068,0.6972454639848208,0.7373893086488358,consistent-but-unverified:all N bidders,consistent-but-unverified:successful S bidders,unknown,unknown
emission-spot-primary-market-auction-report-2025-data.xlsx,Primary Market Auction,7,2025-12-15,2025-12-15 00:00:00,2025-12-15 11:00:32.662000,Auction 4. Period CAP3 EU,T3PA,successful,EU,3273000.0,5084000.0,100.0,31.0,4.0,50840.0,203360.0,310008.0,181833.0,309586.0,1.55,25.0,18.0,True,,True,0.0,0.52,True,-0.3333333333430346,0.5277777777777778,True,50913.0,0.52,False,-0.0033150015276504075,0.005000390057323376,True,0.0,0.505,True,0.0,0.005,True,0.72,1.5244295830055075,1.70258423938449,0.9260151294857393,0.9942084409555032,consistent-but-unverified:all N bidders,consistent-but-unverified:successful S bidders,unknown,unknown
emission-spot-primary-market-auction-report-2025-data.xlsx,Primary Market Auction,8,2025-12-12,2025-12-12 00:00:00,2025-12-12 11:00:17.383000,Auction 4. Period DE,T3PA,successful,DE,1696000.0,3492000.0,75.0,23.0,3.0,46560.0,139680.0,156013.0,113067.0,140961.0,2.06,25.0,15.0,True,,True,0.0,0.52,True,0.3333333333284827,0.5333333333333333,True,45227.0,0.52,False,0.0010377358490565314,0.005000901816884186,True,0.0,0.5066666666666667,True,0.0,0.005,True,0.6,1.1169315578465062,1.246703282124758,0.7499676618457476,0.8094639338049432,consistent-but-unverified:all N bidders,consistent-but-unverified:successful S bidders,unknown,unknown
emission-spot-primary-market-auction-report-2025-data.xlsx,Primary Market Auction,9,2025-12-11,2025-12-11 00:00:00,2025-12-11 11:00:29.389000,Auction 4. Period CAP3 EU,T3PA,successful,EU,3268000.0,5580000.0,97.0,23.0,3.73,57526.0,214615.0,295689.0,217867.0,322382.0,1.71,26.0,15.0,True,,True,-0.38461538462433964,0.5192307692307693,True,0.3333333333430346,0.5333333333333333,True,92174.69230769231,0.5192307692307693,False,0.002533659730722171,0.005000414239076118,True,0.2268041237111902,0.5051546391752577,True,-0.0007692307692308553,0.005,True,0.5769230769230769,1.3777648347040048,1.479719278275278,0.8661609013279883,0.9081453595260994,consistent-but-unverified:all N bidders,consistent-but-unverified:successful S bidders,unknown,unknown
emission-spot-primary-market-auction-report-2025-data.xlsx,Primary Market Auction,10,2025-12-10,2025-12-10 00:00:00,2025-12-10 11:00:24.897000,Auction 4. Period CAP3 PL,T3PA,successful,PL,2166000.0,3405500.0,84.0,37.0,3.65,40542.0,148065.0,175481.0,103143.0,145787.0,1.57,23.0,21.0,True,,True,-0.21739130435162224,0.5217391304347826,True,0.142857142855064,0.5238095238095238,True,8969.086956521744,0.5217391304347826,False,-0.0022530009233610038,0.005000593779631547,True,0.33333333333575865,0.5059523809523809,True,-0.0021739130434781373,0.005,True,0.9130434782608695,1.1851619221287948,1.4134454107404284,0.7816899320392566,0.8810553575657115,consistent-but-unverified:all N bidders,consistent-but-unverified:successful S bidders,unknown,unknown
emission-spot-primary-market-auction-report-2025-data.xlsx,Primary Market Auction,11,2025-12-09,2025-12-09 00:00:00,2025-12-09 11:00:20.392000,Auction 4. Period CAP3 EU,T3PA,successful,EU,3268000.0,5374500.0,91.0,21.0,3.5,59060.0,206712.0,249747.0,192235.0,234054.0,1.64,26.0,17.0,True,,True,0.46153846153174527,0.5192307692307693,True,-0.2941176470485516,0.5294117647058824,True,66542.69230769231,0.5192307692307693,False,-0.004583843329253545,0.005000404618129582,True,-0.43956043956131907,0.5054945054945055,True,0.0,0.005,True,0.6538461538461539,1.208188203877859,1.2175410305095327,0.7921723620458828,0.7963989380786854,consistent-but-unverified:all N bidders,consistent-but-unverified:successful S bidders,unknown,unknown
emission-spot-primary-market-auction-report-2025-data.xlsx,Primary Market Auction,12,2025-12-08,2025-12-08 00:00:00,2025-12-08 11:00:23.847000,Auction 4. Period CAP3 EU,T3PA,successful,EU,3268000.0,5324000.0,86.0,17.0,3.91,61907.0,242000.0,344482.0,326800.0,410689.0,1.63,22.0,10.0,True,,True,0.0,0.5227272727272727,True,0.0,0.55,True,178254.54545454544,0.5227272727272727,False,0.0008690330477354458,0.0050004022538580484,True,0.023255813954165205,0.5058139534883721,True,0.0009090909090909705,0.005,True,0.45454545454545453,1.4234793388429752,1.2566982864137086,0.8852042509287952,0.8139028098626563,consistent-but-unverified:all N bidders,consistent-but-unverified:successful S bidders,unknown,unknown
emission-spot-primary-market-auction-report-2025-data.xlsx,Primary Market Auction,13,2025-12-05,2025-12-05 00:00:00,2025-12-05 11:00:31.456000,Auction 4. Period DE,T3PA,successful,DE,1691000.0,3494500.0,80.0,11.0,3.33,43681.0,145604.0,191690.0,169100.0,218515.0,2.07,24.0,10.0,True,,True,-0.1666666666569654,0.5208333333333334,True,0.0,0.55,True,98641.66666666667,0.5208333333333334,False,0.0034713187463037976,0.005000906720665965,True,-0.25,0.50625,True,-0.0033333333333334103,0.005,True,0.4166666666666667,1.3165160297794016,1.2922235363690124,0.8400643456776915,0.8295223230536654,consistent-but-unverified:all N bidders,consistent-but-unverified:successful S bidders,unknown,unknown
emission-spot-primary-market-auction-report-2025-data.xlsx,Primary Market Auction,14,2025-12-04,2025-12-04 00:00:00,2025-12-04 11:00:51.077000,Auction 4. Period CAP3 EU,T3PA,successful,EU,3268000.0,5274500.0,97.0,27.0,3.46,54376.0,188375.0,261535.0,163400.0,240275.0,1.61,28.0,20.0,True,,True,0.0,0.5178571428571429,True,0.0,0.525,True,46685.71428571429,0.5178571428571429,False,-0.003984088127294783,0.005000399936403774,True,-0.2886597938122577,0.5051546391752577,True,-0.004285714285714448,0.005,True,0.7142857142857143,1.3883742534837424,1.4704712362301102,0.8706129058150388,0.9044089163417823,consistent-but-unverified:all N bidders,consistent-but-unverified:successful S bidders,unknown,unknown
emission-spot-primary-market-auction-report-2025-data.xlsx,Primary Market Auction,15,2025-12-02,2025-12-02 00:00:00,2025-12-02 11:00:35.790000,Auction 4. Period CAP3 EU,T3PA,successful,EU,3268000.0,4548000.0,91.0,32.0,3.96,49978.0,197739.0,270181.0,181556.0,272442.0,1.39,23.0,18.0,True,,True,-0.13043478262261488,0.5217391304347826,True,0.4444444444379769,0.5277777777777778,True,39469.043478260865,0.5217391304347826,False,-0.0016768665850674935,0.0050003659236657755,True,-0.021978021977702156,0.5054945054945055,True,0.003478260869565375,0.005,True,0.782608695652174,1.3663516048933189,1.500594857784926,0.8613493618243178,0.9165286466841525,consistent-but-unverified:all N bidders,consistent-but-unverified:successful S bidders,unknown,unknown
emission-spot-primary-market-auction-report-2025-data.xlsx,Primary Market Auction,16,2025-12-01,2025-12-01 00:00:00,2025-12-01 11:00:37.552000,Auction 4. Period CAP3 EU,T3PA,successful,EU,3268000.0,4606000.0,88.0,37.0,4.0,52341.0,209364.0,292814.0,181556.0,276565.0,1.41,22.0,18.0,True,,True,0.36363636364694685,0.5227272727272727,True,0.4444444444379769,0.5277777777777778,True,33010.54545454544,0.5227272727272727,False,0.0005752753977967817,0.005000368639066745,True,0.09090909091173671,0.5056818181818182,True,0.0,0.005,True,0.8181818181818182,1.3985881049273037,1.523304104518716,0.8748802746300458,0.9255691953001763,consistent-but-unverified:all N bidders,consistent-but-unverified:successful S bidders,unknown,unknown
emission-spot-primary-market-auction-report-2025-data.xlsx,Primary Market Auction,17,2025-11-28,2025-11-28 00:00:00,2025-11-28 11:00:18.371000,Auction 4. Period DE,T3PA,successful,DE,1691000.0,3176500.0,82.0,18.0,3.57,38738.0,138109.0,205238.0,112733.0,212229.0,1.88,23.0,15.0,True,,True,0.3043478260806296,0.5217391304347826,True,-0.3333333333284827,0.5333333333333333,True,39211.260869565216,0.5217391304347826,False,0.001525724423417918,0.0050008511161534625,True,0.19512195121933473,0.5060975609756098,True,0.0047826086956521685,0.005,True,0.6521739130434783,1.486058113519032,1.8825809656444874,0.9106983691302742,1.0586860614550577,consistent-but-unverified:all N bidders,consistent-but-unverified:successful S bidders,unknown,unknown
emission-spot-primary-market-auction-report-2025-data.xlsx,Primary Market Auction,18,2025-11-27,2025-11-27 00:00:00,2025-11-27 11:00:29.922000,Auction 4. Period CAP3 EU,T3PA,successful,EU,3268000.0,5308500.0,105.0,28.0,4.2,50557.0,212340.0,247083.0,192235.0,224885.0,1.62,25.0,17.0,True,,True,0.0,0.52,True,-0.2941176470485516,0.5294117647058824,True,61515.0,0.52,False,-0.0043880048959608065,0.005000401528190548,True,-0.142857142855064,0.5047619047619047,True,0.0,0.005,True,0.68,1.163619666572478,1.1698442011080188,0.771782590718914,0.7746553682504447,consistent-but-unverified:all N bidders,consistent-but-unverified:successful S bidders,unknown,unknown
emission-spot-primary-market-auction-report-2025-data.xlsx,Primary Market Auction,19,2025-11-26,2025-11-26 00:00:00,2025-11-26 11:00:28.991000,Auction 4. Period CAP3 PL,T3PA,successful,PL,2162500.0,3608500.0,97.0,40.0,3.73,37201.0,138788.0,184516.0,94022.0,166352.0,1.67,26.0,23.0,True,,True,-0.46153846153174527,0.5192307692307693,True,0.2608695652161259,0.5217391304347826,True,10848.923076923078,0.5192307692307693,False,0.001329479768785946,0.005000617033735504,True,-0.030927835054171737,0.5051546391752577,True,-0.0007692307692308553,0.005,True,0.8846153846153846,1.3294809349511485,1.7692880389696028,0.8456454680605621,1.018590261519753,consistent-but-unverified:all N bidders,consistent-but-unverified:successful S bidders,unknown,unknown
emission-spot-primary-market-auction-report-2025-data.xlsx,Primary Market Auction,20,2025-11-25,2025-11-25 00:00:00,2025-11-25 11:00:24.738000,Auction 4. Period CAP3 EU,T3PA,successful,EU,3268000.0,4897000.0,95.0,29.0,3.96,51547.0,204042.0,245490.0,192235.0,246799.0,1.5,24.0,17.0,True,,True,0.3333333333430346,0.5208333333333334,True,-0.2941176470485516,0.5294117647058824,True,56068.33333333334,0.5208333333333334,False,0.0015299877600978284,0.005000382262888847,True,-0.3684210526334937,0.5052631578947369,True,0.0016666666666664831,0.005,True,0.7083333333333334,1.203134648748787,1.2838400915546075,0.7898811865828237,0.8258582768885777,consistent-but-unverified:all N bidders,consistent-but-unverified:successful S bidders,unknown,unknown
emission-spot-primary-market-auction-report-2025-data.xlsx,Primary Market Auction,21,2025-11-24,2025-11-24 00:00:00,2025-11-24 11:00:21.964000,Auction 4. Period CAP3 EU,T3PA,successful,EU,3268000.0,4831000.0,86.0,21.0,4.3,56174.0,241550.0,303027.0,297091.0,303202.0,1.48,20.0,11.0,True,,True,0.0,0.525,True,0.09090909088263288,0.5454545454545454,True,133691.0,0.525,False,0.0017258261933903452,0.005000379172949813,True,-0.4186046511604218,0.5058139534883721,True,0.0,0.005,True,0.55,1.2545104533222935,1.0205694551501054,0.8129328555159765,0.7033793801745326,consistent-but-unverified:all N bidders,consistent-but-unverified:successful S bidders,unknown,unknown
emission-spot-primary-market-auction-report-2025-data.xlsx,Primary Market Auction,22,2025-11-21,2025-11-21 00:00:00,2025-11-21 11:00:38.778000,Auction 4. Period DE,T3PA,successful,DE,1691000.0,3215500.0,85.0,23.0,3.7,37829.0,139804.0,231743.0,130077.0,263141.0,1.9,23.0,13.0,True,,True,-0.3478260869451333,0.5217391304347826,True,0.07692307692195754,0.5384615384615384,True,56555.260869565216,0.5217391304347826,False,-0.0015375517445299636,0.005000857935574807,True,-0.41176470588106895,0.5058823529411764,True,0.004347826086956719,0.005,True,0.5652173913043478,1.6576278218076737,2.0229633217248244,0.9774339285937975,1.1062375826522044,consistent-but-unverified:all N bidders,consistent-but-unverified:successful S bidders,unknown,unknown
emission-spot-primary-market-auction-report-2025-data.xlsx,Primary Market Auction,23,2025-11-20,2025-11-20 00:00:00,2025-11-20 11:00:31.577000,Auction 4. Period CAP3 EU,T3PA,successful,EU,3268000.0,5488000.0,114.0,24.0,4.22,48140.0,203259.0,279429.0,192235.0,249320.0,1.68,27.0,17.0,True,,True,-0.25925925927003846,0.5185185185185185,True,-0.2941176470485516,0.5294117647058824,True,71197.96296296296,0.5185185185185185,False,0.0006854345165236975,0.0050004099318883746,True,-0.35087719298462616,0.5043859649122807,True,-0.0022222222222225696,0.005,True,0.6296296296296297,1.374743553790976,1.2969542487060108,0.8648894543054627,0.8315840056618463,consistent-but-unverified:all N bidders,consistent-but-unverified:successful S bidders,unknown,unknown
emission-spot-primary-market-auction-report-2025-data.xlsx,Primary Market Auction,24,2025-11-18,2025-11-18 00:00:00,2025-11-18 11:00:28.051000,Auction 4. Period CAP3 EU,T3PA,successful,EU,3268000.0,5781000.0,114.0,26.0,4.07,50711.0,206464.0,307796.0,192235.0,326450.0,1.77,28.0,17.0,True,,True,-0.285714285710128,0.5178571428571429,True,-0.2941176470485516,0.5294117647058824,True,75520.71428571429,0.5178571428571429,False,0.0010281517747858793,0.005000423649344993,True,0.47368421052669873,0.5043859649122807,True,-0.0014285714285708906,0.005,True,0.6071428571428571,1.4907974271543707,1.6981819127630244,0.9126029110761574,0.9925781805544901,consistent-but-unverified:all N bidders,consistent-but-unverified:successful S bidders,unknown,unknown
emission-spot-primary-market-auction-report-2025-data.xlsx,Primary Market Auction,25,2025-11-17,2025-11-17 00:00:00,2025-11-17 11:00:32.250000,Auction 4. Period CAP3 EU,T3PA,successful,EU,3268000.0,5601000.0,104.0,23.0,4.52,53856.0,243522.0,292389.0,192235.0,236355.0,1.71,23.0,17.0,True,,True,0.2608695652161259,0.5217391304347826,True,-0.2941176470485516,0.5294117647058824,True,50148.043478260865,0.5217391304347826,False,-0.0038922888616892415,0.005000415222238538,True,0.23076923076587263,0.5048076923076923,True,-0.0017391304347826875,0.005,True,0.7391304347826086,1.2006677014807696,1.2295107550654147,0.7887608149903346,0.8017821690546582,consistent-but-unverified:all N bidders,consistent-but-unverified:successful S bidders,unknown,unknown
emission-spot-primary-market-auction-report-2025-data.xlsx,Primary Market Auction,26,2025-11-14,2025-11-14 00:00:00,2025-11-14 11:00:24.664000,Auction 4. Period DE,T3PA,successful,DE,1691000.0,3672000.0,101.0,31.0,4.81,36356.0,174857.0,220569.0,112733.0,228377.0,2.17,21.0,15.0,True,,True,-0.14285714286961593,0.5238095238095238,True,-0.3333333333284827,0.5333333333333333,True,32209.190476190473,0.5238095238095238,False,-0.001496156120638581,0.00500093775777593,True,-0.4356435643567238,0.504950495049505,True,0.00047619047619029686,0.005,True,0.7142857142857143,1.2614250501838646,2.0258220751687617,0.8159951677477694,1.1071828149490073,consistent-but-unverified:all N bidders,consistent-but-unverified:successful S bidders,unknown,unknown
emission-spot-primary-market-auction-report-2025-data.xlsx,Primary Market Auction,27,2025-11-13,2025-11-13 00:00:00,2025-11-13 11:00:31.787000,Auction 4. Period CAP3 EU,T3PA,successful,EU,3268000.0,4987500.0,106.0,50.0,4.08,47052.0,191827.0,244887.0,142087.0,226024.0,1.53,26.0,23.0,True,,True,0.07692307693650946,0.5192307692307693,True,0.04347826086450368,0.5217391304347826,True,16394.692307692312,0.5192307692307693,False,0.0038372093023255616,0.005000386499850703,True,0.11320754716871306,0.5047169811320755,True,0.0030769230769234213,0.005,True,0.8846153846153846,1.276603397853274,1.5907436992828337,0.8226845944200653,0.9519449770741504,consistent-but-unverified:all N bidders,consistent-but-unverified:successful S bidders,unknown,unknown
emission-spot-primary-market-auction-report-2025-data.xlsx,Primary Market Auction,28,2025-11-12,2025-11-12 00:00:00,2025-11-12 11:00:38.594000,Auction 4. Period CAP3 PL,T3PA,successful,PL,2162500.0,3680000.0,101.0,39.0,4.39,36436.0,160000.0,226599.0,120139.0,233479.0,1.7,23.0,18.0,True,,True,0.0,0.5217391304347826,True,0.11111111110949423,0.5277777777777778,True,26117.260869565216,0.5217391304347826,False,-0.001734104046242857,0.0050006246784965345,True,0.356435643567238,0.504950495049505,True,-0.0013043478260872376,0.005,True,0.782608695652174,1.41624375,1.9434072199702013,0.882214164884187,1.0795678286803163,consistent-but-unverified:all N bidders,consistent-but-unverified:successful S bidders,unknown,unknown
emission-spot-primary-market-auction-report-2025-data.xlsx,Primary Market Auction,29,2025-11-11,2025-11-11 00:00:00,2025-11-11 11:00:33.339000,Auction 4. Period CAP3 EU,T3PA,successful,EU,3268000.0,5425500.0,112.0,32.0,4.15,48442.0,200944.0,267977.0,148545.0,265836.0,1.66,27.0,22.0,True,,True,-0.4444444444379769,0.5185185185185185,True,-0.45454545455868356,0.5227272727272727,True,27507.962962962964,0.5185185185185185,False,-0.0001897184822521325,0.005000407005809744,True,0.03571428571740398,0.5044642857142857,True,0.0018518518518524374,0.005,True,0.8148148148148148,1.3335904530615494,1.7895991113803897,0.8474080484855077,1.0258978978319313,consistent-but-unverified:all N bidders,consistent-but-unverified:successful S bidders,unknown,unknown
emission-spot-primary-market-auction-report-2025-data.xlsx,Primary Market Auction,30,2025-11-10,2025-11-10 00:00:00,2025-11-10 11:00:24.827000,Auction 4. Period CAP3 EU,T3PA,successful,EU,3268000.0,5037500.0,110.0,26.0,4.78,45795.0,219022.0,310378.0,217867.0,315534.0,1.54,23.0,15.0,True,,True,0.2608695652161259,0.5217391304347826,True,0.3333333333430346,0.5333333333333333,True,75780.04347826086,0.5217391304347826,False,-0.0014626682986536022,0.005000388840713608,True,-0.45454545454413164,0.5045454545454545,True,-0.002608695652173587,0.005,True,0.6521739130434783,1.4171087835925158,1.448287257822433,0.8825721084009239,0.8953887016475377,consistent-but-unverified:all N bidders,consistent-but-unverified:successful S bidders,unknown,unknown
emission-spot-primary-market-auction-report-2025-data.xlsx,Primary Market Auction,31,2025-11-07,2025-11-07 00:00:00,2025-11-07 11:00:41.194000,Auction 4. Period DE,T3PA,successful,DE,1691000.0,3252000.0,90.0,30.0,4.09,36133.0,147818.0,182050.0,99471.0,171680.0,1.92,22.0,17.0,True,,True,-0.18181818182347342,0.5227272727272727,True,0.4117647058883449,0.5294117647058824,True,22607.363636363632,0.5227272727272727,False,-0.0031224127735067775,0.005000864317853758,True,-0.33333333333575865,0.5055555555555555,True,-0.0009090909090909705,0.005,True,0.7727272727272727,1.2315820806667659,1.7259301706024872,0.8027107871428574,1.0028097168796581,consistent-but-unverified:all N bidders,consistent-but-unverified:successful S bidders,unknown,unknown
emission-spot-primary-market-auction-report-2025-data.xlsx,Primary Market Auction,32,2025-11-06,2025-11-06 00:00:00,2025-11-06 11:00:28.077000,Auction 4. Period CAP3 EU,T3PA,successful,EU,3268000.0,5005000.0,106.0,40.0,3.66,47217.0,172586.0,219399.0,136167.0,186718.0,1.53,29.0,24.0,True,,True,-0.2068965517100878,0.5172413793103449,True,0.3333333333430346,0.5208333333333334,True,23477.344827586203,0.5172413793103449,False,-0.00151774785801706,0.00500038731915272,True,0.018867924525693525,0.5047169811320755,True,0.004827586206896495,0.005,True,0.8275862068965517,1.2712444810123649,1.3712426652566334,0.820327910791275,0.8634141490653112,consistent-but-unverified:all N bidders,consistent-but-unverified:successful S bidders,unknown,unknown
emission-spot-primary-market-auction-report-2025-data.xlsx,Primary Market Auction,33,2025-11-04,2025-11-04 00:00:00,2025-11-04 11:01:37.905000,Auction 4. Period CAP3 EU,T3PA,successful,EU,3268000.0,5237500.0,100.0,28.0,3.85,52375.0,201442.0,237779.0,204250.0,205955.0,1.6,26.0,16.0,True,,True,-0.3076923076878302,0.5192307692307693,True,0.0,0.53125,True,78557.69230769231,0.5192307692307693,False,-0.0026621787025702393,0.005000398204165224,True,0.0,0.505,True,0.0038461538461538325,0.005,True,0.6153846153846154,1.1803844282721578,1.0083476132190943,0.7795012044984645,0.6973123009998923,consistent-but-unverified:all N bidders,consistent-but-unverified:successful S bidders,unknown,unknown
emission-spot-primary-market-auction-report-2025-data.xlsx,Primary Market Auction,34,2025-11-03,2025-11-03 00:00:00,2025-11-03 11:00:35.292000,Auction 4. Period CAP3 EU,T3PA,successful,EU,3268000.0,5272000.0,95.0,23.0,3.96,55495.0,219667.0,309204.0,217867.0,298303.0,1.61,24.0,15.0,True,,True,0.3333333333430346,0.5208333333333334,True,0.3333333333430346,0.5333333333333333,True,81700.33333333334,0.5208333333333334,False,-0.0032190942472458683,0.005000399819360629,True,0.2631578947402886,0.5052631578947369,True,0.0016666666666664831,0.005,True,0.625,1.4076033268538288,1.3691977215457136,0.8786317825038771,0.8625513837224703,consistent-but-unverified:all N bidders,consistent-but-unverified:successful S bidders,unknown,unknown
emission-spot-primary-market-auction-report-2025-data.xlsx,Primary Market Auction,35,2025-10-31,2025-10-31 00:00:00,2025-10-31 11:00:35.282000,Auction 4. Period DE,T3PA,successful,DE,1691000.0,3390500.0,78.0,24.0,3.71,43468.0,161452.0,228933.0,105688.0,236311.0,2.01,21.0,16.0,True,,True,-0.38095238094683737,0.5238095238095238,True,0.5,0.53125,True,25164.190476190473,0.5238095238095238,False,0.00497338852749829,0.005000888535542379,True,0.05128205128130503,0.5064102564102564,True,-0.004285714285714448,0.005,True,0.7619047619047619,1.4179632336545847,2.2359302853682537,0.8829255468059428,1.174316455505669,consistent-but-unverified:all N bidders,consistent-but-unverified:successful S bidders,unknown,unknown
emission-spot-primary-market-auction-report-2025-data.xlsx,Primary Market Auction,36,2025-10-30,2025-10-30 00:00:00,2025-10-30 11:00:31.068000,Auction 4. Period CAP3 EU,T3PA,successful,EU,3268000.0,5240000.0,88.0,28.0,4.0,59545.0,238182.0,324151.0,217867.0,327356.0,1.6,22.0,15.0,True,,True,0.18181818182347342,0.5227272727272727,True,0.3333333333430346,0.5333333333333333,True,69321.54545454544,0.5227272727272727,False,-0.0034271725826191535,0.0050003983212083694,True,-0.45454545454413164,0.5056818181818182,True,0.0,0.005,True,0.6818181818181818,1.3609382740929206,1.5025497207011618,0.8590591137941961,0.917310100421917,consistent-but-unverified:all N bidders,consistent-but-unverified:successful S bidders,unknown,unknown
emission-spot-primary-market-auction-report-2025-data.xlsx,Primary Market Auction,37,2025-10-29,2025-10-29 00:00:00,2025-10-29 11:00:27.351000,Auction 4. Period CAP3 PL,T3PA,successful,PL,2162500.0,4135500.0,100.0,22.0,4.17,41355.0,172313.0,232142.0,154464.0,278328.0,1.91,24.0,14.0,True,,True,0.5,0.5208333333333334,True,-0.285714285710128,0.5357142857142857,True,64359.83333333333,0.5208333333333334,False,-0.002369942196531971,0.005000673380435691,True,0.0,0.505,True,0.0033333333333329662,0.005,True,0.5833333333333334,1.3472111796556268,1.8018955873213176,0.8532278913705383,1.030296183594998,consistent-but-unverified:all N bidders,consistent-but-unverified:successful S bidders,unknown,unknown
emission-spot-primary-market-auction-report-2025-data.xlsx,Primary Market Auction,38,2025-10-28,2025-10-28 00:00:00,2025-10-28 11:00:44.664000,Auction 4. Period CAP3 EU,T3PA,successful,EU,3268000.0,5305500.0,94.0,26.0,4.48,56441.0,252643.0,344324.0,233429.0,323718.0,1.62,21.0,14.0,True,,True,0.14285714286961593,0.5238095238095238,True,0.42857142857974395,0.5357142857142857,True,77809.95238095237,0.5238095238095238,False,-0.003470012239902065,0.005000401387738774,True,-0.4893617021298269,0.5053191489361702,True,0.0038095238095241513,0.005,True,0.6666666666666666,1.3628875527918842,1.3867942714915455,0.8598844104418878,0.8699511565839526,consistent-but-unverified:all N bidders,consistent-but-unverified:successful S bidders,unknown,unknown
emission-spot-primary-market-auction-report-2025-data.xlsx,Primary Market Auction,39,2025-10-27,2025-10-27 00:00:00,2025-10-27 11:00:14.774000,Auction 4. Period CAP3 EU,T3PA,successful,EU,3268000.0,4684000.0,81.0,24.0,3.68,57827.0,212909.0,359031.0,204250.0,350340.0,1.43,22.0,16.0,True,,True,-0.09090909091173671,0.5227272727272727,True,0.0,0.53125,True,55704.54545454544,0.5227272727272727,False,-0.003292533659730701,0.005000372290812875,True,-0.16049382716300897,0.5061728395061729,True,-0.0018181818181814968,0.005,True,0.7272727272727273,1.6863119924474776,1.715250917992656,0.988169246399308,0.9988843682656617,consistent-but-unverified:all N bidders,consistent-but-unverified:successful S bidders,unknown,unknown
emission-spot-primary-market-auction-report-2025-data.xlsx,Primary Market Auction,40,2025-10-24,2025-10-24 00:00:00,2025-10-24 11:00:29.431000,Auction 4. Period DE,T3PA,successful,DE,1691000.0,3429000.0,82.0,20.0,3.42,41817.0,142875.0,250710.0,169100.0,345347.0,2.03,24.0,10.0,True,,True,0.0,0.5208333333333334,True,0.0,0.55,True,98641.66666666667,0.5208333333333334,False,0.0022057953873444447,0.005000895267535245,True,-0.07317073170997901,0.5060975609756098,True,0.0033333333333334103,0.005,True,0.4166666666666667,1.754750656167979,2.0422649319929036,1.013326932580831,1.1126022814297791,consistent-but-unverified:all N bidders,consistent-but-unverified:successful S bidders,unknown,unknown
emission-spot-primary-market-auction-report-2025-data.xlsx,Primary Market Auction,41,2025-10-23,2025-10-23 00:00:00,2025-10-23 11:00:31.789000,Auction 4. Period CAP3 EU,T3PA,successful,EU,3268000.0,5336500.0,89.0,26.0,3.87,59961.0,232022.0,288904.0,217867.0,260109.0,1.63,23.0,15.0,True,,True,0.2608695652161259,0.5217391304347826,True,0.3333333333430346,0.5333333333333333,True,75780.04347826086,0.5217391304347826,False,-0.0029559363525093474,0.005000402839073775,True,0.3258426966276602,0.5056179775280899,True,0.0004347826086958939,0.005,True,0.6521739130434783,1.2451577867616002,1.1938889322384758,0.8087758023598953,0.7856757371616376,consistent-but-unverified:all N bidders,consistent-but-unverified:successful S bidders,unknown,unknown
emission-spot-primary-market-auction-report-2025-data.xlsx,Primary Market Auction,42,2025-10-21,2025-10-21 00:00:00,2025-10-21 11:00:32.493000,Auction 4. Period CAP3 EU,T3PA,successful,EU,3268000.0,5626500.0,115.0,33.0,4.11,48926.0,200946.0,250140.0,192235.0,239086.0,1.72,28.0,17.0,True,,True,-0.42857142857974395,0.5178571428571429,True,-0.2941176470485516,0.5294117647058824,True,75520.71428571429,0.5178571428571429,False,-0.0016952264381884241,0.005000416416078619,True,-0.08695652173628332,0.5043478260869565,True,0.0028571428571435575,0.005,True,0.6071428571428571,1.2448120390552686,1.2437173251489062,0.8086217934375961,0.8081340105406863,consistent-but-unverified:all N bidders,consistent-but-unverified:successful S bidders,unknown,unknown
emission-spot-primary-market-auction-report-2025-data.xlsx,Primary Market Auction,43,2025-10-20,2025-10-20 00:00:00,2025-10-20 11:00:45.448000,Auction 4. Period CAP3 EU,T3PA,successful,EU,3268000.0,5240000.0,89.0,32.0,4.05,58876.0,238182.0,267824.0,204250.0,264196.0,1.6,22.0,16.0,True,,True,0.18181818182347342,0.5227272727272727,True,0.0,0.53125,True,55704.54545454544,0.5227272727272727,False,-0.0034271725826191535,0.0050003983212083694,True,-0.4044943820190383,0.5056179775280899,True,0.004545454545453964,0.005,True,0.7272727272727273,1.1244510500373663,1.2934932680538556,0.7535134396094141,0.8300760998224651,consistent-but-unverified:all N bidders,consistent-but-unverified:successful S bidders,unknown,unknown
emission-spot-primary-market-auction-report-2025-data.xlsx,Primary Market Auction,44,2025-10-17,2025-10-17 00:00:00,2025-10-17 11:00:38.002000,Auction 4. Period DE,T3PA,successful,DE,1691000.0,3345000.0,72.0,24.0,3.43,46458.0,159286.0,182779.0,120786.0,185614.0,1.98,21.0,14.0,True,,True,0.285714285710128,0.5238095238095238,True,0.285714285710128,0.5357142857142857,True,40262.19047619047,0.5238095238095238,False,0.0018805440567710718,0.00500088057955081,True,-0.33333333333575865,0.5069444444444444,True,0.0014285714285717788,0.005,True,0.6666666666666666,1.1474894215436384,1.5367178315367676,0.7642994489240423,0.9308710531216899,consistent-but-unverified:all N bidders,consistent-but-unverified:successful S bidders,unknown,unknown
emission-spot-primary-market-auction-report-2025-data.xlsx,Primary Market Auction,45,2025-10-16,2025-10-16 00:00:00,2025-10-16 11:00:27.631000,Auction 4. Period CAP3 EU,T3PA,successful,EU,3268000.0,5237000.0,95.0,25.0,4.32,55126.0,238045.0,277838.0,204250.0,230665.0,1.6,22.0,16.0,True,,True,-0.45454545455868356,0.5227272727272727,True,0.0,0.53125,True,55704.54545454544,0.5227272727272727,False,-0.002509179926560412,0.005000398180756595,True,-0.31578947368689114,0.5052631578947369,True,0.001818181818181941,0.005,True,0.7272727272727273,1.1671658719989917,1.129326805385557,0.7734202641559841,0.7558058759562047,consistent-but-unverified:all N bidders,consistent-but-unverified:successful S bidders,unknown,unknown
emission-spot-primary-market-auction-report-2025-data.xlsx,Primary Market Auction,46,2025-10-15,2025-10-15 00:00:00,2025-10-15 11:00:44.379000,Auction 4. Period CAP3 PL,T3PA,successful,PL,2162500.0,4012500.0,103.0,35.0,3.55,38956.0,138362.0,166254.0,108125.0,149146.0,1.86,29.0,20.0,True,,True,-0.06896551724639721,0.5172413793103449,True,0.0,0.525,True,33556.03448275862,0.5172413793103449,False,0.004508670520231295,0.005000660229308323,True,-0.31067961164808366,0.5048543689320388,True,-0.0017241379310348748,0.005,True,0.6896551724137931,1.2015871409780141,1.379384971098266,0.7891785279776636,0.8668420387834131,consistent-but-unverified:all N bidders,consistent-but-unverified:successful S bidders,unknown,unknown
emission-spot-primary-market-auction-report-2025-data.xlsx,Primary Market Auction,47,2025-10-14,2025-10-14 00:00:00,2025-10-14 11:00:21.893000,Auction 4. Period CAP3 EU,T3PA,successful,EU,3268000.0,5096000.0,89.0,33.0,3.87,57258.0,221565.0,240167.0,163400.0,197008.0,1.56,23.0,20.0,True,,True,-0.21739130435162224,0.5217391304347826,True,0.0,0.525,True,21313.043478260865,0.5217391304347826,False,0.0006364749082008458,0.005000391579523205,True,-0.42696629213605775,0.5056179775280899,True,0.0004347826086958939,0.005,True,0.8695652173913043,1.083957303725769,1.2056793145654834,0.7342686360256645,0.7910355406201868,consistent-but-unverified:all N bidders,consistent-but-unverified:successful S bidders,unknown,unknown
emission-spot-primary-market-auction-report-2025-data.xlsx,Primary Market Auction,48,2025-10-13,2025-10-13 00:00:00,2025-10-13 11:00:25.432000,Auction 4. Period CAP3 EU,T3PA,successful,EU,3268000.0,4783000.0,77.0,27.0,3.67,62117.0,227762.0,367388.0,217867.0,383099.0,1.46,21.0,15.0,True,,True,0.09523809523670934,0.5238095238095238,True,0.3333333333430346,0.5333333333333333,True,62247.95238095237,0.5238095238095238,False,-0.003586291309669587,0.005000376925721426,True,0.11688311688340036,0.5064935064935064,True,0.0033333333333334103,0.005,True,0.7142857142857143,1.6130346589861346,1.758407652375073,0.9605122505094962,1.0146535756912893,consistent-but-unverified:all N bidders,consistent-but-unverified:successful S bidders,unknown,unknown
emission-spot-primary-market-auction-report-2025-data.xlsx,Primary Market Auction,49,2025-10-10,2025-10-10 00:00:00,2025-10-10 11:00:37.612000,Auction 4. Period DE,T3PA,successful,DE,1691000.0,3102000.0,61.0,24.0,2.77,50852.0,141000.0,198540.0,130077.0,216066.0,1.83,22.0,13.0,True,,True,0.0,0.5227272727272727,True,0.07692307692195754,0.5384615384615384,True,53213.36363636363,0.5227272727272727,False,-0.004417504435245245,0.005000838089310125,True,-0.4590163934408338,0.5081967213114754,True,-0.0027272727272729114,0.005,True,0.5909090909090909,1.4080851063829787,1.6610622938720911,0.8788318700043192,0.9787254016697176,consistent-but-unverified:all N bidders,consistent-but-unverified:successful S bidders,unknown,unknown
emission-spot-primary-market-auction-report-2025-data.xlsx,Primary Market Auction,50,2025-10-09,2025-10-09 00:00:00,2025-10-09 11:00:39.218000,Auction 4. Period CAP3 EU,T3PA,successful,EU,3268000.0,5237500.0,83.0,27.0,3.95,63102.0,249405.0,272818.0,192235.0,250142.0,1.6,21.0,17.0,True,,True,0.23809523810632527,0.5238095238095238,True,-0.2941176470485516,0.5294117647058824,True,36615.95238095237,0.5238095238095238,False,-0.0026621787025702393,0.005000398204165224,True,-0.40963855421432527,0.5060240963855421,True,-0.0023809523809523725,0.005,True,0.8095238095238095,1.0938754235079489,1.3012302650401852,0.7390166185620711,0.8334438777718051,consistent-but-unverified:all N bidders,consistent-but-unverified:successful S bidders,unknown,unknown
emission-spot-primary-market-auction-report-2025-data.xlsx,Primary Market Auction,52,2025-10-07,2025-10-07 00:00:00,2025-10-07 11:00:22.692000,Auction 4. Period CAP3 EU,T3PA,successful,EU,3268000.0,4618000.0,71.0,22.0,3.38,65042.0,219905.0,246676.0,192235.0,231555.0,1.41,21.0,17.0,True,,True,0.23809523810632527,0.5238095238095238,True,-0.2941176470485516,0.5294117647058824,True,36615.95238095237,0.5238095238095238,False,-0.003096695226438184,0.005000369200873841,True,-0.2535211267604609,0.5070422535211268,True,-0.0009523809523810378,0.005,True,0.8095238095238095,1.1217389327209477,1.2045413166176815,0.7522360037451482,0.790519467585195,consistent-but-unverified:all N bidders,consistent-but-unverified:successful S bidders,unknown,unknown
emission-spot-primary-market-auction-report-2025-data.xlsx,Primary Market Auction,53,2025-10-06,2025-10-06 00:00:00,2025-10-06 11:00:36.255000,Auction 4. Period CAP3 EU,T3PA,successful,EU,3268000.0,5329500.0,86.0,22.0,3.74,61971.0,231717.0,306791.0,217867.0,327208.0,1.63,23.0,15.0,True,,True,-0.3913043478387408,0.5217391304347826,True,0.3333333333430346,0.5333333333333333,True,75780.04347826086,0.5217391304347826,False,-0.0008139534883722099,0.005000402511352968,True,0.06976744186249562,0.5058139534883721,True,0.0008695652173913437,0.005,True,0.6521739130434783,1.3239900395741357,1.5018704071750195,0.8432855530829484,0.9170386150098387,consistent-but-unverified:all N bidders,consistent-but-unverified:successful S bidders,unknown,unknown
emission-spot-primary-market-auction-report-2025-data.xlsx,Primary Market Auction,54,2025-10-02,2025-10-02 00:00:00,2025-10-02 11:00:24.398000,Auction 4. Period CAP3 EU,T3PA,successful,EU,3268000.0,5071000.0,89.0,26.0,3.87,56978.0,220478.0,300349.0,217867.0,307273.0,1.55,23.0,15.0,True,,True,-0.2608695652161259,0.5217391304347826,True,0.3333333333430346,0.5333333333333333,True,75780.04347826086,0.5217391304347826,False,-0.0017135862913095767,0.005000390409091754,True,0.47191011236282066,0.5056179775280899,True,0.0004347826086958939,0.005,True,0.6521739130434783,1.3622629015139833,1.410369629177434,0.8596200162019243,0.8797801088447814,consistent-but-unverified:all N bidders,consistent-but-unverified:successful S bidders,unknown,unknown
emission-spot-primary-market-auction-report-2025-data.xlsx,Primary Market Auction,55,2025-10-01,2025-10-01 00:00:00,2025-10-01 11:00:44.128000,Auction 4. Period CAP3 PL,T3PA,successful,PL,2162500.0,3092000.0,75.0,25.0,3.75,41227.0,154600.0,215476.0,154464.0,255064.0,1.43,20.0,14.0,True,,True,0.0,0.525,True,-0.285714285710128,0.5357142857142857,True,46339.0,0.525,False,0.0001734104046242635,0.00500056180969253,True,0.33333333333575865,0.5066666666666667,True,0.0,0.005,True,0.7,1.393764553686934,1.6512844416822043,0.872867253797552,0.975044217545881,consistent-but-unverified:all N bidders,consistent-but-unverified:successful S bidders,unknown,unknown
emission-spot-primary-market-auction-report-2025-data.xlsx,Primary Market Auction,56,2025-09-30,2025-09-30 00:00:00,2025-09-30 11:00:22.673000,Auction 4. Period CAP3 EU,T3PA,successful,EU,3268500.0,4711000.0,91.0,29.0,4.14,51769.0,214136.0,277026.0,192265.0,242573.0,1.44,22.0,17.0,True,,True,-0.36363636364694685,0.5227272727272727,True,0.2941176470485516,0.5294117647058824,True,43696.81818181818,0.5227272727272727,False,-0.0013339452348173353,0.005000373463999652,True,-0.23076923076587263,0.5054945054945055,True,0.0036363636363629936,0.005,True,0.7727272727272727,1.2936918593790863,1.261659688450836,0.8301626850898297,0.8160989191832344,consistent-but-unverified:all N bidders,consistent-but-unverified:successful S bidders,unknown,unknown
emission-spot-primary-market-auction-report-2025-data.xlsx,Primary Market Auction,57,2025-09-29,2025-09-29 00:00:00,2025-09-29 11:00:38.558000,Auction 4. Period CAP3 EU,T3PA,successful,EU,3268000.0,4941000.0,85.0,24.0,3.4,58129.0,197640.0,229561.0,204250.0,213068.0,1.51,25.0,16.0,True,,True,0.0,0.52,True,0.0,0.53125,True,73530.0,0.52,False,-0.0019339045287638523,0.005000384322848202,True,-0.41176470588106895,0.5058823529411764,True,0.0,0.005,True,0.64,1.1615108277676585,1.043172582619339,0.7708074344896662,0.7145037873627894,consistent-but-unverified:all N bidders,consistent-but-unverified:successful S bidders,unknown,unknown
emission-spot-primary-market-auction-report-2025-data.xlsx,Primary Market Auction,58,2025-09-26,2025-09-26 00:00:00,2025-09-26 11:00:39.319000,Auction 4. Period DE,T3PA,successful,DE,1691000.0,3513000.0,87.0,18.0,3.78,40379.0,152739.0,179220.0,130077.0,161770.0,2.08,23.0,13.0,True,,True,-0.13043478262261488,0.5217391304347826,True,0.07692307692195754,0.5384615384615384,True,56555.260869565216,0.5217391304347826,False,0.0025310467179182616,0.005000909955519679,True,-0.3103448275869596,0.5057471264367817,True,-0.002608695652174031,0.005,True,0.5652173913043478,1.1733741873391865,1.2436479931117723,0.7762808849492283,0.808103109541003,consistent-but-unverified:all N bidders,consistent-but-unverified:successful S bidders,unknown,unknown
emission-spot-primary-market-auction-report-2025-data.xlsx,Primary Market Auction,59,2025-09-25,2025-09-25 00:00:00,2025-09-25 11:00:24.169000,Auction 4. Period CAP3 EU,T3PA,successful,EU,3268000.0,3521000.0,75.0,54.0,3.41,46947.0,160045.0,203601.0,155619.0,206055.0,1.08,22.0,21.0,True,,True,-0.45454545455868356,0.5227272727272727,True,-0.047619047632906586,0.5238095238095238,True,7073.545454545441,0.5227272727272727,False,0.0025826193390454666,0.005000317842341723,True,0.33333333333575865,0.5066666666666667,True,0.0009090909090909705,0.005,True,0.9545454545454546,1.2721484582461182,1.3240992423804292,0.8207258412620785,0.843332541339709,consistent-but-unverified:all N bidders,consistent-but-unverified:successful S bidders,unknown,unknown
emission-spot-primary-market-auction-report-2025-data.xlsx,Primary Market Auction,60,2025-09-23,2025-09-23 00:00:00,2025-09-23 11:00:28.629000,Auction 4. Period CAP3 EU,T3PA,successful,EU,3268000.0,3985500.0,87.0,43.0,3.48,45810.0,159420.0,241924.0,155619.0,254423.0,1.22,25.0,21.0,True,,True,0.0,0.52,True,-0.047619047632906586,0.5238095238095238,True,24899.0,0.52,False,0.0004467564259484913,0.005000339588958103,True,-0.3448275862101582,0.5057471264367817,True,0.0,0.005,True,0.84,1.5175260318655124,1.6349096190053913,0.9232766859207785,0.9688488812173535,consistent-but-unverified:all N bidders,consistent-but-unverified:successful S bidders,unknown,unknown
emission-spot-primary-market-auction-report-2025-data.xlsx,Primary Market Auction,61,2025-09-22,2025-09-22 00:00:00,2025-09-22 11:01:26.385000,Auction 4. Period CAP3 EU,T3PA,successful,EU,3268000.0,4859500.0,114.0,49.0,4.22,42627.0,179981.0,230487.0,130720.0,192615.0,1.49,27.0,25.0,True,,True,-0.4814814814890269,0.5185185185185185,True,0.0,0.52,True,9682.962962962964,0.5185185185185185,False,0.003004895960832199,0.005000380507241668,True,-0.1929824561375426,0.5043859649122807,True,-0.0022222222222225696,0.005,True,0.9259259259259259,1.2806185097315828,1.4734929620563035,0.8244466823756773,0.9056313063435162,consistent-but-unverified:all N bidders,consistent-but-unverified:successful S bidders,unknown,unknown
emission-spot-primary-market-auction-report-2025-data.xlsx,Primary Market Auction,62,2025-09-19,2025-09-19 00:00:00,2025-09-19 11:00:46.672000,Auction 4. Period DE,T3PA,successful,DE,1691000.0,2832000.0,82.0,27.0,3.9,34537.0,134857.0,165506.0,93944.0,155202.0,1.67,21.0,18.0,True,,True,-0.14285714286961593,0.5238095238095238,True,-0.4444444444379769,0.5277777777777778,True,13420.190476190473,0.5238095238095238,False,-0.004748669426374974,0.005000790877931585,True,0.4146341463419958,0.5060975609756098,True,-0.004761904761904745,0.005,True,0.8571428571428571,1.2272703678711525,1.6520693178915098,0.8007767854285937,0.9753402099501663,consistent-but-unverified:all N bidders,consistent-but-unverified:successful S bidders,unknown,unknown
emission-spot-primary-market-auction-report-2025-data.xlsx,Primary Market Auction,63,2025-09-18,2025-09-18 00:00:00,2025-09-18 11:01:01.926000,Auction 4. Period CAP3 EU,T3PA,successful,EU,3268000.0,5201500.0,97.0,33.0,4.04,53624.0,216729.0,273277.0,155619.0,256540.0,1.59,24.0,21.0,True,,True,-0.1666666666569654,0.5208333333333334,True,-0.047619047632906586,0.5238095238095238,True,19452.333333333343,0.5208333333333334,False,-0.0016462668298653504,0.005000396518743933,True,0.2886597938122577,0.5051546391752577,True,-0.0016666666666669272,0.005,True,0.875,1.2609157057892575,1.6485133563382364,0.8157699107738944,0.973998484971883,consistent-but-unverified:all N bidders,consistent-but-unverified:successful S bidders,unknown,unknown
emission-spot-primary-market-auction-report-2025-data.xlsx,Primary Market Auction,64,2025-09-17,2025-09-17 00:00:00,2025-09-17 11:00:39.198000,Auction 4. Period CAP3 PL,T3PA,successful,PL,2162500.0,3324000.0,85.0,26.0,3.54,39106.0,138500.0,198973.0,135156.0,230244.0,1.54,24.0,16.0,True,,True,0.0,0.5208333333333334,True,-0.25,0.53125,True,45051.83333333333,0.5208333333333334,False,0.0028901734104047616,0.005000586615070981,True,0.1176470588252414,0.5058823529411764,True,-0.0016666666666664831,0.005,True,0.6666666666666666,1.4366281588447654,1.7035425730267246,0.8906151814850206,0.9945629770903466,consistent-but-unverified:all N bidders,consistent-but-unverified:successful S bidders,unknown,unknown
emission-spot-primary-market-auction-report-2025-data.xlsx,Primary Market Auction,65,2025-09-16,2025-09-16 00:00:00,2025-09-16 11:00:25.932000,Auction 4. Period CAP3 EU,T3PA,successful,EU,3268000.0,5478000.0,108.0,29.0,3.72,50722.0,188897.0,231698.0,172000.0,220045.0,1.68,29.0,19.0,True,,True,0.44827586205792613,0.5172413793103449,True,0.0,0.5263157894736842,True,59310.3448275862,0.5172413793103449,False,0.0037454100367195764,0.005000409463715794,True,-0.22222222221898846,0.5046296296296297,True,-0.004137931034482456,0.005,True,0.6551724137931034,1.2265837996368392,1.2793313953488372,0.8004684824559637,0.8238821523068296,consistent-but-unverified:all N bidders,consistent-but-unverified:successful S bidders,unknown,unknown
emission-spot-primary-market-auction-report-2025-data.xlsx,Primary Market Auction,66,2025-09-15,2025-09-15 00:00:00,2025-09-15 11:00:23.569000,Auction 4. Period CAP3 EU,T3PA,successful,EU,3268000.0,5812000.0,111.0,30.0,4.44,52360.0,232480.0,290578.0,204250.0,288239.0,1.78,25.0,16.0,True,,True,0.0,0.52,True,0.0,0.53125,True,73530.0,0.52,False,0.001542227662178819,0.005000425100679994,True,-0.3603603603623924,0.5045045045045045,True,0.0,0.005,True,0.64,1.2499053682037164,1.4112068543451652,0.810888156755716,0.8801273915972202,consistent-but-unverified:all N bidders,consistent-but-unverified:successful S bidders,unknown,unknown
emission-spot-primary-market-auction-report-2025-data.xlsx,Primary Market Auction,67,2025-09-12,2025-09-12 00:00:00,2025-09-12 11:00:37.378000,Auction 4. Period DE,T3PA,successful,DE,1691000.0,3524000.0,77.0,20.0,3.21,45766.0,146833.0,163898.0,112733.0,148524.0,2.08,24.0,15.0,True,,True,-0.3333333333430346,0.5208333333333334,True,-0.3333333333284827,0.5333333333333333,True,42274.66666666667,0.5208333333333334,False,-0.00397397989355408,0.005000911878946212,True,-0.23376623376680072,0.5064935064935064,True,0.0016666666666664831,0.005,True,0.625,1.1162204681508925,1.3174846761817747,0.7496316995661342,0.8404824062167133,consistent-but-unverified:all N bidders,consistent-but-unverified:successful S bidders,unknown,unknown
emission-spot-primary-market-auction-report-2025-data.xlsx,Primary Market Auction,68,2025-09-11,2025-09-11 00:00:00,2025-09-11 11:00:40.003000,Auction 4. Period CAP3 EU,T3PA,successful,EU,3268000.0,4567000.0,87.0,32.0,3.35,52494.0,175654.0,232692.0,148545.0,228606.0,1.4,26.0,22.0,True,,True,0.1538461538439151,0.5192307692307693,True,-0.45454545455868356,0.5227272727272727,True,22852.692307692312,0.5192307692307693,False,0.002509179926560412,0.005000366813193679,True,-0.2528735632149619,0.5057471264367817,True,0.0038461538461538325,0.005,True,0.8461538461538461,1.3247179113484464,1.5389679894981318,0.8435987032261465,0.9317576951196834,consistent-but-unverified:all N bidders,consistent-but-unverified:successful S bidders,unknown,unknown
emission-spot-primary-market-auction-report-2025-data.xlsx,Primary Market Auction,69,2025-09-09,2025-09-09 00:00:00,2025-09-09 11:00:28.179000,Auction 4. Period CAP3 EU,T3PA,successful,EU,3268000.0,5111000.0,94.0,35.0,3.48,54372.0,189296.0,213733.0,172000.0,172270.0,1.56,27.0,19.0,True,,True,-0.2962962962919846,0.5185185185185185,True,0.0,0.5263157894736842,True,50962.96296296296,0.5185185185185185,False,-0.0039534883720928615,0.005000392281782077,True,-0.3404255319182994,0.5053191489361702,True,-0.001481481481481417,0.005,True,0.7037037037037037,1.1290941171498605,1.0015697674418604,0.7556965921441248,0.6939317564207269,consistent-but-unverified:all N bidders,consistent-but-unverified:successful S bidders,unknown,unknown
emission-spot-primary-market-auction-report-2025-data.xlsx,Primary Market Auction,70,2025-09-08,2025-09-08 00:00:00,2025-09-08 11:00:34.450000,Auction 4. Period CAP3 EU,T3PA,successful,EU,3268000.0,5514500.0,90.0,27.0,3.91,61272.0,239761.0,241789.0,233429.0,222874.0,1.69,23.0,14.0,True,,True,0.13043478262261488,0.5217391304347826,True,0.42857142857974395,0.5357142857142857,True,91342.04347826086,0.5217391304347826,False,0.0025764993880048603,0.005000411172545714,True,-0.22222222221898846,0.5055555555555555,True,-0.003043478260869481,0.005,True,0.6086956521739131,1.0084584231797498,0.9547828247561357,0.6973674741696593,0.6702791001854419,consistent-but-unverified:all N bidders,consistent-but-unverified:successful S bidders,unknown,unknown
emission-spot-primary-market-auction-report-2025-data.xlsx,Primary Market Auction,71,2025-09-05,2025-09-05 00:00:00,2025-09-05 11:00:39.094000,Auction 4. Period DE,T3PA,successful,DE,1691000.0,2964000.0,74.0,29.0,3.22,40054.0,128870.0,133099.0,93944.0,117569.0,1.75,23.0,18.0,True,,True,0.43478260868869256,0.5217391304347826,True,-0.4444444444379769,0.5277777777777778,True,20422.260869565216,0.5217391304347826,False,-0.002808988764045006,0.0050008139590499824,True,-0.054054054053267464,0.5067567567567568,True,0.002608695652174031,0.005,True,0.782608695652174,1.0328160161402964,1.2514796048709869,0.7094220318496743,0.8115876022556527,consistent-but-unverified:all N bidders,consistent-but-unverified:successful S bidders,unknown,unknown
emission-spot-primary-market-auction-report-2025-data.xlsx,Primary Market Auction,72,2025-09-04,2025-09-04 00:00:00,2025-09-04 11:00:24.726000,Auction 4. Period CAP3 EU,T3PA,successful,EU,3268000.0,4341500.0,83.0,38.0,3.95,52307.0,206738.0,236219.0,204250.0,240592.0,1.33,21.0,16.0,True,,True,-0.09523809523670934,0.5238095238095238,True,0.0,0.53125,True,48630.95238095237,0.5238095238095238,False,0.0015116279069768979,0.005000356255901981,True,-0.22891566265025176,0.5060240963855421,True,-0.0023809523809523725,0.005,True,0.7619047619047619,1.142600779730867,1.1779290085679315,0.7620204087643293,0.7783744291989833,consistent-but-unverified:all N bidders,consistent-but-unverified:successful S bidders,unknown,unknown
emission-spot-primary-market-auction-report-2025-data.xlsx,Primary Market Auction,73,2025-09-03,2025-09-03 00:00:00,2025-09-03 11:00:51.710000,Auction 4. Period CAP3 PL,T3PA,successful,PL,2162500.0,3118500.0,76.0,32.0,3.62,41033.0,148500.0,205941.0,127206.0,228161.0,1.44,21.0,17.0,True,,True,0.0,0.5238095238095238,True,0.1176470588252414,0.5294117647058824,True,24229.809523809527,0.5238095238095238,False,-0.002080924855491384,0.005000564643065499,True,0.10526315789320506,0.506578947368421,True,0.0009523809523810378,0.005,True,0.8095238095238095,1.3868080808080807,1.7936339480842098,0.8699569422843592,1.0273432386813095,consistent-but-unverified:all N bidders,consistent-but-unverified:successful S bidders,unknown,unknown
emission-spot-primary-market-auction-report-2025-data.xlsx,Primary Market Auction,74,2025-09-02,2025-09-02 00:00:00,2025-09-02 11:00:24.404000,Auction 4. Period CAP3 EU,T3PA,successful,EU,3268000.0,4191500.0,84.0,37.0,4.2,49899.0,209575.0,278254.0,181556.0,286556.0,1.28,20.0,18.0,True,,True,0.0,0.525,True,0.4444444444379769,0.5277777777777778,True,18156.0,0.525,False,-0.0025887392900856288,0.005000349233313268,True,0.19047619047341868,0.5059523809523809,True,0.0,0.005,True,0.9,1.3277060718120004,1.5783339575668114,0.8448832640852882,0.947143437464251,consistent-but-unverified:all N bidders,consistent-but-unverified:successful S bidders,unknown,unknown
emission-spot-primary-market-auction-report-2025-data.xlsx,Primary Market Auction,75,2025-09-01,2025-09-01 00:00:00,2025-09-01 11:00:32.891000,Auction 4. Period CAP3 EU,T3PA,successful,EU,3268000.0,4365500.0,79.0,30.0,3.43,55259.0,189804.0,231458.0,204250.0,231581.0,1.34,23.0,16.0,True,,True,-0.3478260869451333,0.5217391304347826,True,0.0,0.53125,True,62163.043478260865,0.5217391304347826,False,0.004167686658506753,0.005000357379516175,True,-0.4936708860768704,0.5063291139240507,True,-0.0047826086956521685,0.005,True,0.6956521739130435,1.2194579671661292,1.1338115055079558,0.7972630071383668,0.7579098197880352,consistent-but-unverified:all N bidders,consistent-but-unverified:successful S bidders,unknown,unknown
emission-spot-primary-market-auction-report-2025-data.xlsx,Primary Market Auction,76,2025-08-29,2025-08-29 00:00:00,2025-08-29 11:00:41.548000,Auction 4. Period DE,T3PA,successful,DE,1614500.0,2932500.0,79.0,25.0,3.59,37120.0,133295.0,130477.0,124192.0,163448.0,1.82,22.0,13.0,True,,True,-0.45454545455868356,0.5227272727272727,True,-0.3076923076878302,0.5384615384615384,True,50805.63636363637,0.5227272727272727,False,0.0036481882935894827,0.005000872205752313,True,-0.2531645569615648,0.5063291139240507,True,-0.0009090909090909705,0.005,True,0.5909090909090909,0.9788589219400577,1.3160912136047411,0.6825203765301124,0.8398809430477976,consistent-but-unverified:all N bidders,consistent-but-unverified:successful S bidders,unknown,unknown
emission-spot-primary-market-auction-report-2025-data.xlsx,Primary Market Auction,77,2025-08-28,2025-08-28 00:00:00,2025-08-28 11:00:40.970000,Auction 4. Period CAP3 EU,T3PA,successful,EU,3244500.0,4520000.0,87.0,37.0,3.78,51954.0,196522.0,240404.0,162225.0,225485.0,1.39,23.0,20.0,True,,True,0.2608695652161259,0.5217391304347826,True,0.0,0.525,True,21159.78260869565,0.5217391304347826,False,-0.0031268300200339993,0.005000368797510358,True,-0.02298850574879907,0.5057471264367817,True,-0.002608695652174031,0.005,True,0.8695652173913043,1.2232930664251331,1.3899522268454307,0.798989460042252,0.871273376976039,consistent-but-unverified:all N bidders,consistent-but-unverified:successful S bidders,unknown,unknown
emission-spot-primary-market-auction-report-2025-data.xlsx,Primary Market Auction,78,2025-08-26,2025-08-26 00:00:00,2025-08-26 11:00:42.589000,Auction 4. Period CAP3 EU,T3PA,successful,EU,3245500.0,4798500.0,90.0,28.0,3.91,53317.0,208630.0,263629.0,202844.0,284061.0,1.48,23.0,16.0,True,,True,-0.4347826087032445,0.5217391304347826,True,0.25,0.53125,True,61735.30434782608,0.5217391304347826,False,0.001491295640116963,0.005000381837764927,True,0.33333333333575865,0.5055555555555555,True,-0.003043478260869481,0.005,True,0.6956521739130435,1.2636198053971146,1.4003914338112047,0.8169652157607287,0.8756318214762968,consistent-but-unverified:all N bidders,consistent-but-unverified:successful S bidders,unknown,unknown
emission-spot-primary-market-auction-report-2025-data.xlsx,Primary Market Auction,79,2025-08-25,2025-08-25 00:00:00,2025-08-25 11:00:21.896000,Auction 4. Period CAP3 EU,T3PA,successful,EU,3245500.0,5042500.0,91.0,30.0,4.14,55412.0,229205.0,286331.0,202844.0,297013.0,1.55,22.0,16.0,True,,True,0.45454545455868356,0.5227272727272727,True,0.25,0.53125,True,55321.272727272735,0.5227272727272727,False,-0.0036897242335540703,0.005000393420114558,True,-0.08791208791080862,0.5054945054945055,True,0.0036363636363629936,0.005,True,0.7272727272727273,1.2492354006238957,1.4642434580268582,0.8105903365188323,0.9018848468076741,consistent-but-unverified:all N bidders,consistent-but-unverified:successful S bidders,unknown,unknown
emission-spot-primary-market-auction-report-2025-data.xlsx,Primary Market Auction,80,2025-08-22,2025-08-22 00:00:00,2025-08-22 11:00:36.251000,Auction 4. Period DE,T3PA,successful,DE,1607000.0,2596000.0,63.0,19.0,3.0,41206.0,123619.0,133129.0,160700.0,175114.0,1.62,21.0,10.0,True,,True,-0.04761904761835467,0.5238095238095238,True,0.0,0.55,True,84176.19047619047,0.5238095238095238,False,0.004567517112632258,0.005000813762596612,True,-0.34920634920854354,0.5079365079365079,True,0.0,0.005,True,0.47619047619047616,1.0769299217757788,1.0896950840074673,0.7308908042071811,0.7370181625139334,consistent-but-unverified:all N bidders,consistent-but-unverified:successful S bidders,unknown,unknown
emission-spot-primary-market-auction-report-2025-data.xlsx,Primary Market Auction,81,2025-08-21,2025-08-21 00:00:00,2025-08-21 11:00:28.945000,Auction 4. Period CAP3 EU,T3PA,successful,EU,3245500.0,4433000.0,84.0,34.0,3.23,52774.0,170500.0,223594.0,162275.0,207676.0,1.37,26.0,20.0,True,,True,0.0,0.5192307692307693,True,0.0,0.525,True,37448.07692307692,0.5192307692307693,False,0.0041087659836698265,0.005000364487974803,True,0.19047619047341868,0.5059523809523809,True,-0.0007692307692308553,0.005,True,0.7692307692307693,1.3114017595307919,1.279778154367586,0.8378541627991979,0.8240781375163566,consistent-but-unverified:all N bidders,consistent-but-unverified:successful S bidders,unknown,unknown
emission-spot-primary-market-auction-report-2025-data.xlsx,Primary Market Auction,82,2025-08-20,2025-08-20 00:00:00,2025-08-20 11:00:33.455000,Auction 4. Period CAP3 PL,T3PA,successful,PL,2069000.0,3428000.0,80.0,26.0,3.48,42850.0,149043.0,139049.0,137933.0,159499.0,1.66,23.0,15.0,True,,True,-0.47826086956774816,0.5217391304347826,True,-0.3333333333430346,0.5333333333333333,True,47976.47826086957,0.5217391304347826,False,0.0031609473175446823,0.005000642058833513,True,0.0,0.50625,True,0.0017391304347826875,0.005,True,0.6521739130434783,0.9329455257878598,1.156351271994374,0.6590450186536495,0.7684175674166595,consistent-but-unverified:all N bidders,consistent-but-unverified:successful S bidders,unknown,unknown
emission-spot-primary-market-auction-report-2025-data.xlsx,Primary Market Auction,83,2025-08-19,2025-08-19 00:00:00,2025-08-19 11:00:24.180000,Auction 4. Period CAP3 EU,T3PA,successful,EU,3245500.0,5172000.0,93.0,27.0,3.88,55613.0,215500.0,228329.0,216367.0,216361.0,1.59,24.0,15.0,True,,True,0.0,0.5208333333333334,True,0.3333333333430346,0.5333333333333333,True,81137.83333333334,0.5208333333333334,False,-0.003591126174703252,0.005000399567304219,True,0.0967741935455706,0.5053763440860215,True,0.004999999999999893,0.005,True,0.625,1.0595313225058005,0.9999722693386699,0.7224784435697033,0.6931333151331557,consistent-but-unverified:all N bidders,consistent-but-unverified:successful S bidders,unknown,unknown
emission-spot-primary-market-auction-report-2025-data.xlsx,Primary Market Auction,84,2025-08-18,2025-08-18 00:00:00,2025-08-18 11:00:19.808000,Auction 4. Period CAP3 EU,T3PA,successful,EU,3245500.0,5175000.0,94.0,29.0,3.62,55053.0,199038.0,228243.0,170816.0,197793.0,1.59,26.0,19.0,True,,True,-0.46153846153174527,0.5192307692307693,True,0.21052631578641012,0.5263157894736842,True,45989.07692307692,0.5192307692307693,False,-0.004515482976428897,0.005000399709710157,True,-0.19148936169949593,0.5053191489361702,True,0.004615384615384688,0.005,True,0.7307692307692307,1.1467307750278841,1.1579301704758336,0.7639461151456521,0.7691495078674637,consistent-but-unverified:all N bidders,consistent-but-unverified:successful S bidders,unknown,unknown
emission-spot-primary-market-auction-report-2025-data.xlsx,Primary Market Auction,85,2025-08-15,2025-08-15 00:00:00,2025-08-15 11:00:42.284000,Auction 4. Period DE,T3PA,successful,DE,1607000.0,3512500.0,76.0,18.0,3.8,46217.0,175625.0,170176.0,123615.0,137252.0,2.19,20.0,13.0,True,,True,0.0,0.525,True,-0.3846153846097877,0.5384615384615384,True,43265.0,0.525,False,0.004250155569383907,0.005000991210493,True,-0.10526315789320506,0.506578947368421,True,0.0,0.005,True,0.65,0.9689736654804271,1.1103183270638677,0.6775124250019957,0.7468388020159049,consistent-but-unverified:all N bidders,consistent-but-unverified:successful S bidders,unknown,unknown
emission-spot-primary-market-auction-report-2025-data.xlsx,Primary Market Auction,86,2025-08-14,2025-08-14 00:00:00,2025-08-14 11:00:42.276000,Auction 4. Period CAP3 EU,T3PA,successful,EU,3245500.0,4824500.0,83.0,34.0,3.46,58127.0,201021.0,255152.0,180306.0,226187.0,1.49,24.0,18.0,True,,True,0.1666666666569654,0.5208333333333334,True,0.4444444444379769,0.5277777777777778,True,45076.83333333334,0.5208333333333334,False,0.0034802033584964143,0.005000383071949724,True,0.4939759036133182,0.5060240963855421,True,0.0016666666666664831,0.005,True,0.75,1.2692803239462545,1.2544618592836623,0.8194627433170297,0.8129113011416029,consistent-but-unverified:all N bidders,consistent-but-unverified:successful S bidders,unknown,unknown
emission-spot-primary-market-auction-report-2025-data.xlsx,Primary Market Auction,87,2025-08-12,2025-08-12 00:00:00,2025-08-12 11:01:31.682000,Auction 4. Period CAP3 EU,T3PA,successful,EU,3245500.0,5125000.0,86.0,28.0,3.74,59593.0,222826.0,271979.0,202844.0,273250.0,1.58,23.0,16.0,True,,True,-0.08695652172900736,0.5217391304347826,True,0.25,0.53125,True,61735.30434782608,0.5217391304347826,False,0.0008904637189957043,0.0050003973362778556,True,-0.023255813954165205,0.5058139534883721,True,0.0008695652173913437,0.005,True,0.6956521739130435,1.220589159254306,1.347094318786851,0.797772547726763,0.8531781030178891,consistent-but-unverified:all N bidders,consistent-but-unverified:successful S bidders,unknown,unknown
emission-spot-primary-market-auction-report-2025-data.xlsx,Primary Market Auction,88,2025-08-11,2025-08-11 00:00:00,2025-08-11 11:00:34.617000,Auction 4. Period CAP3 EU,T3PA,successful,EU,3245500.0,4734000.0,81.0,25.0,4.26,58444.0,249158.0,309278.0,249654.0,333843.0,1.46,19.0,13.0,True,,True,0.10526315789320506,0.5263157894736842,True,0.1538461538439151,0.5384615384615384,True,78838.21052631579,0.5263157894736842,False,0.0013649668772146573,0.005000378776037258,True,-0.4444444444452529,0.5061728395061729,True,-0.0031578947368426924,0.005,True,0.6842105263157895,1.2412926737251062,1.3372227162392751,0.807052785901,0.8489633510755544,consistent-but-unverified:all N bidders,consistent-but-unverified:successful S bidders,unknown,unknown
emission-spot-primary-market-auction-report-2025-data.xlsx,Primary Market Auction,89,2025-08-08,2025-08-08 00:00:00,2025-08-08 11:00:29.089000,Auction 4. Period DE,T3PA,successful,DE,1607000.0,2685500.0,81.0,21.0,3.86,33154.0,127881.0,161492.0,133917.0,204643.0,1.67,21.0,12.0,True,,True,0.04761904761835467,0.5238095238095238,True,0.3333333333430346,0.5416666666666666,True,57393.19047619047,0.5238095238095238,False,-0.001126322339763508,0.0050008310911145906,True,-0.320987654318742,0.5061728395061729,True,0.0028571428571426694,0.005,True,0.5714285714285714,1.2628302875329407,1.528133097366279,0.8166163693773725,0.9274811241733223,consistent-but-unverified:all N bidders,consistent-but-unverified:successful S bidders,unknown,unknown
emission-spot-primary-market-auction-report-2025-data.xlsx,Primary Market Auction,90,2025-08-07,2025-08-07 00:00:00,2025-08-07 11:00:53.792000,Auction 4. Period CAP3 EU,T3PA,successful,EU,3245500.0,5493500.0,93.0,28.0,4.04,59070.0,238848.0,352314.0,180306.0,328712.0,1.69,23.0,18.0,True,,True,0.17391304348711856,0.5217391304347826,True,0.4444444444379769,0.5277777777777778,True,39197.30434782608,0.5217391304347826,False,-0.0026513634262825825,0.005000414828473917,True,0.1075268817221513,0.5053763440860215,True,-0.003478260869565375,0.005,True,0.782608695652174,1.475055265273312,1.8230785442525483,0.9062627251747146,1.037827971857219,consistent-but-unverified:all N bidders,consistent-but-unverified:successful S bidders,unknown,unknown
emission-spot-primary-market-auction-report-2025-data.xlsx,Primary Market Auction,91,2025-08-06,2025-08-06 00:00:00,2025-08-06 11:00:19.560000,Auction 4. Period CAP3 PL,T3PA,successful,PL,2072500.0,3621000.0,83.0,18.0,3.77,43627.0,164591.0,219581.0,172708.0,230181.0,1.75,22.0,12.0,True,,True,0.09090909091173671,0.5227272727272727,True,-0.3333333333430346,0.5416666666666666,True,78503.45454545454,0.5227272727272727,False,0.002834740651387113,0.005000662766147373,True,0.4939759036133182,0.5060240963855421,True,-0.0027272727272729114,0.005,True,0.5454545454545454,1.3341008925153865,1.3327755517984112,0.8476267602288861,0.84705878258113,consistent-but-unverified:all N bidders,consistent-but-unverified:successful S bidders,unknown,unknown
emission-spot-primary-market-auction-report-2025-data.xlsx,Primary Market Auction,92,2025-08-05,2025-08-05 00:00:00,2025-08-05 11:01:29.626000,Auction 4. Period CAP3 EU,T3PA,successful,EU,3245500.0,5202000.0,88.0,23.0,4.63,59114.0,273789.0,325525.0,231821.0,271413.0,1.6,19.0,14.0,True,,True,-0.47368421050487086,0.5263157894736842,True,-0.42857142857974395,0.5357142857142857,True,61005.21052631579,0.5263157894736842,False,-0.0028346941919579205,0.0050004009913636,True,0.3636363636396709,0.5056818181818182,True,-0.0015789473684213462,0.005,True,0.7368421052631579,1.1889630335769517,1.1707869433744138,0.7834279310417837,0.7750897485282607,consistent-but-unverified:all N bidders,consistent-but-unverified:successful S bidders,unknown,unknown
emission-spot-primary-market-auction-report-2025-data.xlsx,Primary Market Auction,93,2025-08-04,2025-08-04 00:00:00,2025-08-04 11:00:31.266000,Auction 4. Period CAP3 EU,T3PA,successful,EU,3245500.0,4761500.0,105.0,48.0,4.57,45348.0,207022.0,316887.0,154548.0,298322.0,1.47,23.0,21.0,True,,True,0.2608695652161259,0.5217391304347826,True,0.38095238094683737,0.5238095238095238,True,13439.30434782608,0.5217391304347826,False,0.002891696194731175,0.005000380081425023,True,0.3809523809541133,0.5047619047619047,True,0.004782608695652613,0.005,True,0.9130434782608695,1.5306923901807536,1.9302870305665554,0.9284929373062788,1.0751003808816504,consistent-but-unverified:all N bidders,consistent-but-unverified:successful S bidders,unknown,unknown
emission-spot-primary-market-auction-report-2025-data.xlsx,Primary Market Auction,94,2025-08-01,2025-08-01 00:00:00,2025-08-01 11:00:26.695000,Auction 4. Period DE,T3PA,successful,DE,1607000.0,2813000.0,71.0,36.0,3.94,39620.0,156278.0,204433.0,100438.0,157979.0,1.75,18.0,16.0,True,,True,0.22222222221898846,0.5277777777777778,True,0.5,0.53125,True,11160.222222222219,0.5277777777777778,False,-0.00046670815183569303,0.005000855776992157,True,0.2816901408441481,0.5070422535211268,True,-0.004444444444444695,0.005,True,0.8888888888888888,1.3081367818886855,1.5729006949560924,0.8364406111396606,0.9450339375124722,consistent-but-unverified:all N bidders,consistent-but-unverified:successful S bidders,unknown,unknown
emission-spot-primary-market-auction-report-2025-data.xlsx,Primary Market Auction,95,2025-07-31,2025-07-31 00:00:00,2025-07-31 11:00:31.434000,Auction 4. Period CAP3 EU,T3PA,successful,EU,3245500.0,4861500.0,95.0,47.0,3.8,51174.0,194460.0,297088.0,147523.0,278261.0,1.5,25.0,22.0,True,,True,0.0,0.52,True,0.27272727273521014,0.5227272727272727,True,17703.0,0.52,False,0.0020798028038822025,0.005000384828289627,True,0.31578947368689114,0.5052631578947369,True,0.0,0.005,True,0.88,1.5277589221433714,1.886221131620154,0.9273331086610657,1.059948079599355,consistent-but-unverified:all N bidders,consistent-but-unverified:successful S bidders,unknown,unknown
emission-spot-primary-market-auction-report-2025-data.xlsx,Primary Market Auction,96,2025-07-29,2025-07-29 00:00:00,2025-07-29 11:00:28.462000,Auction 4. Period CAP3 EU,T3PA,successful,EU,3245500.0,5473000.0,87.0,29.0,3.78,62908.0,237957.0,326818.0,190912.0,334781.0,1.69,23.0,17.0,True,,True,0.47826086956774816,0.5217391304347826,True,0.2352941176504828,0.5294117647058824,True,49803.30434782608,0.5217391304347826,False,0.0036650747188413657,0.005000413855366674,True,-0.04597701149759814,0.5057471264367817,True,-0.002608695652174031,0.005,True,0.7391304347826086,1.37343301520863,1.7535880405631914,0.8643374366639193,1.0129048032652384,consistent-but-unverified:all N bidders,consistent-but-unverified:successful S bidders,unknown,unknown
emission-spot-primary-market-auction-report-2025-data.xlsx,Primary Market Auction,97,2025-07-28,2025-07-28 00:00:00,2025-07-28 11:00:36.985000,Auction 4. Period CAP3 EU,T3PA,successful,EU,3245500.0,4664500.0,90.0,29.0,3.75,51828.0,194354.0,224388.0,180306.0,211195.0,1.44,24.0,18.0,True,,True,-0.1666666666569654,0.5208333333333334,True,0.4444444444379769,0.5277777777777778,True,45076.83333333334,0.5208333333333334,False,0.0027792327838545017,0.005000375476966359,True,0.22222222221898846,0.5055555555555555,True,0.0,0.005,True,0.75,1.1545324510943948,1.1713143212094994,0.7675737399674701,0.7753326621802201,consistent-but-unverified:all N bidders,consistent-but-unverified:successful S bidders,unknown,unknown
emission-spot-primary-market-auction-report-2025-data.xlsx,Primary Market Auction,98,2025-07-25,2025-07-25 00:00:00,2025-07-25 11:01:29.910000,Auction 4. Period DE,T3PA,successful,DE,1607000.0,3026500.0,82.0,25.0,3.9,36909.0,144119.0,157386.0,107133.0,126669.0,1.88,21.0,15.0,True,,True,-0.047619047632906586,0.5238095238095238,True,-0.3333333333284827,0.5333333333333333,True,30609.190476190473,0.5238095238095238,False,-0.0033229620410704097,0.005000897113736159,True,0.4634146341486485,0.5060975609756098,True,-0.004761904761904745,0.005,True,0.7142857142857143,1.0920558704959096,1.1823527764554338,0.7381472525840643,0.7804035500785284,consistent-but-unverified:all N bidders,consistent-but-unverified:successful S bidders,unknown,unknown
emission-spot-primary-market-auction-report-2025-data.xlsx,Primary Market Auction,99,2025-07-24,2025-07-24 00:00:00,2025-07-24 11:00:26.287000,Auction 4. Period CAP3 EU,T3PA,successful,EU,3245500.0,5111500.0,98.0,38.0,3.63,52158.0,189315.0,234928.0,147523.0,191639.0,1.57,27.0,22.0,True,,True,0.1851851851970423,0.5185185185185185,True,0.27272727273521014,0.5227272727272727,True,27319.296296296292,0.5185185185185185,False,-0.0049499306732398995,0.005000396695451134,True,-0.16326530612423085,0.5051020408163265,True,0.0003703703703701322,0.005,True,0.8148148148148148,1.240937062567678,1.2990448946943867,0.806894109894148,0.8324937735131204,consistent-but-unverified:all N bidders,consistent-but-unverified:successful S bidders,unknown,unknown
emission-spot-primary-market-auction-report-2025-data.xlsx,Primary Market Auction,100,2025-07-23,2025-07-23 00:00:00,2025-07-23 11:00:48.370000,Auction 4. Period CAP3 PL,T3PA,successful,PL,2072500.0,4378000.0,104.0,31.0,4.0,42096.0,168385.0,220699.0,148036.0,262885.0,2.11,26.0,14.0,True,,True,0.38461538462433964,0.5192307692307693,True,0.285714285710128,0.5357142857142857,True,68324.46153846153,0.5192307692307693,False,-0.0024246079613994276,0.005000750886638744,True,-0.1538461538439151,0.5048076923076923,True,0.0,0.005,True,0.5384615384615384,1.310680880125902,1.7758180442595044,0.8375422344037383,1.0209454944802956,consistent-but-unverified:all N bidders,consistent-but-unverified:successful S bidders,unknown,unknown
emission-spot-primary-market-auction-report-2025-data.xlsx,Primary Market Auction,101,2025-07-22,2025-07-22 00:00:00,2025-07-22 11:00:19.858000,Auction 4. Period CAP3 EU,T3PA,successful,EU,3245500.0,4105000.0,93.0,50.0,3.72,44140.0,164200.0,221539.0,154548.0,221864.0,1.26,25.0,21.0,True,,True,0.0,0.52,True,0.38095238094683737,0.5238095238095238,True,24728.0,0.52,False,-0.00482822369434599,0.0050003489182589055,True,0.2150537634443026,0.5053763440860215,True,0.0,0.005,True,0.84,1.3492021924482338,1.4355669436032819,0.8540757779401975,0.8901795604821868,consistent-but-unverified:all N bidders,consistent-but-unverified:successful S bidders,unknown,unknown
emission-spot-primary-market-auction-report-2025-data.xlsx,Primary Market Auction,102,2025-07-21,2025-07-21 00:00:00,2025-07-21 11:00:43.948000,Auction 4. Period CAP3 EU,T3PA,successful,EU,3245500.0,5095000.0,96.0,37.0,4.0,53073.0,212292.0,272752.0,162275.0,231566.0,1.57,24.0,20.0,True,,True,0.3333333333430346,0.5208333333333334,True,0.0,0.525,True,27045.833333333343,0.5208333333333334,False,0.00013403173625015086,0.005000395912218475,True,0.08333333333575865,0.5052083333333334,True,0.0,0.005,True,0.8333333333333334,1.2847964124884592,1.4269973809890617,0.8262769229975306,0.8866548476293628,consistent-but-unverified:all N bidders,consistent-but-unverified:successful S bidders,unknown,unknown
emission-spot-primary-market-auction-report-2025-data.xlsx,Primary Market Auction,103,2025-07-18,2025-07-18 00:00:00,2025-07-18 11:00:29.056000,Auction 4. Period DE,T3PA,successful,DE,1607000.0,3850500.0,108.0,33.0,4.7,35653.0,167413.0,200349.0,94529.0,160191.0,2.4,23.0,17.0,True,,True,-0.04347826086450368,0.5217391304347826,True,-0.4117647058883449,0.5294117647058824,True,24659.43478260869,0.5217391304347826,False,0.003920348475419999,0.005001056652270392,True,0.22222222221898846,0.5046296296296297,True,0.004347826086956275,0.005,True,0.7391304347826086,1.1967350205778524,1.6946228141628494,0.7869721764689404,0.9912582369269592,consistent-but-unverified:all N bidders,consistent-but-unverified:successful S bidders,unknown,unknown
emission-spot-primary-market-auction-report-2025-data.xlsx,Primary Market Auction,104,2025-07-17,2025-07-17 00:00:00,2025-07-17 11:00:31.540000,Auction 4. Period CAP3 EU,T3PA,successful,EU,3245500.0,4873000.0,105.0,48.0,4.04,46410.0,187423.0,276340.0,154548.0,255183.0,1.5,26.0,21.0,True,,True,-0.07692307693650946,0.5192307692307693,True,0.38095238094683737,0.5238095238095238,True,29721.076923076922,0.5192307692307693,False,-0.0014635649360652536,0.005000385374179056,True,0.47619047619082266,0.5047619047619047,True,0.0015384615384617106,0.005,True,0.8076923076923077,1.474418827998698,1.6511569221212827,0.9060055514766092,0.974996119112651,consistent-but-unverified:all N bidders,consistent-but-unverified:successful S bidders,unknown,unknown
emission-spot-primary-market-auction-report-2025-data.xlsx,Primary Market Auction,105,2025-07-15,2025-07-15 00:00:00,2025-07-15 11:00:35.085000,Auction 4. Period CAP3 EU,T3PA,successful,EU,3245500.0,5499000.0,102.0,32.0,4.25,53912.0,229125.0,268796.0,170816.0,239874.0,1.69,24.0,19.0,True,,True,0.0,0.5208333333333334,True,0.21052631578641012,0.5263157894736842,True,35586.83333333334,0.5208333333333334,False,-0.004346017562779192,0.005000415089551471,True,0.2352941176504828,0.5049019607843137,True,0.0,0.005,True,0.7916666666666666,1.1731412984178942,1.4042829711502436,0.776173723742842,0.8772517182110229,consistent-but-unverified:all N bidders,consistent-but-unverified:successful S bidders,unknown,unknown
emission-spot-primary-market-auction-report-2025-data.xlsx,Primary Market Auction,106,2025-07-14,2025-07-14 00:00:00,2025-07-14 11:00:47.844000,Auction 4. Period CAP3 EU,T3PA,successful,EU,3245500.0,5449000.0,94.0,29.0,4.09,57968.0,236913.0,291101.0,202844.0,286511.0,1.68,23.0,16.0,True,,True,-0.04347826086450368,0.5217391304347826,True,0.25,0.53125,True,61735.30434782608,0.5217391304347826,False,0.0010599291326451876,0.005000412716119169,True,-0.08510638297593687,0.5053191489361702,True,0.003043478260869037,0.005,True,0.6956521739130435,1.2287253126675193,1.4124696811342707,0.8014298133722363,0.8806509867465498,consistent-but-unverified:all N bidders,consistent-but-unverified:successful S bidders,unknown,unknown
emission-spot-primary-market-auction-report-2025-data.xlsx,Primary Market Auction,107,2025-07-11,2025-07-11 00:00:00,2025-07-11 11:00:33.143000,Auction 4. Period DE,T3PA,successful,DE,1607000.0,3374500.0,80.0,19.0,4.44,42181.0,187472.0,254524.0,133917.0,275450.0,2.1,18.0,12.0,True,,True,-0.22222222221898846,0.5277777777777778,True,0.3333333333430346,0.5416666666666666,True,44639.22222222222,0.5277777777777778,False,0.00012445550715645126,0.005000964491660811,True,-0.25,0.50625,True,-0.004444444444444251,0.005,True,0.6666666666666666,1.3576640778356235,2.0568710469917932,0.8576713313371933,1.117391859157279,consistent-but-unverified:all N bidders,consistent-but-unverified:successful S bidders,unknown,unknown
emission-spot-primary-market-auction-report-2025-data.xlsx,Primary Market Auction,108,2025-07-10,2025-07-10 00:00:00,2025-07-10 11:01:45.874000,Auction 4. Period CAP3 EU,T3PA,successful,EU,3245500.0,4374500.0,87.0,34.0,4.35,50282.0,218725.0,283258.0,190912.0,267614.0,1.35,20.0,17.0,True,,True,0.0,0.525,True,0.2352941176504828,0.5294117647058824,True,28637.0,0.525,False,0.002133723617316452,0.00500036171105901,True,0.39080459770048037,0.5057471264367817,True,0.0,0.005,True,0.85,1.295041719053606,1.4017662587998658,0.8307510215841517,0.8762044078486013,consistent-but-unverified:all N bidders,consistent-but-unverified:successful S bidders,unknown,unknown
emission-spot-primary-market-auction-report-2025-data.xlsx,Primary Market Auction,109,2025-07-09,2025-07-09 00:00:00,2025-07-09 11:00:22.744000,Auction 4. Period CAP3 PL,T3PA,successful,PL,2072500.0,3359000.0,87.0,26.0,3.95,38609.0,152682.0,210799.0,138167.0,236749.0,1.62,22.0,15.0,True,,True,0.18181818182347342,0.5227272727272727,True,0.3333333333430346,0.5333333333333333,True,43962.454545454544,0.5227272727272727,False,-0.0007478890229191126,0.005000632267377573,True,-0.19540229885024019,0.5057471264367817,True,-0.004545454545454408,0.005,True,0.6818181818181818,1.380640809001716,1.7134988817879813,0.8673696989224983,0.9982389024290987,consistent-but-unverified:all N bidders,consistent-but-unverified:successful S bidders,unknown,unknown
emission-spot-primary-market-auction-report-2025-data.xlsx,Primary Market Auction,110,2025-07-08,2025-07-08 00:00:00,2025-07-08 11:00:49.355000,Auction 4. Period CAP3 EU,T3PA,successful,EU,3245500.0,4906500.0,94.0,32.0,4.27,52197.0,223023.0,299207.0,170816.0,303226.0,1.51,22.0,19.0,True,,True,0.27272727273521014,0.5227272727272727,True,0.21052631578641012,0.5263157894736842,True,23293.272727272735,0.5227272727272727,False,-0.0017855492219995828,0.005000386964378698,True,0.19148936169949593,0.5053191489361702,True,-0.0027272727272729114,0.005,True,0.8636363636363636,1.3415970550122633,1.7751615773698015,0.8508331987129337,1.0207089715825333,consistent-but-unverified:all N bidders,consistent-but-unverified:successful S bidders,unknown,unknown
emission-spot-primary-market-auction-report-2025-data.xlsx,Primary Market Auction,111,2025-07-07,2025-07-07 00:00:00,2025-07-07 11:00:38.450000,Auction 4. Period CAP3 EU,T3PA,successful,EU,3245500.0,4751000.0,96.0,32.0,4.57,49490.0,226238.0,262876.0,216367.0,261134.0,1.46,21.0,15.0,True,,True,-0.09523809523670934,0.5238095238095238,True,0.3333333333430346,0.5333333333333333,True,61819.38095238095,0.5238095238095238,False,-0.0038730549992296304,0.0050003795830042405,True,0.41666666666424135,0.5052083333333334,True,-0.0014285714285708906,0.005,True,0.7142857142857143,1.1619445009238059,1.2069030859604284,0.7710080486395217,0.7915902141946337,consistent-but-unverified:all N bidders,consistent-but-unverified:successful S bidders,unknown,unknown
emission-spot-primary-market-auction-report-2025-data.xlsx,Primary Market Auction,112,2025-07-04,2025-07-04 00:00:00,2025-07-04 11:00:40.155000,Auction 4. Period DE,T3PA,successful,DE,1607000.0,3507000.0,90.0,19.0,4.29,38967.0,167000.0,173915.0,133917.0,185533.0,2.18,21.0,12.0,True,,True,0.0,0.5238095238095238,True,0.3333333333430346,0.5416666666666666,True,57393.19047619047,0.5238095238095238,False,-0.002327317983820798,0.005000990145612007,True,0.33333333333575865,0.5055555555555555,True,0.004285714285714448,0.005,True,0.5714285714285714,1.0414071856287426,1.385432768057827,0.7136393669324437,0.8693805619917947,consistent-but-unverified:all N bidders,consistent-but-unverified:successful S bidders,unknown,unknown
emission-spot-primary-market-auction-report-2025-data.xlsx,Primary Market Auction,113,2025-07-03,2025-07-03 00:00:00,2025-07-03 11:00:26.896000,Auction 4. Period CAP3 EU,T3PA,successful,EU,3245500.0,5493500.0,105.0,38.0,4.2,52319.0,219740.0,324986.0,162275.0,308863.0,1.69,25.0,20.0,True,,True,0.0,0.52,True,0.0,0.525,True,32455.0,0.52,False,-0.0026513634262825825,0.005000414828473917,True,-0.04761904761835467,0.5047619047619047,True,0.0,0.005,True,0.8,1.4789569491216892,1.9033307656755507,0.9078378866746223,1.0658586178132072,consistent-but-unverified:all N bidders,consistent-but-unverified:successful S bidders,unknown,unknown
emission-spot-primary-market-auction-report-2025-data.xlsx,Primary Market Auction,114,2025-07-01,2025-07-01 00:00:00,2025-07-01 11:00:28.072000,Auction 4. Period CAP3 EU,T3PA,successful,EU,3245500.0,4511500.0,100.0,35.0,4.35,45115.0,196152.0,221088.0,162275.0,203212.0,1.39,23.0,20.0,True,,True,-0.17391304348711856,0.5217391304347826,True,0.0,0.525,True,21166.30434782608,0.5217391304347826,False,-7.857032814673204e-05,0.0050003682142635165,True,0.0,0.505,True,0.0021739130434781373,0.005,True,0.8695652173913043,1.127125902361434,1.252269295948236,0.754771726925832,0.8119382839222965,consistent-but-unverified:all N bidders,consistent-but-unverified:successful S bidders,unknown,unknown
emission-spot-primary-market-auction-report-2025-data.xlsx,Primary Market Auction,115,2025-06-30,2025-06-30 00:00:00,2025-06-30 11:00:54.623000,Auction 4. Period CAP3 EU,T3PA,successful,EU,3246500.0,4986500.0,100.0,35.0,4.17,49865.0,207771.0,246537.0,180361.0,232684.0,1.54,24.0,18.0,True,,True,0.1666666666569654,0.5208333333333334,True,-0.11111111112404615,0.5277777777777778,True,45090.16666666666,0.5208333333333334,False,0.0040381949792083205,0.005000390568618756,True,0.0,0.505,True,0.0033333333333329662,0.005,True,0.75,1.1865804178638983,1.2901015186209879,0.782338870459944,0.8285961478590869,consistent-but-unverified:all N bidders,consistent-but-unverified:successful S bidders,unknown,unknown
emission-spot-primary-market-auction-report-2025-data.xlsx,Primary Market Auction,116,2025-06-27,2025-06-27 00:00:00,2025-06-27 11:00:20.025000,Auction 4. Period DE,T3PA,successful,DE,1607000.0,2374000.0,73.0,37.0,4.06,32521.0,131889.0,179593.0,114786.0,186736.0,1.48,18.0,14.0,True,,True,0.11111111112404615,0.5277777777777778,True,0.285714285710128,0.5357142857142857,True,25508.22222222222,0.5277777777777778,False,0.002713130056005042,0.005000770780127438,True,0.45205479452124564,0.5068493150684932,True,0.004444444444444251,0.005,True,0.7777777777777778,1.3616980946098614,1.6268186015716202,0.8593808919131011,0.965773456766749,consistent-but-unverified:all N bidders,consistent-but-unverified:successful S bidders,unknown,unknown
emission-spot-primary-market-auction-report-2025-data.xlsx,Primary Market Auction,117,2025-06-26,2025-06-26 00:00:00,2025-06-26 11:00:23.197000,Auction 4. Period CAP3 EU,T3PA,successful,EU,3245500.0,4845500.0,105.0,54.0,3.89,46148.0,179463.0,250424.0,135229.0,205018.0,1.49,27.0,24.0,True,,True,0.03703703705104999,0.5185185185185185,True,-0.1666666666569654,0.5208333333333334,True,15025.296296296292,0.5185185185185185,False,-0.002990294253581993,0.0050003840687912905,True,0.3809523809541133,0.5047619047619047,True,0.0011111111111112848,0.005,True,0.8888888888888888,1.3954074098839315,1.516080130741187,0.8735533249071025,0.922702186797333,consistent-but-unverified:all N bidders,consistent-but-unverified:successful S bidders,unknown,unknown
emission-spot-primary-market-auction-report-2025-data.xlsx,Primary Market Auction,118,2025-06-25,2025-06-25 00:00:00,2025-06-25 11:00:32.119000,Auction 4. Period CAP3 PL,T3PA,successful,PL,2072500.0,3569500.0,82.0,31.0,3.42,43530.0,148729.0,156704.0,129531.0,145340.0,1.72,24.0,16.0,True,,True,-0.1666666666569654,0.5208333333333334,True,-0.25,0.53125,True,43176.83333333333,0.5208333333333334,False,-0.0023160434258142626,0.00500065677116018,True,-0.4878048780519748,0.5060975609756098,True,0.0033333333333334103,0.005,True,0.6666666666666666,1.0536210154038554,1.1220480039527216,0.7196045839680183,0.7523816619683024,consistent-but-unverified:all N bidders,consistent-but-unverified:successful S bidders,unknown,unknown
emission-spot-primary-market-auction-report-2025-data.xlsx,Primary Market Auction,119,2025-06-24,2025-06-24 00:00:00,2025-06-24 11:00:17.987000,Auction 4. Period CAP3 EU,T3PA,successful,EU,3245500.0,4283000.0,91.0,36.0,3.64,47066.0,171320.0,220039.0,162275.0,212947.0,1.32,25.0,20.0,True,,True,0.0,0.52,True,0.0,0.525,True,32455.0,0.52,False,0.00032660606994316943,0.005000357367677899,True,0.06593406593310647,0.5054945054945055,True,0.0,0.005,True,0.8,1.284374270371235,1.3122600523802188,0.8260921445562223,0.8382254238880061,consistent-but-unverified:all N bidders,consistent-but-unverified:successful S bidders,unknown,unknown
emission-spot-primary-market-auction-report-2025-data.xlsx,Primary Market Auction,120,2025-06-23,2025-06-23 00:00:00,2025-06-23 11:00:36.283000,Auction 4. Period CAP3 EU,T3PA,successful,EU,3245500.0,4650500.0,102.0,30.0,3.92,45593.0,178865.0,242153.0,180306.0,246810.0,1.43,26.0,18.0,True,,True,-0.38461538462433964,0.5192307692307693,True,0.4444444444379769,0.5277777777777778,True,55479.07692307692,0.5192307692307693,False,-0.002907102141426643,0.005000374812405314,True,-0.137254901957931,0.5049019607843137,True,-0.003076923076922977,0.005,True,0.6923076923076923,1.3538311016688565,1.368839639279891,0.8560442567605068,0.8624002315726519,consistent-but-unverified:all N bidders,consistent-but-unverified:successful S bidders,unknown,unknown
emission-spot-primary-market-auction-report-2025-data.xlsx,Primary Market Auction,121,2025-06-20,2025-06-20 00:00:00,2025-06-20 11:00:32.515000,Auction 4. Period DE,T3PA,successful,DE,1607000.0,3810500.0,104.0,26.0,4.52,36639.0,165674.0,177437.0,114786.0,143630.0,2.37,23.0,14.0,True,,True,0.08695652172900736,0.5217391304347826,True,0.285714285710128,0.5357142857142857,True,44916.43478260869,0.5217391304347826,False,-0.0011885500933415116,0.005001048907681351,True,-0.42307692307804246,0.5048076923076923,True,-0.0017391304347826875,0.005,True,0.6086956521739131,1.0710008812487173,1.2512849999128814,0.7280320079318101,0.8115011642668581,consistent-but-unverified:all N bidders,consistent-but-unverified:successful S bidders,unknown,unknown
emission-spot-primary-market-auction-report-2025-data.xlsx,Primary Market Auction,122,2025-06-19,2025-06-19 00:00:00,2025-06-19 11:00:31.701000,Auction 4. Period CAP3 EU,T3PA,successful,EU,3245500.0,4509500.0,88.0,27.0,4.19,51244.0,214738.0,200551.0,190912.0,202002.0,1.39,21.0,17.0,True,,True,-0.09523809523670934,0.5238095238095238,True,0.2352941176504828,0.5294117647058824,True,36364.38095238095,0.5238095238095238,False,0.0005376675396702169,0.005000368119326224,True,-0.31818181818380253,0.5056818181818182,True,-0.00047619047619029686,0.005,True,0.8095238095238095,0.9339334444765249,1.058089591015756,0.6595559830348758,0.7217781695137663,consistent-but-unverified:all N bidders,consistent-but-unverified:successful S bidders,unknown,unknown
emission-spot-primary-market-auction-report-2025-data.xlsx,Primary Market Auction,123,2025-06-17,2025-06-17 00:00:00,2025-06-17 11:00:59.847000,Auction 4. Period CAP3 EU,T3PA,successful,EU,3245500.0,5235500.0,109.0,41.0,4.04,48032.0,193907.0,253008.0,141109.0,228957.0,1.61,27.0,23.0,True,,True,-0.40740740741603076,0.5185185185185185,True,0.3043478260806296,0.5217391304347826,True,20905.296296296292,0.5185185185185185,False,-0.0031566784778924717,0.005000402581563241,True,-0.11009174311766401,0.5045871559633027,True,0.002962962962962834,0.005,True,0.8518518518518519,1.3047904407783113,1.6225541956926914,0.8349897572519476,0.9641487267345322,consistent-but-unverified:all N bidders,consistent-but-unverified:successful S bidders,unknown,unknown
emission-spot-primary-market-auction-report-2025-data.xlsx,Primary Market Auction,124,2025-06-16,2025-06-16 00:00:00,2025-06-16 11:00:30.532000,Auction 4. Period CAP3 EU,T3PA,successful,EU,3245500.0,4373500.0,95.0,46.0,3.8,46037.0,174940.0,223768.0,147523.0,207653.0,1.35,25.0,22.0,True,,True,0.0,0.52,True,0.27272727273521014,0.5227272727272727,True,17703.0,0.52,False,0.0024418425512249264,0.005000361663590364,True,0.1578947368398076,0.5052631578947369,True,0.0,0.005,True,0.88,1.27911283868755,1.4075974593792155,0.8237862614062357,0.8786293454405546,consistent-but-unverified:all N bidders,consistent-but-unverified:successful S bidders,unknown,unknown
emission-spot-primary-market-auction-report-2025-data.xlsx,Primary Market Auction,125,2025-06-13,2025-06-13 00:00:00,2025-06-13 11:00:32.458000,Auction 4. Period DE,T3PA,successful,DE,1607000.0,2950500.0,86.0,32.0,4.3,34308.0,147525.0,189553.0,107133.0,180672.0,1.84,20.0,15.0,True,,True,0.0,0.525,True,-0.3333333333284827,0.5333333333333333,True,26783.0,0.525,False,0.003970130678282668,0.0050008823990169825,True,-0.13953488371771527,0.5058139534883721,True,0.0,0.005,True,0.75,1.2848873072360616,1.6864271512979194,0.8263167046337179,0.9882121142353889,consistent-but-unverified:all N bidders,consistent-but-unverified:successful S bidders,unknown,unknown
emission-spot-primary-market-auction-report-2025-data.xlsx,Primary Market Auction,126,2025-06-12,2025-06-12 00:00:00,2025-06-12 11:00:57.625000,Auction 4. Period CAP3 EU,T3PA,successful,EU,3245500.0,4249000.0,106.0,58.0,4.24,40085.0,169960.0,227638.0,147523.0,207848.0,1.31,25.0,22.0,True,,True,0.0,0.52,True,0.27272727273521014,0.5227272727272727,True,17703.0,0.52,False,0.0008026498228317358,0.005000355753743933,True,0.09433962264301954,0.5047169811320755,True,0.0,0.005,True,0.88,1.3393622028712637,1.4089192871620018,0.8498783293420702,0.8791782183649226,consistent-but-unverified:all N bidders,consistent-but-unverified:successful S bidders,unknown,unknown
emission-spot-primary-market-auction-report-2025-data.xlsx,Primary Market Auction,127,2025-06-11,2025-06-11 00:00:00,2025-06-11 11:00:26.767000,Auction 4. Period CAP3 PL,T3PA,successful,PL,2072500.0,3233500.0,107.0,39.0,3.82,30220.0,115482.0,154408.0,98690.0,167510.0,1.56,28.0,21.0,True,,True,-0.142857142855064,0.5178571428571429,True,-0.4761904761835467,0.5238095238095238,True,24672.142857142855,0.5178571428571429,False,-0.0001930036188177997,0.005000617658234023,True,0.3738317757015466,0.5046728971962616,True,-0.0014285714285717788,0.005,True,0.75,1.3370741760620704,1.697335089674739,0.8488997949169803,0.9922642817770955,consistent-but-unverified:all N bidders,consistent-but-unverified:successful S bidders,unknown,unknown
emission-spot-primary-market-auction-report-2025-data.xlsx,Primary Market Auction,128,2025-06-10,2025-06-10 00:00:00,2025-06-10 11:00:37.441000,Auction 4. Period CAP3 EU,T3PA,successful,EU,3245500.0,5324500.0,103.0,34.0,3.68,51694.0,190161.0,236830.0,170816.0,231808.0,1.64,28.0,19.0,True,,True,0.285714285710128,0.5178571428571429,True,0.21052631578641012,0.5263157894736842,True,54905.28571428571,0.5178571428571429,False,-0.000579263595748003,0.0050004068062727385,True,-0.17475728155113757,0.5048543689320388,True,0.0014285714285717788,0.005,True,0.6785714285714286,1.2454183560246317,1.3570625702510304,0.8088918539555208,0.8574161701655055,consistent-but-unverified:all N bidders,consistent-but-unverified:successful S bidders,unknown,unknown
emission-spot-primary-market-auction-report-2025-data.xlsx,Primary Market Auction,129,2025-06-06,2025-06-06 00:00:00,2025-06-06 11:00:37.336000,Auction 4. Period DE,T3PA,successful,DE,1607000.0,2801500.0,90.0,24.0,4.5,31128.0,140075.0,120062.0,114786.0,122384.0,1.74,20.0,14.0,True,,True,0.0,0.525,True,0.285714285710128,0.5357142857142857,True,34436.0,0.525,False,-0.0033105164903546314,0.005000853550422808,True,0.22222222222262644,0.5055555555555555,True,0.0,0.005,True,0.7,0.8571265393539176,1.0661927412750685,0.6190304218658852,0.7257076583475038,consistent-but-unverified:all N bidders,consistent-but-unverified:successful S bidders,unknown,unknown
emission-spot-primary-market-auction-report-2025-data.xlsx,Primary Market Auction,130,2025-06-05,2025-06-05 00:00:00,2025-06-05 11:00:22.409000,Auction 4. Period CAP3 EU,T3PA,successful,EU,3245500.0,4752000.0,93.0,26.0,4.43,51097.0,226286.0,321271.0,231821.0,335065.0,1.46,21.0,14.0,True,,True,0.285714285710128,0.5238095238095238,True,-0.42857142857974395,0.5357142857142857,True,77273.38095238095,0.5238095238095238,False,-0.004181173933138327,0.005000379630472887,True,0.22580645161360735,0.5053763440860215,True,0.0014285714285708906,0.005,True,0.6666666666666666,1.4197564144489716,1.445360860318953,0.8836668799161465,0.8941927031688318,consistent-but-unverified:all N bidders,consistent-but-unverified:successful S bidders,unknown,unknown
emission-spot-primary-market-auction-report-2025-data.xlsx,Primary Market Auction,131,2025-06-03,2025-06-03 00:00:00,2025-06-03 11:00:37.227000,Auction 4. Period CAP3 EU,T3PA,successful,EU,3245500.0,4787500.0,104.0,33.0,4.16,46034.0,191500.0,207148.0,190912.0,168957.0,1.48,25.0,17.0,True,,True,0.0,0.52,True,0.2352941176504828,0.5294117647058824,True,61092.0,0.52,False,0.004880603913110404,0.00500038131560982,True,0.3461538461560849,0.5048076923076923,True,0.0,0.005,True,0.68,1.0817127937336815,0.8849993714381496,0.7331910133830729,0.6339274874453559,consistent-but-unverified:all N bidders,consistent-but-unverified:successful S bidders,unknown,unknown
emission-spot-primary-market-auction-report-2025-data.xlsx,Primary Market Auction,132,2025-06-02,2025-06-02 00:00:00,2025-06-02 11:00:28.655000,Auction 4. Period CAP3 EU,T3PA,successful,EU,3245500.0,4859500.0,107.0,26.0,4.65,45416.0,211283.0,358032.0,202844.0,346103.0,1.5,23.0,16.0,True,,True,0.3913043478387408,0.5217391304347826,True,0.25,0.53125,True,61735.30434782608,0.5217391304347826,False,0.0026960406716993734,0.005000384733352335,True,0.11214953270973638,0.5046728971962616,True,-0.0021739130434781373,0.005,True,0.6956521739130435,1.6945613229649332,1.7062520952061684,0.9912354167017251,0.9955646869784948,consistent-but-unverified:all N bidders,consistent-but-unverified:successful S bidders,unknown,unknown
emission-spot-primary-market-auction-report-2025-data.xlsx,Primary Market Auction,133,2025-05-28,2025-05-28 00:00:00,2025-05-28 11:00:27.338000,Auction 4. Period CAP3 PL,T3PA,successful,PL,2072500.0,3870000.0,101.0,27.0,3.88,38317.0,148846.0,179624.0,129531.0,180400.0,1.87,26.0,16.0,True,,True,-0.1538461538439151,0.5192307692307693,True,-0.25,0.53125,True,49819.46153846153,0.5192307692307693,False,0.00268998793727393,0.005000691751619436,True,0.1683168316812953,0.504950495049505,True,-0.004615384615384688,0.005,True,0.6153846153846154,1.2067774747054003,1.3927168013834526,0.7915332951433632,0.8724294573276644,consistent-but-unverified:all N bidders,consistent-but-unverified:successful S bidders,unknown,unknown
emission-spot-primary-market-auction-report-2025-data.xlsx,Primary Market Auction,134,2025-05-27,2025-05-27 00:00:00,2025-05-27 11:01:14.701000,Auction 4. Period CAP3 EU,T3PA,successful,EU,3245500.0,4513000.0,102.0,50.0,4.86,44245.0,214905.0,284540.0,180306.0,264104.0,1.39,21.0,18.0,True,,True,0.23809523810632527,0.5238095238095238,True,0.4444444444379769,0.5277777777777778,True,25758.380952380947,0.5238095238095238,False,-0.0005407487290094437,0.005000368285466485,True,-0.09803921568527585,0.5049019607843137,True,0.0028571428571435575,0.005,True,0.8571428571428571,1.3240268956050347,1.4647543620289951,0.8433014119024896,0.9020921522367362,consistent-but-unverified:all N bidders,consistent-but-unverified:successful S bidders,unknown,unknown
emission-spot-primary-market-auction-report-2025-data.xlsx,Primary Market Auction,135,2025-05-23,2025-05-23 00:00:00,2025-05-23 11:01:10.624000,Auction 4. Period DE,T3PA,successful,DE,1607000.0,3569500.0,102.0,31.0,4.64,34995.0,162250.0,154847.0,107133.0,113430.0,2.22,22.0,15.0,True,,True,0.0,0.5227272727272727,True,-0.3333333333284827,0.5333333333333333,True,34087.545454545456,0.5227272727272727,False,-0.0012196639701302914,0.005001002246532383,True,-0.09803921568527585,0.5049019607843137,True,0.0036363636363629936,0.005,True,0.6818181818181818,0.9543728813559322,1.058777407521492,0.6700693651774117,0.722112315121278,consistent-but-unverified:all N bidders,consistent-but-unverified:successful S bidders,unknown,unknown
emission-spot-primary-market-auction-report-2025-data.xlsx,Primary Market Auction,136,2025-05-22,2025-05-22 00:00:00,2025-05-22 11:00:35.262000,Auction 4. Period CAP3 EU,T3PA,successful,EU,3245500.0,5589500.0,104.0,32.0,4.16,53745.0,223580.0,293183.0,190912.0,281746.0,1.72,25.0,17.0,True,,True,0.0,0.52,True,0.2352941176504828,0.5294117647058824,True,61092.0,0.52,False,-0.002230781081497435,0.005000419385463936,True,-0.19230769230489386,0.5048076923076923,True,0.0,0.005,True,0.68,1.3113113874228464,1.4757898927254443,0.8378150636359645,0.906559493679517,consistent-but-unverified:all N bidders,consistent-but-unverified:successful S bidders,unknown,unknown
emission-spot-primary-market-auction-report-2025-data.xlsx,Primary Market Auction,137,2025-05-20,2025-05-20 00:00:00,2025-05-20 11:00:22.737000,Auction 4. Period CAP3 EU,T3PA,successful,EU,3245500.0,4520000.0,110.0,47.0,4.78,41091.0,196522.0,276427.0,170816.0,272142.0,1.39,23.0,19.0,True,,True,0.2608695652161259,0.5217391304347826,True,0.21052631578641012,0.5263157894736842,True,29707.30434782608,0.5217391304347826,False,-0.002697581266368987,0.005000368617747008,True,0.09090909091173671,0.5045454545454545,True,-0.002608695652173587,0.005,True,0.8260869565217391,1.4065956992092488,1.5931879917572125,0.8782131759386566,0.9528880036420914,consistent-but-unverified:all N bidders,consistent-but-unverified:successful S bidders,unknown,unknown
emission-spot-primary-market-auction-report-2025-data.xlsx,Primary Market Auction,138,2025-05-19,2025-05-19 00:00:00,2025-05-19 11:00:27.399000,Auction 4. Period CAP3 EU,T3PA,successful,EU,3245500.0,4188000.0,103.0,48.0,4.29,40660.0,174500.0,234588.0,162275.0,238580.0,1.29,24.0,20.0,True,,True,0.0,0.5208333333333334,True,0.0,0.525,True,27045.833333333343,0.5208333333333334,False,-0.00040209520875045257,0.0050003528581565254,True,-0.1941747572782333,0.5048543689320388,True,-0.0016666666666669272,0.005,True,0.8333333333333334,1.3443438395415472,1.4702203050377445,0.8520055501811635,0.9043073389854606,consistent-but-unverified:all N bidders,consistent-but-unverified:successful S bidders,unknown,unknown
emission-spot-primary-market-auction-report-2025-data.xlsx,Primary Market Auction,139,2025-05-16,2025-05-16 00:00:00,2025-05-16 11:00:29.960000,Auction 4. Period DE,T3PA,successful,DE,1607000.0,3074000.0,89.0,34.0,4.45,34539.0,153700.0,148291.0,100438.0,133422.0,1.91,20.0,16.0,True,,True,0.0,0.525,True,0.5,0.53125,True,20088.0,0.525,False,-0.0028811449906658293,0.005000906310435645,True,-0.3258426966276602,0.5056179775280899,True,0.0,0.005,True,0.8,0.9648080676642811,1.328401600987674,0.6753945650617479,0.8451820240065461,consistent-but-unverified:all N bidders,consistent-but-unverified:successful S bidders,unknown,unknown
emission-spot-primary-market-auction-report-2025-data.xlsx,Primary Market Auction,140,2025-05-15,2025-05-15 00:00:00,2025-05-15 11:00:36.722000,Auction 4. Period CAP3 EU,T3PA,successful,EU,3245500.0,5552500.0,113.0,33.0,4.19,49137.0,205648.0,259720.0,170816.0,257998.0,1.71,27.0,19.0,True,,True,-0.1481481481459923,0.5185185185185185,True,0.21052631578641012,0.5263157894736842,True,50612.29629629629,0.5185185185185185,False,-0.0008303805268834452,0.005000417629124033,True,-0.1681415929197101,0.504424778761062,True,0.004814814814815271,0.005,True,0.7037037037037037,1.2629347234108768,1.5103854439865119,0.8166625210788868,0.9204363046952894,consistent-but-unverified:all N bidders,consistent-but-unverified:successful S bidders,unknown,unknown
emission-spot-primary-market-auction-report-2025-data.xlsx,Primary Market Auction,141,2025-05-14,2025-05-14 00:00:00,2025-05-14 11:00:17.564000,Auction 4. Period CAP3 PL,T3PA,successful,PL,2072500.0,3769500.0,111.0,29.0,4.27,33959.0,144981.0,182047.0,129531.0,180723.0,1.82,26.0,16.0,True,,True,0.23076923078042455,0.5192307692307693,True,-0.25,0.53125,True,49819.46153846153,0.5192307692307693,False,0.0011821471652593285,0.005000680052663844,True,-0.4594594594600494,0.5045045045045045,True,0.0007692307692304112,0.005,True,0.6153846153846154,1.255661086625144,1.3952104129513399,0.8134430947907457,0.8734710820983509,consistent-but-unverified:all N bidders,consistent-but-unverified:successful S bidders,unknown,unknown
emission-spot-primary-market-auction-report-2025-data.xlsx,Primary Market Auction,142,2025-05-13,2025-05-13 00:00:00,2025-05-13 11:00:34.342000,Auction 4. Period CAP3 EU,T3PA,successful,EU,3245500.0,4547000.0,99.0,49.0,4.3,45929.0,197696.0,299577.0,147523.0,282820.0,1.4,23.0,22.0,True,,True,0.3478260869451333,0.5217391304347826,True,0.27272727273521014,0.5227272727272727,True,6414.304347826081,0.5217391304347826,False,-0.00101679248189801,0.00500036989940045,True,-0.2929292929256917,0.5050505050505051,True,-0.004347826086956275,0.005,True,0.9565217391304348,1.5153417368080284,1.917124787321299,0.9224086737674589,1.0705984693059531,consistent-but-unverified:all N bidders,consistent-but-unverified:successful S bidders,unknown,unknown
emission-spot-primary-market-auction-report-2025-data.xlsx,Primary Market Auction,143,2025-05-12,2025-05-12 00:00:00,2025-05-12 11:00:31.701000,Auction 4. Period CAP3 EU,T3PA,successful,EU,3245500.0,5067000.0,101.0,35.0,4.21,50168.0,211125.0,258037.0,180306.0,237803.0,1.56,24.0,18.0,True,,True,0.0,0.5208333333333334,True,0.4444444444379769,0.5277777777777778,True,45076.83333333334,0.5208333333333334,False,-0.0012386381143121294,0.005000394583096385,True,-0.31683168316521915,0.504950495049505,True,0.0016666666666669272,0.005,True,0.75,1.2222001184132623,1.318885672135148,0.7984977494542708,0.841086756555777,consistent-but-unverified:all N bidders,consistent-but-unverified:successful S bidders,unknown,unknown
emission-spot-primary-market-auction-report-2025-data.xlsx,Primary Market Auction,144,2025-05-09,2025-05-09 00:00:00,2025-05-09 11:00:41.643000,Auction 4. Period DE,T3PA,successful,DE,1607000.0,3750500.0,100.0,13.0,3.85,37505.0,144250.0,166306.0,200875.0,198204.0,2.33,26.0,8.0,True,,True,0.0,0.5192307692307693,True,0.0,0.5625,True,139067.3076923077,0.5192307692307693,False,-0.0038518979464838843,0.005001037290797791,True,0.0,0.505,True,0.0038461538461538325,0.005,True,0.3076923076923077,1.1529012131715772,0.9867031736154325,0.7668163339907598,0.6864765682212347,consistent-but-unverified:all N bidders,consistent-but-unverified:successful S bidders,unknown,unknown
emission-spot-primary-market-auction-report-2025-data.xlsx,Primary Market Auction,145,2025-05-08,2025-05-08 00:00:00,2025-05-08 11:00:40.328000,Auction 4. Period CAP3 EU,T3PA,successful,EU,3245500.0,6226500.0,113.0,35.0,3.9,55102.0,214707.0,337956.0,154548.0,339088.0,1.92,29.0,21.0,True,,True,0.1034482758550439,0.5172413793103449,True,0.38095238094683737,0.5238095238095238,True,42634.206896551725,0.5172413793103449,False,0.0014974580187951947,0.005000449622991457,True,0.2300884955766378,0.504424778761062,True,0.0034482758620688614,0.005,True,0.7241379310344828,1.5740334502368343,2.194062686026348,0.9454741045195005,1.1612936757825554,consistent-but-unverified:all N bidders,consistent-but-unverified:successful S bidders,unknown,unknown
emission-spot-primary-market-auction-report-2025-data.xlsx,Primary Market Auction,146,2025-05-06,2025-05-06 00:00:00,2025-05-06 11:00:28.061000,Auction 4. Period CAP3 EU,T3PA,successful,EU,3245500.0,5433000.0,104.0,33.0,4.16,52240.0,217320.0,287835.0,202844.0,287948.0,1.67,25.0,16.0,True,,True,0.0,0.52,True,0.25,0.53125,True,73024.0,0.52,False,-0.004010167924819008,0.005000411956620833,True,-0.3846153846170637,0.5048076923076923,True,0.0,0.005,True,0.64,1.3244754279403645,1.4195539429315138,0.8434943911915177,0.8835832020766927,consistent-but-unverified:all N bidders,consistent-but-unverified:successful S bidders,unknown,unknown
emission-spot-primary-market-auction-report-2025-data.xlsx,Primary Market Auction,147,2025-05-05,2025-05-05 00:00:00,2025-05-05 11:01:05.213000,Auction 4. Period CAP3 EU,T3PA,successful,EU,3245500.0,5049000.0,111.0,43.0,4.83,45486.0,219522.0,236968.0,170816.0,238874.0,1.56,23.0,19.0,True,,True,0.2608695652161259,0.5217391304347826,True,0.21052631578641012,0.5263157894736842,True,29707.30434782608,0.5217391304347826,False,0.004307502696040633,0.005000393728660757,True,-0.48648648648668313,0.5045045045045045,True,0.003913043478260825,0.005,True,0.8260869565217391,1.0794726724428532,1.3984287186212065,0.7321143387068597,0.8748138223693935,consistent-but-unverified:all N bidders,consistent-but-unverified:successful S bidders,unknown,unknown
emission-spot-primary-market-auction-report-2025-data.xlsx,Primary Market Auction,148,2025-04-30,2025-04-30 00:00:00,2025-04-30 11:00:21.323000,Auction 4. Period CAP3 PL,T3PA,successful,PL,2072500.0,3129000.0,87.0,23.0,3.63,35966.0,130375.0,232614.0,159423.0,307614.0,1.51,24.0,13.0,True,,True,0.0,0.5208333333333334,True,-0.07692307693650946,0.5384615384615384,True,73068.83333333333,0.5208333333333334,False,0.00022919179734626205,0.005000605493648358,True,0.4827586206884007,0.5057471264367817,True,0.004999999999999893,0.005,True,0.5416666666666666,1.7841917545541706,1.9295459249920024,1.0239576174544651,1.074847436613742,consistent-but-unverified:all N bidders,consistent-but-unverified:successful S bidders,unknown,unknown
emission-spot-primary-market-auction-report-2025-data.xlsx,Primary Market Auction,149,2025-04-29,2025-04-29 00:00:00,2025-04-29 11:00:29.322000,Auction 4. Period CAP3 EU,T3PA,successful,EU,3245500.0,4701500.0,110.0,38.0,4.07,42741.0,174130.0,252889.0,180306.0,268841.0,1.45,27.0,18.0,True,,True,0.37037037036498077,0.5185185185185185,True,0.4444444444379769,0.5277777777777778,True,60102.29629629629,0.5185185185185185,False,0.001378832229240512,0.005000377233306262,True,0.09090909091173671,0.5045454545454545,True,-0.004074074074074119,0.005,True,0.6666666666666666,1.452300005742836,1.491026366288421,0.8970263620345134,0.9126948208440271,consistent-but-unverified:all N bidders,consistent-but-unverified:successful S bidders,unknown,unknown
emission-spot-primary-market-auction-report-2025-data.xlsx,Primary Market Auction,150,2025-04-28,2025-04-28 00:00:00,2025-04-28 11:00:55.615000,Auction 4. Period CAP3 EU,T3PA,successful,EU,3245500.0,5156500.0,119.0,37.0,4.1,43332.0,177810.0,286446.0,170816.0,308677.0,1.59,29.0,19.0,True,,True,-0.34482758620288223,0.5172413793103449,True,0.21052631578641012,0.5263157894736842,True,58902.206896551725,0.5172413793103449,False,0.001184717300878324,0.005000398831540205,True,0.06722689075832022,0.5042016806722689,True,-0.0034482758620697496,0.005,True,0.6551724137931034,1.6109667622743378,1.8070731079055826,0.959720559752526,1.0321423418947282,consistent-but-unverified:all N bidders,consistent-but-unverified:successful S bidders,unknown,unknown
emission-spot-primary-market-auction-report-2025-data.xlsx,Primary Market Auction,151,2025-04-25,2025-04-25 00:00:00,2025-04-25 11:00:24.352000,Auction 4. Period DE,T3PA,successful,DE,1607000.0,3866500.0,87.0,13.0,3.95,44443.0,175750.0,168228.0,200875.0,157008.0,2.41,22.0,8.0,True,,True,0.0,0.5227272727272727,True,0.0,0.5625,True,127829.54545454546,0.5227272727272727,False,0.003963907902925001,0.005001059750106008,True,0.47126436781400116,0.5057471264367817,True,-0.004545454545454408,0.005,True,0.36363636363636365,0.9572005689900427,0.7816204107031736,0.6715151711491405,0.5775232932846951,consistent-but-unverified:all N bidders,consistent-but-unverified:successful S bidders,unknown,unknown
emission-spot-primary-market-auction-report-2025-data.xlsx,Primary Market Auction,152,2025-04-24,2025-04-24 00:00:00,2025-04-24 11:00:29.502000,Auction 4. Period CAP3 EU,T3PA,successful,EU,3245500.0,5126000.0,105.0,46.0,3.75,48819.0,183071.0,217658.0,129820.0,185508.0,1.58,28.0,25.0,True,,True,-0.42857142857974395,0.5178571428571429,True,0.0,0.52,True,13909.28571428571,0.5178571428571429,False,0.0005823447850870078,0.005000397383746502,True,-0.04761904761835467,0.5047619047619047,True,0.0,0.005,True,0.8928571428571429,1.1889267005697244,1.4289631797873978,0.7834113326304785,0.8874644913161753,consistent-but-unverified:all N bidders,consistent-but-unverified:successful S bidders,unknown,unknown
emission-spot-primary-market-auction-report-2025-data.xlsx,Primary Market Auction,153,2025-04-22,2025-04-22 00:00:00,2025-04-22 11:00:45.251000,Auction 4. Period CAP3 EU,T3PA,successful,EU,3245500.0,4901000.0,94.0,39.0,4.27,52138.0,222773.0,247702.0,180306.0,244338.0,1.51,22.0,18.0,True,,True,0.27272727273521014,0.5227272727272727,True,0.4444444444379769,0.5277777777777778,True,32783.272727272735,0.5227272727272727,False,-9.089508550297332e-05,0.005000386703301145,True,-0.297872340423055,0.5053191489361702,True,-0.0027272727272729114,0.005,True,0.8181818181818182,1.111903148047564,1.3551296129912482,0.7475895068604833,0.8565957633174683,consistent-but-unverified:all N bidders,consistent-but-unverified:successful S bidders,unknown,unknown
emission-spot-primary-market-auction-report-2025-data.xlsx,Primary Market Auction,154,2025-04-17,2025-04-17 00:00:00,2025-04-17 11:00:17.351000,Auction 4. Period CAP3 EU,T3PA,successful,EU,3245500.0,4881500.0,89.0,52.0,3.87,54848.0,212239.0,228326.0,162275.0,204611.0,1.5,23.0,20.0,True,,True,-0.13043478262261488,0.5217391304347826,True,0.0,0.525,True,21166.30434782608,0.5217391304347826,False,-0.0040825758742875085,0.005000385777662548,True,-0.31460674157278845,0.5056179775280899,True,0.0004347826086958939,0.005,True,0.8695652173913043,1.0757966255023816,1.2608904637189955,0.7303449959105695,0.8157587461775734,consistent-but-unverified:all N bidders,consistent-but-unverified:successful S bidders,unknown,unknown
emission-spot-primary-market-auction-report-2025-data.xlsx,Primary Market Auction,155,2025-04-16,2025-04-16 00:00:00,2025-04-16 11:00:32.539000,Auction 4. Period CAP3 PL,T3PA,successful,PL,2072500.0,3567500.0,89.0,29.0,4.05,40084.0,162159.0,149804.0,138167.0,132081.0,1.72,22.0,15.0,True,,True,-0.09090909091173671,0.5227272727272727,True,0.3333333333430346,0.5333333333333333,True,43962.454545454544,0.5227272727272727,False,-0.001351025331725042,0.005000656538345143,True,-0.26966292134602554,0.5056179775280899,True,0.004545454545453964,0.005,True,0.6818181818181818,0.9238093476156118,0.955951855363437,0.654307255657733,0.6708769574873268,consistent-but-unverified:all N bidders,consistent-but-unverified:successful S bidders,unknown,unknown
emission-spot-primary-market-auction-report-2025-data.xlsx,Primary Market Auction,156,2025-04-15,2025-04-15 00:00:00,2025-04-15 11:00:28.347000,Auction 4. Period CAP3 EU,T3PA,successful,EU,3245500.0,4743000.0,94.0,43.0,4.09,50457.0,206217.0,217927.0,154548.0,187533.0,1.46,23.0,21.0,True,,True,-0.3913043478387408,0.5217391304347826,True,0.38095238094683737,0.5238095238095238,True,13439.30434782608,0.5217391304347826,False,-0.0014081035279618348,0.005000379203255073,True,-0.44680851064185845,0.5053191489361702,True,0.003043478260869037,0.005,True,0.9130434782608695,1.0567848431506617,1.213428837642674,0.7211440078013275,0.794542823426671,consistent-but-unverified:all N bidders,consistent-but-unverified:successful S bidders,unknown,unknown
emission-spot-primary-market-auction-report-2025-data.xlsx,Primary Market Auction,157,2025-04-14,2025-04-14 00:00:00,2025-04-14 11:00:46.295000,Auction 4. Period CAP3 EU,T3PA,successful,EU,3245500.0,5148500.0,110.0,40.0,3.79,46805.0,177534.0,227160.0,147523.0,209767.0,1.59,29.0,22.0,True,,True,-0.48275862069567665,0.5172413793103449,True,0.27272727273521014,0.5227272727272727,True,35609.206896551725,0.5172413793103449,False,0.0036496687721461196,0.005000398451791037,True,0.45454545454413164,0.5045454545454545,True,-0.003103448275862064,0.005,True,0.7586206896551724,1.2795295549021597,1.421927428265423,0.8239690861070089,0.8845636811251811,consistent-but-unverified:all N bidders,consistent-but-unverified:successful S bidders,unknown,unknown
emission-spot-primary-market-auction-report-2025-data.xlsx,Primary Market Auction,158,2025-04-11,2025-04-11 00:00:00,2025-04-11 11:00:31.317000,Auction 4. Period DE,T3PA,successful,DE,1607000.0,3480000.0,87.0,22.0,3.48,40000.0,139200.0,179760.0,114786.0,187213.0,2.17,25.0,14.0,True,,True,0.0,0.52,True,0.285714285710128,0.5357142857142857,True,50506.0,0.52,False,0.004474175482264808,0.005000984918014405,True,0.0,0.5057471264367817,True,0.0,0.005,True,0.56,1.2913793103448277,1.6309741606119212,0.8291539551727803,0.96735418088181,consistent-but-unverified:all N bidders,consistent-but-unverified:successful S bidders,unknown,unknown
emission-spot-primary-market-auction-report-2025-data.xlsx,Primary Market Auction,159,2025-04-10,2025-04-10 00:00:00,2025-04-10 11:00:31.122000,Auction 4. Period CAP3 EU,T3PA,successful,EU,3245500.0,4313500.0,83.0,53.0,3.77,51970.0,196068.0,249203.0,154548.0,223094.0,1.33,22.0,21.0,True,,True,-0.18181818182347342,0.5227272727272727,True,0.38095238094683737,0.5238095238095238,True,7025.272727272735,0.5227272727272727,False,0.0009289785857342636,0.0050003588154716025,True,0.12048192771180766,0.5060240963855421,True,-0.0027272727272729114,0.005,True,0.9545454545454546,1.2710029173552033,1.4435256360483475,0.8202215477351913,0.8934419292009056,consistent-but-unverified:all N bidders,consistent-but-unverified:successful S bidders,unknown,unknown
emission-spot-primary-market-auction-report-2025-data.xlsx,Primary Market Auction,160,2025-04-08,2025-04-08 00:00:00,2025-04-08 11:00:57.581000,Auction 4. Period CAP3 EU,T3PA,successful,EU,3245500.0,5272500.0,104.0,40.0,4.0,50697.0,202788.0,196620.0,154548.0,167153.0,1.62,26.0,21.0,True,,True,-0.46153846153174527,0.5192307692307693,True,0.38095238094683737,0.5238095238095238,True,29721.076923076922,0.5192307692307693,False,-0.004557079032506461,0.005000404337903145,True,-0.11538461538293632,0.5048076923076923,True,0.0,0.005,True,0.8076923076923077,0.9695839990531984,1.0815604213577659,0.6778223524574968,0.7331178150277831,consistent-but-unverified:all N bidders,consistent-but-unverified:successful S bidders,unknown,unknown
emission-spot-primary-market-auction-report-2025-data.xlsx,Primary Market Auction,161,2025-04-07,2025-04-07 00:00:00,2025-04-07 11:00:23.009000,Auction 4. Period CAP3 EU,T3PA,successful,EU,3245500.0,5313500.0,98.0,47.0,3.92,54219.0,212540.0,276880.0,147523.0,237280.0,1.64,25.0,22.0,True,,True,0.0,0.52,True,0.27272727273521014,0.5227272727272727,True,17703.0,0.52,False,0.002810044677245216,0.005000406284117632,True,-0.3877551020414103,0.5051020408163265,True,0.0,0.005,True,0.88,1.3027194880963584,1.6084271605105644,0.834090810595995,0.958747419191855,consistent-but-unverified:all N bidders,consistent-but-unverified:successful S bidders,unknown,unknown
emission-spot-primary-market-auction-report-2025-data.xlsx,Primary Market Auction,162,2025-04-04,2025-04-04 00:00:00,2025-04-04 11:00:18.644000,Auction 4. Period DE,T3PA,successful,DE,1607000.0,3117500.0,91.0,34.0,3.79,34258.0,129896.0,154333.0,80350.0,123233.0,1.94,24.0,20.0,True,,True,0.1666666666715173,0.5208333333333334,True,0.0,0.525,True,13391.666666666672,0.5208333333333334,False,4.978220286244728e-05,0.0050009147326762265,True,-0.2417582417547237,0.5054945054945055,True,-0.0016666666666664831,0.005,True,0.8333333333333334,1.1881274250169367,1.5337025513378968,0.7830461209887035,0.929681691953728,consistent-but-unverified:all N bidders,consistent-but-unverified:successful S bidders,unknown,unknown
emission-spot-primary-market-auction-report-2025-data.xlsx,Primary Market Auction,163,2025-04-03,2025-04-03 00:00:00,2025-04-03 11:00:32.760000,Auction 4. Period CAP3 EU,T3PA,successful,EU,3245500.0,5902500.0,113.0,34.0,3.9,52235.0,203534.0,283384.0,180306.0,301094.0,1.82,29.0,18.0,True,,True,-0.48275862069567665,0.5172413793103449,True,0.4444444444379769,0.5277777777777778,True,68392.20689655172,0.5172413793103449,False,0.0013279926051457114,0.005000434243150143,True,0.4867256637153332,0.504424778761062,True,0.0034482758620688614,0.005,True,0.6206896551724138,1.3923177454381086,1.6699056049160872,0.8722626639879866,0.9820431178231798,consistent-but-unverified:all N bidders,consistent-but-unverified:successful S bidders,unknown,unknown
emission-spot-primary-market-auction-report-2025-data.xlsx,Primary Market Auction,164,2025-04-02,2025-04-02 00:00:00,2025-04-02 11:00:20.377000,Auction 4. Period CAP3 PL,T3PA,successful,PL,2072500.0,4254500.0,103.0,26.0,3.96,41306.0,163635.0,152556.0,138167.0,135483.0,2.05,26.0,15.0,True,,True,0.38461538462433964,0.5192307692307693,True,0.3333333333430346,0.5333333333333333,True,58455.46153846153,0.5192307692307693,False,-0.0028347406513873352,0.005000736510310231,True,0.17475728155113757,0.5048543689320388,True,-0.0015384615384617106,0.005,True,0.5769230769230769,0.9322944357869649,0.9805742326315257,0.6587081236543606,0.6833868191403621,consistent-but-unverified:all N bidders,consistent-but-unverified:successful S bidders,unknown,unknown
emission-spot-primary-market-auction-report-2025-data.xlsx,Primary Market Auction,165,2025-04-01,2025-04-01 00:00:00,2025-04-01 11:00:26.187000,Auction 4. Period CAP3 EU,T3PA,successful,EU,3245500.0,5031000.0,112.0,38.0,4.87,44920.0,218739.0,223937.0,170816.0,195668.0,1.55,23.0,19.0,True,,True,-0.13043478262261488,0.5217391304347826,True,0.21052631578641012,0.5263157894736842,True,29707.30434782608,0.5217391304347826,False,-0.00014635649360639214,0.005000392874225128,True,0.357142857144936,0.5044642857142857,True,0.0004347826086954498,0.005,True,0.8260869565217391,1.0237634806778855,1.1454898838516299,0.7049588872242781,0.7633679103843203,consistent-but-unverified:all N bidders,consistent-but-unverified:successful S bidders,unknown,unknown
emission-spot-primary-market-auction-report-2025-data.xlsx,Primary Market Auction,166,2025-03-31,2025-03-31 00:00:00,2025-03-31 11:00:29.174000,Auction 4. Period CAP3 EU,T3PA,successful,EU,3246500.0,5321000.0,89.0,33.0,3.56,59787.0,212840.0,322374.0,162325.0,296279.0,1.64,25.0,20.0,True,,True,0.0,0.52,True,0.0,0.525,True,32465.0,0.52,False,0.0010041583243491914,0.0050004064371005855,True,0.4831460674176924,0.5056179775280899,True,0.0,0.005,True,0.8,1.5146307085134374,1.8252210072385646,0.9221259571891649,1.0385865941892092,consistent-but-unverified:all N bidders,consistent-but-unverified:successful S bidders,unknown,unknown
emission-spot-primary-market-auction-report-2025-data.xlsx,Primary Market Auction,167,2025-03-28,2025-03-28 00:00:00,2025-03-28 11:00:34.759000,Auction 4. Period DE,T3PA,successful,DE,1607000.0,3993000.0,92.0,23.0,4.18,43402.0,181500.0,166991.0,123615.0,155149.0,2.48,22.0,13.0,True,,True,0.0,0.5227272727272727,True,-0.3846153846097877,0.5384615384615384,True,50569.545454545456,0.5227272727272727,False,-0.004754200373366491,0.005001084242368848,True,-0.1739130434798426,0.5054347826086957,True,-0.001818181818181941,0.005,True,0.5909090909090909,0.920060606060606,1.2550984912834202,0.652356751198071,0.8131936488449248,consistent-but-unverified:all N bidders,consistent-but-unverified:successful S bidders,unknown,unknown
emission-spot-primary-market-auction-report-2025-data.xlsx,Primary Market Auction,168,2025-03-27,2025-03-27 00:00:00,2025-03-27 11:00:29.172000,Auction 4. Period CAP3 EU,T3PA,successful,EU,3245500.0,4996000.0,96.0,37.0,4.0,52042.0,208167.0,305088.0,154548.0,270218.0,1.54,24.0,21.0,True,,True,0.3333333333430346,0.5208333333333334,True,0.38095238094683737,0.5238095238095238,True,19318.833333333343,0.5208333333333334,False,0.0006378061931906487,0.005000391212822517,True,0.33333333333575865,0.5052083333333334,True,0.0,0.005,True,0.875,1.4655925290752136,1.7484406139193,0.902432155515534,1.0110337013612272,consistent-but-unverified:all N bidders,consistent-but-unverified:successful S bidders,unknown,unknown
emission-spot-primary-market-auction-report-2025-data.xlsx,Primary Market Auction,169,2025-03-25,2025-03-25 00:00:00,2025-03-25 11:00:33.592000,Auction 4. Period CAP3 EU,T3PA,successful,EU,3245500.0,4853500.0,93.0,34.0,4.04,52188.0,211022.0,234433.0,170816.0,224930.0,1.5,23.0,19.0,True,,True,0.2608695652161259,0.5217391304347826,True,0.21052631578641012,0.5263157894736842,True,29707.30434782608,0.5217391304347826,False,0.00454475427515022,0.005000384448540458,True,-0.1720430107525317,0.5053763440860215,True,-0.003478260869565375,0.005,True,0.8260869565217391,1.1109410393229142,1.3167970213563132,0.7471338382643393,0.8401856375369529,consistent-but-unverified:all N bidders,consistent-but-unverified:successful S bidders,unknown,unknown
emission-spot-primary-market-auction-report-2025-data.xlsx,Primary Market Auction,170,2025-03-24,2025-03-24 00:00:00,2025-03-24 11:00:21.578000,Auction 4. Period CAP3 EU,T3PA,successful,EU,3245500.0,5332500.0,109.0,32.0,4.36,48922.0,213300.0,246124.0,190912.0,246290.0,1.64,25.0,17.0,True,,True,0.0,0.52,True,0.2352941176504828,0.5294117647058824,True,61092.0,0.52,False,-0.0030442150670160206,0.005000407186021906,True,-0.018348623852944,0.5045871559633027,True,0.0,0.005,True,0.68,1.1538865447726208,1.290070817968488,0.7672739054679786,0.8285827419650532,consistent-but-unverified:all N bidders,consistent-but-unverified:successful S bidders,unknown,unknown
emission-spot-primary-market-auction-report-2025-data.xlsx,Primary Market Auction,171,2025-03-21,2025-03-21 00:00:00,2025-03-21 11:00:21.151000,Auction 4. Period DE,T3PA,successful,DE,1607000.0,3446000.0,101.0,26.0,3.88,34119.0,132538.0,164209.0,100438.0,173111.0,2.14,26.0,16.0,True,,True,-0.46153846153174527,0.5192307692307693,True,0.5,0.53125,True,38630.307692307695,0.5192307692307693,False,-0.004368388301182247,0.00500097833511372,True,0.18811881187866675,0.504950495049505,True,-0.004615384615384688,0.005,True,0.6153846153846154,1.238957883776728,1.7235608036798822,0.8060105271568653,1.0019401431587038,consistent-but-unverified:all N bidders,consistent-but-unverified:successful S bidders,unknown,unknown
emission-spot-primary-market-auction-report-2025-data.xlsx,Primary Market Auction,172,2025-03-20,2025-03-20 00:00:00,2025-03-20 11:00:23.810000,Auction 4. Period CAP3 EU,T3PA,successful,EU,3245500.0,4369000.0,97.0,61.0,3.88,45041.0,174760.0,206435.0,141109.0,187199.0,1.35,25.0,23.0,True,,True,0.0,0.52,True,0.3043478260806296,0.5217391304347826,True,11289.0,0.52,False,0.0038283777538130614,0.0050003614499814575,True,-0.23711340206500608,0.5051546391752577,True,0.0,0.005,True,0.92,1.1812485694666972,1.3266269337887733,0.7798974511364986,0.8444195507922059,consistent-but-unverified:all N bidders,consistent-but-unverified:successful S bidders,unknown,unknown
emission-spot-primary-market-auction-report-2025-data.xlsx,Primary Market Auction,173,2025-03-19,2025-03-19 00:00:00,2025-03-19 11:00:35.793000,Auction 4. Period CAP3 PL,T3PA,successful,PL,2072500.0,4095000.0,89.0,23.0,3.87,46011.0,178043.0,220864.0,129531.0,232606.0,1.98,23.0,16.0,True,,True,-0.47826086956774816,0.5217391304347826,True,-0.25,0.53125,True,39422.30434782608,0.5217391304347826,False,0.004125452352231607,0.005000717943311059,True,-0.23595505618141033,0.5056179775280899,True,0.0004347826086958939,0.005,True,0.6956521739130435,1.2405093151654376,1.7957554562228346,0.8067032128633748,1.0281023585375386,consistent-but-unverified:all N bidders,consistent-but-unverified:successful S bidders,unknown,unknown
emission-spot-primary-market-auction-report-2025-data.xlsx,Primary Market Auction,174,2025-03-18,2025-03-18 00:00:00,2025-03-18 11:00:37.134000,Auction 4. Period CAP3 EU,T3PA,successful,EU,3245500.0,5321500.0,111.0,33.0,3.83,47941.0,183500.0,200885.0,170816.0,179241.0,1.64,29.0,19.0,True,,True,0.0,0.5172413793103449,True,0.21052631578641012,0.5263157894736842,True,58902.206896551725,0.5172413793103449,False,0.0003450932059774203,0.0050004066638668,True,-0.4414414414422936,0.5045045045045045,True,0.0024137931034484694,0.005,True,0.6551724137931034,1.094741144414169,1.0493220775571375,0.739429986987903,0.7175090445844726,consistent-but-unverified:all N bidders,consistent-but-unverified:successful S bidders,unknown,unknown
emission-spot-primary-market-auction-report-2025-data.xlsx,Primary Market Auction,175,2025-03-17,2025-03-17 00:00:00,2025-03-17 11:00:29.136000,Auction 4. Period CAP3 EU,T3PA,successful,EU,3245500.0,5154000.0,113.0,44.0,4.35,45611.0,198231.0,248449.0,147523.0,236706.0,1.59,26.0,22.0,True,,True,0.23076923078042455,0.5192307692307693,True,0.27272727273521014,0.5227272727272727,True,22696.076923076922,0.5192307692307693,False,0.00195501463564951,0.00500039871286859,True,0.3805309734525508,0.504424778761062,True,0.0038461538461538325,0.005,True,0.8461538461538461,1.2533307101311097,1.6045362418063625,0.8124094372430868,0.9572546331788093,consistent-but-unverified:all N bidders,consistent-but-unverified:successful S bidders,unknown,unknown
emission-spot-primary-market-auction-report-2025-data.xlsx,Primary Market Auction,176,2025-03-14,2025-03-14 00:00:00,2025-03-14 11:01:04.320000,Auction 4. Period DE,T3PA,successful,DE,1607000.0,3523500.0,101.0,34.0,4.39,34886.0,153196.0,140057.0,89278.0,107229.0,2.19,23.0,18.0,True,,True,0.3478260869451333,0.5217391304347826,True,0.22222222221898846,0.5277777777777778,True,19408.43478260869,0.5217391304347826,False,-0.002594897324206702,0.005000993340254986,True,-0.1386138613888761,0.504950495049505,True,-0.0013043478260872376,0.005,True,0.782608695652174,0.9142340531084363,1.2010685723246488,0.6493175703552317,0.7889429571360933,consistent-but-unverified:all N bidders,consistent-but-unverified:successful S bidders,unknown,unknown
emission-spot-primary-market-auction-report-2025-data.xlsx,Primary Market Auction,177,2025-03-13,2025-03-13 00:00:00,2025-03-13 11:00:25.197000,Auction 4. Period CAP3 EU,T3PA,successful,EU,3245500.0,5881500.0,104.0,30.0,3.71,56553.0,210054.0,320097.0,154548.0,291809.0,1.81,28.0,21.0,True,,True,0.42857142857974395,0.5178571428571429,True,0.38095238094683737,0.5238095238095238,True,38637.28571428571,0.5178571428571429,False,-0.002201509782776112,0.005000433246308576,True,0.11538461538293632,0.5048076923076923,True,-0.004285714285714448,0.005,True,0.75,1.523879573823874,1.8881447834976837,0.9257972311095808,1.0606143525640301,consistent-but-unverified:all N bidders,consistent-but-unverified:successful S bidders,unknown,unknown
emission-spot-primary-market-auction-report-2025-data.xlsx,Primary Market Auction,178,2025-03-11,2025-03-11 00:00:00,2025-03-11 11:00:19.043000,Auction 4. Period CAP3 EU,T3PA,successful,EU,3245500.0,4688000.0,102.0,46.0,4.64,45961.0,213091.0,287792.0,154548.0,271291.0,1.44,22.0,21.0,True,,True,0.09090909091173671,0.5227272727272727,True,0.38095238094683737,0.5238095238095238,True,7025.272727272735,0.5227272727272727,False,-0.00446156216299487,0.00500037659247954,True,0.21568627451051725,0.5049019607843137,True,0.0036363636363629936,0.005,True,0.9545454545454546,1.3505591507853452,1.7553834407433289,0.8546532363580691,1.0135566128633802,consistent-but-unverified:all N bidders,consistent-but-unverified:successful S bidders,unknown,unknown
emission-spot-primary-market-auction-report-2025-data.xlsx,Primary Market Auction,179,2025-03-10,2025-03-10 00:00:00,2025-03-10 11:00:49.943000,Auction 4. Period CAP3 EU,T3PA,successful,EU,3245500.0,4662500.0,90.0,45.0,3.21,51806.0,166518.0,191949.0,129820.0,154464.0,1.44,28.0,25.0,True,,True,0.14285714286961593,0.5178571428571429,True,0.0,0.52,True,13909.28571428571,0.5178571428571429,False,0.0033954706516714506,0.005000375382029067,True,0.4444444444452529,0.5055555555555555,True,-0.004285714285714448,0.005,True,0.8928571428571429,1.152722228227579,1.1898320751810199,0.7667331939082433,0.783824862888967,consistent-but-unverified:all N bidders,consistent-but-unverified:successful S bidders,unknown,unknown
emission-spot-primary-market-auction-report-2025-data.xlsx,Primary Market Auction,180,2025-03-07,2025-03-07 00:00:00,2025-03-07 11:00:23.340000,Auction 4. Period DE,T3PA,successful,DE,1607000.0,3894000.0,98.0,16.0,4.08,39735.0,162250.0,148754.0,178556.0,188164.0,2.42,24.0,9.0,True,,True,0.0,0.5208333333333334,True,0.4444444444379769,0.5555555555555556,True,111597.66666666667,0.5208333333333334,False,-0.003148724331051511,0.005001065074510973,True,0.30612244897929486,0.5051020408163265,True,-0.0033333333333329662,0.005,True,0.375,0.9168197226502312,1.0538094491364054,0.6506674182486578,0.7196963365779816,consistent-but-unverified:all N bidders,consistent-but-unverified:successful S bidders,unknown,unknown
emission-spot-primary-market-auction-report-2025-data.xlsx,Primary Market Auction,181,2025-03-06,2025-03-06 00:00:00,2025-03-06 11:00:31.648000,Auction 4. Period CAP3 EU,T3PA,successful,EU,3245500.0,4974000.0,112.0,47.0,4.0,44411.0,177643.0,204423.0,124827.0,165486.0,1.53,28.0,26.0,True,,True,0.14285714286961593,0.5178571428571429,True,0.07692307692195754,0.5192307692307693,True,8916.28571428571,0.5178571428571429,False,-0.0025835772608227003,0.005000390168512305,True,0.285714285717404,0.5044642857142857,True,0.0,0.005,True,0.9285714285714286,1.150751788699808,1.3257228003556922,0.7658174501822586,0.844030872598979,consistent-but-unverified:all N bidders,consistent-but-unverified:successful S bidders,unknown,unknown
emission-spot-primary-market-auction-report-2025-data.xlsx,Primary Market Auction,182,2025-03-05,2025-03-05 00:00:00,2025-03-05 11:00:29.747000,Auction 4. Period CAP3 PL,T3PA,successful,PL,2072500.0,5123000.0,102.0,18.0,3.92,50225.0,197038.0,180650.0,172708.0,175773.0,2.47,26.0,12.0,True,,True,-0.46153846153174527,0.5192307692307693,True,-0.3333333333430346,0.5416666666666666,True,92996.46153846153,0.5192307692307693,False,-0.0018938480096499788,0.005000837610239895,True,-0.4901960784336552,0.5049019607843137,True,-0.003076923076922977,0.005,True,0.46153846153846156,0.9168282260274668,1.0177467170021075,0.6506718544292094,0.7019814021622216,consistent-but-unverified:all N bidders,consistent-but-unverified:successful S bidders,unknown,unknown
emission-spot-primary-market-auction-report-2025-data.xlsx,Primary Market Auction,183,2025-03-04,2025-03-04 00:00:00,2025-03-04 11:00:23.385000,Auction 4. Period CAP3 EU,T3PA,successful,EU,3245500.0,5395500.0,107.0,47.0,4.28,50425.0,215820.0,192453.0,135229.0,149162.0,1.66,25.0,24.0,True,,True,0.0,0.52,True,-0.1666666666569654,0.5208333333333334,True,5409.0,0.52,False,-0.002455707903250781,0.005000410176546607,True,-0.2336448598143761,0.5046728971962616,True,0.0,0.005,True,0.96,0.891729218793439,1.103032633532748,0.6374913413562288,0.7433804142096514,consistent-but-unverified:all N bidders,consistent-but-unverified:successful S bidders,unknown,unknown
emission-spot-primary-market-auction-report-2025-data.xlsx,Primary Market Auction,184,2025-03-03,2025-03-03 00:00:00,2025-03-03 11:00:38.074000,Auction 4. Period CAP3 EU,T3PA,successful,EU,3245500.0,5154500.0,111.0,30.0,3.96,46437.0,184089.0,215730.0,162275.0,195627.0,1.59,28.0,20.0,True,,True,-0.285714285710128,0.5178571428571429,True,0.0,0.525,True,46364.28571428571,0.5178571428571429,False,0.001800955168695273,0.005000398736602913,True,0.06306306306214537,0.5045045045045045,True,-0.004285714285714448,0.005,True,0.7142857142857143,1.171878819484054,1.2055276536743182,0.7755926083808365,0.7909667789899496,consistent-but-unverified:all N bidders,consistent-but-unverified:successful S bidders,unknown,unknown
emission-spot-primary-market-auction-report-2025-data.xlsx,Primary Market Auction,185,2025-02-28,2025-02-28 00:00:00,2025-02-28 11:00:30.756000,Auction 4. Period DE,T3PA,successful,DE,1607000.0,4172000.0,100.0,21.0,3.45,41720.0,143862.0,143595.0,107133.0,132856.0,2.6,29.0,15.0,True,,True,-0.06896551724639721,0.5172413793103449,True,-0.3333333333284827,0.5333333333333333,True,51719.206896551725,0.5172413793103449,False,0.0038581207218419955,0.005001118899404804,True,0.0,0.505,True,0.0017241379310348748,0.005,True,0.5172413793103449,0.9981440547191058,1.2401034228482353,0.6922187770863326,0.8065220357154954,consistent-but-unverified:all N bidders,consistent-but-unverified:successful S bidders,unknown,unknown
emission-spot-primary-market-auction-report-2025-data.xlsx,Primary Market Auction,186,2025-02-27,2025-02-27 00:00:00,2025-02-27 11:00:26.165000,Auction 4. Period CAP3 EU,T3PA,successful,EU,3245500.0,6506500.0,113.0,36.0,3.77,57580.0,216883.0,347576.0,141109.0,235438.0,2.0,30.0,23.0,True,,True,-0.3333333333430346,0.5166666666666667,True,0.3043478260806296,0.5217391304347826,True,32925.66666666667,0.5166666666666667,False,-0.004775843475581354,0.005000462914212345,True,0.35398230088321725,0.504424778761062,True,0.0033333333333334103,0.005,True,0.7666666666666667,1.6025967918186304,1.6684832292766585,0.956509712676532,0.9815102320715923,consistent-but-unverified:all N bidders,consistent-but-unverified:successful S bidders,unknown,unknown
emission-spot-primary-market-auction-report-2025-data.xlsx,Primary Market Auction,187,2025-02-25,2025-02-25 00:00:00,2025-02-25 11:00:31.318000,Auction 4. Period CAP3 EU,T3PA,successful,EU,3245500.0,5571500.0,99.0,36.0,3.54,56278.0,198982.0,204849.0,141109.0,176288.0,1.72,28.0,23.0,True,,True,-0.14285714286961593,0.5178571428571429,True,0.3043478260806296,0.5217391304347826,True,25198.28571428571,0.5178571428571429,False,0.003315359728855327,0.005000418531028308,True,0.22222222221898846,0.5050505050505051,True,0.004285714285714448,0.005,True,0.8214285714285714,1.0294850790523766,1.2493037297408387,0.7077821052384398,0.810620714877214,consistent-but-unverified:all N bidders,consistent-but-unverified:successful S bidders,unknown,unknown
emission-spot-primary-market-auction-report-2025-data.xlsx,Primary Market Auction,188,2025-02-24,2025-02-24 00:00:00,2025-02-24 11:00:20.755000,Auction 4. Period CAP3 EU,T3PA,successful,EU,3245500.0,4785500.0,90.0,39.0,3.6,53172.0,191420.0,223524.0,141109.0,198122.0,1.47,25.0,23.0,True,,True,0.0,0.52,True,0.3043478260806296,0.5217391304347826,True,11289.0,0.52,False,-0.004503158219072656,0.005000381220672529,True,-0.22222222221898846,0.5055555555555555,True,0.0,0.005,True,0.92,1.1677149723121931,1.4040351784790481,0.7736736045987134,0.8771486498766474,consistent-but-unverified:all N bidders,consistent-but-unverified:successful S bidders,unknown,unknown
emission-spot-primary-market-auction-report-2025-data.xlsx,Primary Market Auction,189,2025-02-21,2025-02-21 00:00:00,2025-02-21 11:00:48.534000,Auction 4. Period DE,T3PA,successful,DE,1607000.0,3402000.0,81.0,18.0,3.52,42000.0,147913.0,144521.0,107133.0,123564.0,2.12,23.0,15.0,True,,True,-0.04347826086450368,0.5217391304347826,True,-0.3333333333284827,0.5333333333333333,True,37263.43478260869,0.5217391304347826,False,0.0030118232731797256,0.005000969816065777,True,0.0,0.5061728395061729,True,-0.0017391304347826875,0.005,True,0.6521739130434783,0.9770676005489713,1.1533701100501246,0.6816147371036281,0.767034107951203,consistent-but-unverified:all N bidders,consistent-but-unverified:successful S bidders,unknown,unknown
emission-spot-primary-market-auction-report-2025-data.xlsx,Primary Market Auction,190,2025-02-20,2025-02-20 00:00:00,2025-02-20 11:00:21.317000,Auction 4. Period CAP3 EU,T3PA,successful,EU,3245500.0,5313000.0,104.0,36.0,4.0,51087.0,204346.0,240625.0,162275.0,214993.0,1.64,26.0,20.0,True,,True,-0.1538461538439151,0.5192307692307693,True,0.0,0.525,True,37448.07692307692,0.5192307692307693,False,0.002964104144199453,0.005000406260383309,True,0.4615384615390212,0.5048076923076923,True,0.0,0.005,True,0.7692307692307693,1.1775371184168029,1.3248682791557542,0.7781944759444932,0.8436633833078567,consistent-but-unverified:all N bidders,consistent-but-unverified:successful S bidders,unknown,unknown
emission-spot-primary-market-auction-report-2025-data.xlsx,Primary Market Auction,191,2025-02-19,2025-02-19 00:00:00,2025-02-19 11:00:40.757000,Auction 4. Period CAP3 PL,T3PA,successful,PL,2072500.0,4127000.0,109.0,22.0,3.89,37862.0,147393.0,151862.0,121912.0,132452.0,1.99,28.0,17.0,True,,True,0.14285714286961593,0.5178571428571429,True,0.2352941176504828,0.5294117647058824,True,47894.142857142855,0.5178571428571429,False,-0.0013148371531965797,0.005000721668351645,True,-0.3853211009191,0.5045871559633027,True,-0.0028571428571426694,0.005,True,0.6071428571428571,1.0303203001499392,1.0864558041866264,0.7081935639323096,0.7354668390310405,consistent-but-unverified:all N bidders,consistent-but-unverified:successful S bidders,unknown,unknown
emission-spot-primary-market-auction-report-2025-data.xlsx,Primary Market Auction,192,2025-02-18,2025-02-18 00:00:00,2025-02-18 11:00:23.340000,Auction 4. Period CAP3 EU,T3PA,successful,EU,3245500.0,4768000.0,105.0,53.0,4.04,45410.0,183385.0,173931.0,135229.0,155103.0,1.47,26.0,24.0,True,,True,0.38461538462433964,0.5192307692307693,True,-0.1666666666569654,0.5208333333333334,True,10402.076923076922,0.5192307692307693,False,0.0008889231243258688,0.005000380389971223,True,0.47619047619082266,0.5047619047619047,True,0.0015384615384617106,0.005,True,0.9230769230769231,0.948447255773373,1.1469655177513698,0.6670327762864855,0.7640554581022625,consistent-but-unverified:all N bidders,consistent-but-unverified:successful S bidders,unknown,unknown
emission-spot-primary-market-auction-report-2025-data.xlsx,Primary Market Auction,193,2025-02-17,2025-02-17 00:00:00,2025-02-17 11:00:30.410000,Auction 4. Period CAP3 EU,T3PA,successful,EU,3245500.0,4974000.0,111.0,42.0,3.96,44811.0,177643.0,213094.0,147523.0,201934.0,1.53,28.0,22.0,True,,True,0.14285714286961593,0.5178571428571429,True,0.27272727273521014,0.5227272727272727,True,31612.28571428571,0.5178571428571429,False,-0.0025835772608227003,0.005000390168512305,True,0.18918918918643612,0.5045045045045045,True,-0.004285714285714448,0.005,True,0.7857142857142857,1.1995631688273674,1.368830623021495,0.7882587810247742,0.8623964253734456,consistent-but-unverified:all N bidders,consistent-but-unverified:successful S bidders,unknown,unknown
emission-spot-primary-market-auction-report-2025-data.xlsx,Primary Market Auction,194,2025-02-14,2025-02-14 00:00:00,2025-02-14 11:00:28.607000,Auction 4. Period DE,T3PA,successful,DE,1607000.0,3689000.0,89.0,21.0,3.87,41449.0,160391.0,143338.0,107133.0,109817.0,2.3,23.0,15.0,True,,True,-0.3043478260806296,0.5217391304347826,True,-0.3333333333284827,0.5333333333333333,True,37263.43478260869,0.5217391304347826,False,0.004418170504044472,0.005001025383492141,True,-0.4382022471909295,0.5056179775280899,True,0.0004347826086958939,0.005,True,0.6521739130434783,0.8936785729872624,1.0250529715400483,0.6385212723297805,0.7055958590015764,consistent-but-unverified:all N bidders,consistent-but-unverified:successful S bidders,unknown,unknown
emission-spot-primary-market-auction-report-2025-data.xlsx,Primary Market Auction,195,2025-02-13,2025-02-13 00:00:00,2025-02-13 11:00:29.747000,Auction 4. Period CAP3 EU,T3PA,successful,EU,3245500.0,4723500.0,93.0,43.0,3.72,50790.0,188940.0,246151.0,162275.0,236006.0,1.46,25.0,20.0,True,,True,0.0,0.52,True,0.0,0.525,True,32455.0,0.52,False,0.004600215683253639,0.005000378277616475,True,-0.32258064515917795,0.5053763440860215,True,0.0,0.005,True,0.8,1.3027998306340638,1.4543583423201356,0.8341257002716876,0.8978653593936239,consistent-but-unverified:all N bidders,consistent-but-unverified:successful S bidders,unknown,unknown
emission-spot-primary-market-auction-report-2025-data.xlsx,Primary Market Auction,196,2025-02-11,2025-02-11 00:00:00,2025-02-11 11:00:24.866000,Auction 4. Period CAP3 EU,T3PA,successful,EU,3245500.0,4828000.0,98.0,49.0,4.08,49265.0,201167.0,210124.0,154548.0,197798.0,1.49,24.0,21.0,True,,True,0.3333333333430346,0.5208333333333334,True,0.38095238094683737,0.5238095238095238,True,19318.833333333343,0.5208333333333334,False,0.0024017870898167537,0.005000383238089985,True,-0.30612244897929486,0.5051020408163265,True,-0.0033333333333329662,0.005,True,0.875,1.0445251954843489,1.2798483319098273,0.7151655842899609,0.8241089196615424,consistent-but-unverified:all N bidders,consistent-but-unverified:successful S bidders,unknown,unknown
emission-spot-primary-market-auction-report-2025-data.xlsx,Primary Market Auction,197,2025-02-10,2025-02-10 00:00:00,2025-02-10 11:00:31.271000,Auction 4. Period CAP3 EU,T3PA,successful,EU,3245500.0,4917500.0,98.0,40.0,4.26,50179.0,213804.0,207612.0,170816.0,180619.0,1.52,23.0,19.0,True,,True,-0.3478260869451333,0.5217391304347826,True,0.21052631578641012,0.5263157894736842,True,29707.30434782608,0.5217391304347826,False,0.004825142505006985,0.005000387486533804,True,0.428571428572468,0.5051020408163265,True,-0.0008695652173917878,0.005,True,0.8260869565217391,0.9710388954369422,1.0573892375421505,0.678560761835306,0.721437818604654,consistent-but-unverified:all N bidders,consistent-but-unverified:successful S bidders,unknown,unknown
emission-spot-primary-market-auction-report-2025-data.xlsx,Primary Market Auction,198,2025-02-07,2025-02-07 00:00:00,2025-02-07 11:00:17.859000,Auction 4. Period DE,T3PA,successful,DE,1607000.0,3609000.0,94.0,16.0,3.92,38394.0,150375.0,149432.0,133917.0,132926.0,2.25,24.0,12.0,True,,True,0.0,0.5208333333333334,True,0.3333333333430346,0.5416666666666666,True,66958.66666666667,0.5208333333333334,False,0.004200373366521681,0.00500100989431406,True,0.3829787234062678,0.5053191489361702,True,0.0033333333333334103,0.005,True,0.5,0.9937290108063176,0.9925998939641718,0.6900067600003392,0.6894402654138085,consistent-but-unverified:all N bidders,consistent-but-unverified:successful S bidders,unknown,unknown
emission-spot-primary-market-auction-report-2025-data.xlsx,Primary Market Auction,199,2025-02-06,2025-02-06 00:00:00,2025-02-06 11:00:35.292000,Auction 4. Period CAP3 EU,T3PA,successful,EU,3245500.0,4919500.0,115.0,58.0,4.11,42778.0,175696.0,206806.0,129820.0,188408.0,1.52,28.0,25.0,True,,True,-0.42857142857974395,0.5178571428571429,True,0.0,0.52,True,13909.28571428571,0.5178571428571429,False,0.004208904637190036,0.005000387581471096,True,-0.2608695652161259,0.5043478260869565,True,0.0028571428571435575,0.005,True,0.8928571428571429,1.1770672069938986,1.4513018024957633,0.7779786531557331,0.8966192313987494,consistent-but-unverified:all N bidders,consistent-but-unverified:successful S bidders,unknown,unknown
emission-spot-primary-market-auction-report-2025-data.xlsx,Primary Market Auction,200,2025-02-05,2025-02-05 00:00:00,2025-02-05 11:00:28.854000,Auction 4. Period CAP3 PL,T3PA,successful,PL,2072500.0,3879500.0,93.0,33.0,3.72,41715.0,155180.0,149408.0,103625.0,128300.0,1.87,25.0,20.0,True,,True,0.0,0.52,True,0.0,0.525,True,20725.0,0.52,False,-0.0018938480096499788,0.00500069285749086,True,-0.05376344086107565,0.5053763440860215,True,0.0,0.005,True,0.8,0.9628044851140611,1.238118214716526,0.674374310290131,0.8056354300838762,consistent-but-unverified:all N bidders,consistent-but-unverified:successful S bidders,unknown,unknown
emission-spot-primary-market-auction-report-2025-data.xlsx,Primary Market Auction,201,2025-02-04,2025-02-04 00:00:00,2025-02-04 11:00:32.207000,Auction 4. Period CAP3 EU,T3PA,successful,EU,3245500.0,5494500.0,114.0,31.0,4.07,48197.0,196232.0,273619.0,180306.0,277747.0,1.69,28.0,18.0,True,,True,-0.14285714286961593,0.5178571428571429,True,0.4444444444379769,0.5277777777777778,True,64395.28571428571,0.5178571428571429,False,-0.002959482360191057,0.005000414875942563,True,-0.3684210526334937,0.5043859649122807,True,-0.0014285714285708906,0.005,True,0.6428571428571429,1.3943648334624321,1.5404201745920822,0.8731179904548587,0.9323294904173072,consistent-but-unverified:all N bidders,consistent-but-unverified:successful S bidders,unknown,unknown
emission-spot-primary-market-auction-report-2025-data.xlsx,Primary Market Auction,202,2025-02-03,2025-02-03 00:00:00,2025-02-03 11:00:55.052000,Auction 4. Period CAP3 EU,T3PA,successful,EU,3245500.0,5036500.0,104.0,43.0,4.0,48428.0,193712.0,183360.0,135229.0,138472.0,1.55,26.0,24.0,True,,True,0.46153846153174527,0.5192307692307693,True,-0.1666666666569654,0.5208333333333334,True,10402.076923076922,0.5192307692307693,False,-0.0018410106301032236,0.005000393135302682,True,0.11538461538293632,0.5048076923076923,True,0.0,0.005,True,0.9230769230769231,0.946559841414058,1.0239815424206347,0.6660636306803548,0.7050666320262435,consistent-but-unverified:all N bidders,consistent-but-unverified:successful S bidders,unknown,unknown
emission-spot-primary-market-auction-report-2025-data.xlsx,Primary Market Auction,203,2025-01-31,2025-01-31 00:00:00,2025-01-31 11:00:49.718000,Auction 4. Period DE,T3PA,successful,DE,1607000.0,3595000.0,99.0,24.0,3.54,36313.0,128393.0,143427.0,100438.0,120839.0,2.24,28.0,16.0,True,,True,0.142857142855064,0.5178571428571429,True,0.5,0.53125,True,43045.142857142855,0.5178571428571429,False,0.002912258867455275,0.005001007183707896,True,-0.1313131313145277,0.5050505050505051,True,0.004285714285714448,0.005,True,0.5714285714285714,1.1170936110224077,1.2031203329417153,0.7500442098914097,0.7898746886351873,consistent-but-unverified:all N bidders,consistent-but-unverified:successful S bidders,unknown,unknown
emission-spot-primary-market-auction-report-2025-data.xlsx,Primary Market Auction,204,2025-01-30,2025-01-30 00:00:00,2025-01-30 11:00:16.009000,Auction 4. Period CAP3 EU,T3PA,successful,EU,3245500.0,5546500.0,111.0,38.0,4.11,49968.0,205426.0,201727.0,162275.0,189776.0,1.71,27.0,20.0,True,,True,0.07407407407299615,0.5185185185185185,True,0.0,0.525,True,42071.29629629629,0.5185185185185185,False,0.0010183330765676235,0.005000417344312157,True,-0.4684684684689273,0.5045045045045045,True,-0.0011111111111103966,0.005,True,0.7407407407407407,0.9819935159132729,1.169471576028347,0.6841031644157006,0.7744836245471857,consistent-but-unverified:all N bidders,consistent-but-unverified:successful S bidders,unknown,unknown
emission-spot-primary-market-auction-report-2025-data.xlsx,Primary Market Auction,205,2025-01-28,2025-01-28 00:00:00,2025-01-28 11:00:22.177000,Auction 4. Period CAP3 EU,T3PA,successful,EU,3245500.0,5527000.0,114.0,37.0,4.38,48482.0,212577.0,238841.0,190912.0,272419.0,1.7,26.0,17.0,True,,True,0.07692307693650946,0.5192307692307693,True,0.2352941176504828,0.5294117647058824,True,66085.07692307692,0.5192307692307693,False,-0.0029733477122169116,0.005000416418673559,True,-0.4561403508778312,0.5043859649122807,True,-0.004615384615385132,0.005,True,0.6538461538461539,1.1235505252214493,1.426934922896413,0.7530894638582508,0.8866291125804409,consistent-but-unverified:all N bidders,consistent-but-unverified:successful S bidders,unknown,unknown
emission-spot-primary-market-auction-report-2025-data.xlsx,Primary Market Auction,206,2025-01-27,2025-01-27 00:00:00,2025-01-27 11:00:43.789000,Auction 4. Period CAP3 EU,T3PA,successful,EU,3245500.0,5402000.0,111.0,43.0,4.11,48667.0,200074.0,217016.0,141109.0,198304.0,1.66,27.0,23.0,True,,True,-0.07407407407299615,0.5185185185185185,True,0.3043478260806296,0.5217391304347826,True,20905.296296296292,0.5185185185185185,False,-0.004458480973655865,0.005000410485092806,True,0.33333333333575865,0.5045045045045045,True,-0.0011111111111103966,0.005,True,0.8518518518518519,1.0846786688925099,1.405324961554543,0.7346147277346453,0.8776850135794525,consistent-but-unverified:all N bidders,consistent-but-unverified:successful S bidders,unknown,unknown
emission-spot-primary-market-auction-report-2025-data.xlsx,Primary Market Auction,207,2025-01-24,2025-01-24 00:00:00,2025-01-24 11:01:21.334000,Auction 4. Period DE,T3PA,successful,DE,1607000.0,3591000.0,100.0,28.0,4.17,35910.0,149625.0,145936.0,84579.0,106651.0,2.23,24.0,19.0,True,,True,0.0,0.5208333333333334,True,0.05263157894660253,0.5263157894736842,True,17620.66666666667,0.5208333333333334,False,-0.00459863098942126,0.005001006409248992,True,0.0,0.505,True,0.0033333333333329662,0.005,True,0.7916666666666666,0.9753450292397661,1.2609631232338996,0.6807430814443542,0.8157908832264685,consistent-but-unverified:all N bidders,consistent-but-unverified:successful S bidders,unknown,unknown
emission-spot-primary-market-auction-report-2025-data.xlsx,Primary Market Auction,208,2025-01-23,2025-01-23 00:00:00,2025-01-23 11:00:31.838000,Auction 4. Period CAP3 EU,T3PA,successful,EU,3245500.0,4860500.0,107.0,46.0,4.12,45425.0,186942.0,250364.0,147523.0,228529.0,1.5,26.0,22.0,True,,True,-0.3076923076878302,0.5192307692307693,True,0.27272727273521014,0.5227272727272727,True,22696.076923076922,0.5192307692307693,False,0.002387921737790677,0.005000384780820981,True,-0.2336448598143761,0.5046728971962616,True,0.004615384615385132,0.005,True,0.8461538461538461,1.3392603053353447,1.5491075967815189,0.8498347705656327,0.9357433358728638,consistent-but-unverified:all N bidders,consistent-but-unverified:successful S bidders,unknown,unknown
emission-spot-primary-market-auction-report-2025-data.xlsx,Primary Market Auction,209,2025-01-22,2025-01-22 00:00:00,2025-01-22 11:00:37.131000,Auction 4. Period CAP3 PL,T3PA,successful,PL,2072500.0,3697000.0,109.0,42.0,4.04,33917.0,136926.0,140203.0,90109.0,109572.0,1.78,27.0,23.0,True,,True,0.07407407407299615,0.5185185185185185,True,0.3043478260806296,0.5217391304347826,True,13349.740740740745,0.5185185185185185,False,-0.003835946924004796,0.005000671613118766,True,-0.43119266055146,0.5045871559633027,True,0.002962962962962834,0.005,True,0.8518518518518519,1.0239326351459912,1.215993962867194,0.70504246784069,0.7957010445434175,consistent-but-unverified:all N bidders,consistent-but-unverified:successful S bidders,unknown,unknown
emission-spot-primary-market-auction-report-2025-data.xlsx,Primary Market Auction,210,2025-01-21,2025-01-21 00:00:00,2025-01-21 11:00:34.868000,Auction 4. Period CAP3 EU,T3PA,successful,EU,3245500.0,4969000.0,119.0,49.0,4.41,41756.0,184037.0,215691.0,129820.0,200476.0,1.53,27.0,25.0,True,,True,-0.03703703705104999,0.5185185185185185,True,0.0,0.52,True,9616.296296296292,0.5185185185185185,False,-0.001042982591280106,0.005000389931169075,True,-0.30252100840152707,0.5042016806722689,True,0.002592592592592702,0.005,True,0.9259259259259259,1.171998022136853,1.5442612848559545,0.7756474914528826,0.9338403465152465,consistent-but-unverified:all N bidders,consistent-but-unverified:successful S bidders,unknown,unknown
emission-spot-primary-market-auction-report-2025-data.xlsx,Primary Market Auction,211,2025-01-20,2025-01-20 00:00:00,2025-01-20 11:00:20.115000,Auction 4. Period CAP3 EU,T3PA,successful,EU,3245500.0,4825500.0,104.0,54.0,4.33,46399.0,201063.0,219945.0,141109.0,191106.0,1.49,24.0,23.0,True,,True,0.5,0.5208333333333334,True,0.3043478260806296,0.5217391304347826,True,5879.833333333343,0.5208333333333334,False,0.00317208442458794,0.00500038311941837,True,-0.03846153846097877,0.5048076923076923,True,-0.0033333333333329662,0.005,True,0.9583333333333334,1.0939108637591202,1.354314749590742,0.7390335440920486,0.8562497083071947,consistent-but-unverified:all N bidders,consistent-but-unverified:successful S bidders,unknown,unknown
emission-spot-primary-market-auction-report-2025-data.xlsx,Primary Market Auction,212,2025-01-17,2025-01-17 00:00:00,2025-01-17 11:00:32.136000,Auction 4. Period DE,T3PA,successful,DE,1607000.0,3182500.0,89.0,39.0,4.05,35758.0,144659.0,151862.0,80350.0,116952.0,1.98,22.0,20.0,True,,True,-0.09090909091173671,0.5227272727272727,True,0.0,0.525,True,7304.545454545456,0.5227272727272727,False,-0.00039825762289980027,0.0050009273176334175,True,-0.42696629213605775,0.5056179775280899,True,0.004545454545453964,0.005,True,0.9090909090909091,1.0497929613781376,1.4555320472930928,0.717738793600345,0.8983434576411111,consistent-but-unverified:all N bidders,consistent-but-unverified:successful S bidders,unknown,unknown
emission-spot-primary-market-auction-report-2025-data.xlsx,Primary Market Auction,213,2025-01-16,2025-01-16 00:00:00,2025-01-16 11:00:26.915000,Auction 4. Period CAP3 EU,T3PA,successful,EU,3245500.0,5286000.0,114.0,32.0,4.56,46368.0,211440.0,251126.0,170816.0,257117.0,1.63,25.0,19.0,True,,True,0.0,0.52,True,0.21052631578641012,0.5263157894736842,True,40996.0,0.52,False,0.0012833153597286984,0.005000404978729866,True,-0.4210526315800962,0.5043859649122807,True,0.0,0.005,True,0.76,1.1876939084373819,1.5052278475084302,0.7828479791780868,0.9183796874896766,consistent-but-unverified:all N bidders,consistent-but-unverified:successful S bidders,unknown,unknown
emission-spot-primary-market-auction-report-2025-data.xlsx,Primary Market Auction,214,2025-01-14,2025-01-14 00:00:00,2025-01-14 11:00:25.011000,Auction 4. Period CAP3 EU,T3PA,successful,EU,3245500.0,5002500.0,121.0,47.0,4.17,41343.0,172500.0,187855.0,135229.0,167490.0,1.54,29.0,24.0,True,,True,0.0,0.5172413793103449,True,-0.1666666666569654,0.5208333333333334,True,23315.206896551725,0.5172413793103449,False,-0.0013649668772146573,0.005000391521368717,True,0.0247933884311351,0.5041322314049587,True,-0.0024137931034484694,0.005,True,0.8275862068965517,1.0890144927536232,1.2385656922701491,0.7366924202016909,0.8058353448263109,consistent-but-unverified:all N bidders,consistent-but-unverified:successful S bidders,unknown,unknown
emission-spot-primary-market-auction-report-2025-data.xlsx,Primary Market Auction,215,2025-01-13,2025-01-13 00:00:00,2025-01-13 11:00:35.277000,Auction 4. Period CAP3 EU,T3PA,successful,EU,3245500.0,4852000.0,108.0,36.0,3.86,44926.0,173286.0,246683.0,141109.0,229842.0,1.49,28.0,23.0,True,,True,0.285714285710128,0.5178571428571429,True,0.3043478260806296,0.5217391304347826,True,25198.28571428571,0.5178571428571429,False,-0.004993067323987077,0.0050003843773374895,True,0.07407407407299615,0.5046296296296297,True,0.0028571428571426694,0.005,True,0.8214285714285714,1.4235598952021513,1.62882594306529,0.8852374903375533,0.9665373370384189,consistent-but-unverified:all N bidders,consistent-but-unverified:successful S bidders,unknown,unknown
emission-spot-primary-market-auction-report-2025-data.xlsx,Primary Market Auction,216,2025-01-10,2025-01-10 00:00:00,2025-01-10 11:00:28.470000,Auction 4. Period DE,T3PA,successful,DE,1607000.0,3368000.0,90.0,21.0,3.6,37422.0,134720.0,177897.0,107133.0,179218.0,2.1,25.0,15.0,True,,True,0.0,0.52,True,-0.3333333333284827,0.5333333333333333,True,42853.0,0.52,False,0.0041692594897324575,0.005000963233165092,True,-0.22222222221898846,0.5055555555555555,True,0.0,0.005,True,0.6,1.3204943586698337,1.6728552360150468,0.8417802486122485,0.983147277820774,consistent-but-unverified:all N bidders,consistent-but-unverified:successful S bidders,unknown,unknown
emission-spot-primary-market-auction-report-2025-data.xlsx,Primary Market Auction,217,2025-01-09,2025-01-09 00:00:00,2025-01-09 11:01:05.242000,Auction 4. Period CAP3 EU,T3PA,successful,EU,3245500.0,5096500.0,105.0,39.0,4.2,48538.0,203860.0,219941.0,162275.0,189411.0,1.57,25.0,20.0,True,,True,0.0,0.52,True,0.0,0.525,True,32455.0,0.52,False,-0.0003281466646125608,0.005000395983421444,True,-0.09523809523670934,0.5047619047619047,True,0.0,0.005,True,0.8,1.0788825664671833,1.167222307810815,0.7318305216947346,0.7734463051147009,consistent-but-unverified:all N bidders,consistent-but-unverified:successful S bidders,unknown,unknown
emission-spot-primary-market-auction-report-2025-data.xlsx,Primary Market Auction,218,2025-01-08,2025-01-08 00:00:00,2025-01-08 11:00:48.113000,Auction 4. Period CAP3 PL,T3PA,successful,PL,2072500.0,4697500.0,95.0,17.0,3.96,49447.0,195729.0,168980.0,172708.0,172294.0,2.27,24.0,12.0,True,,True,-0.1666666666569654,0.5208333333333334,True,-0.3333333333430346,0.5416666666666666,True,86353.83333333333,0.5208333333333334,False,0.0034137515078409564,0.005000788078840849,True,-0.3684210526334937,0.5052631578947369,True,0.0016666666666664831,0.005,True,0.5,0.8633365520694429,0.9976028904277741,0.6223687259049784,0.6919479069326069,consistent-but-unverified:all N bidders,consistent-but-unverified:successful S bidders,unknown,unknown
emission-spot-primary-market-auction-report-2025-data.xlsx,Primary Market Auction,219,2025-01-07,2025-01-07 00:00:00,2025-01-07 11:00:27.134000,Auction 4. Period CAP3 EU,T3PA,successful,EU,3245500.0,4456500.0,94.0,53.0,3.92,47410.0,185688.0,221808.0,147523.0,207472.0,1.37,24.0,22.0,True,,True,0.5,0.5208333333333334,True,0.27272727273521014,0.5227272727272727,True,12293.833333333343,0.5208333333333334,False,-0.003132028963179767,0.005000365603487985,True,0.42553191489423625,0.5053191489361702,True,0.0033333333333334103,0.005,True,0.9166666666666666,1.194519839731162,1.4063705320526292,0.7859632707665574,0.878119609042084,consistent-but-unverified:all N bidders,consistent-but-unverified:successful S bidders,unknown,unknown
