draw,spec,beta,theta,partial_R2,n_active,residual_df,ess
0,A,1.3417135467275512,0.8956661556650803,0.802217862403864,92,80,77.56410256410257
0,C,1.2489514908232955,0.896226670148889,0.8032222442861655,92,80,77.56410256410257
1,A,1.4266176242476405,0.8734102219000739,0.7628454157195363,59,49,59.0
1,C,1.3371325639623417,0.8714926470700961,0.7594994338972431,59,49,59.0
2,A,1.334201675837932,0.8487471465471057,0.7203717187718541,146,131,133.76699029126215
2,C,1.2498466210820516,0.8345051712041125,0.6963988807664051,146,131,133.76699029126215
3,A,1.4325581602682356,0.8943469776809999,0.799856516487139,74,63,66.36141906873614
3,C,1.3394346153578613,0.8933840081716402,0.7981349860568253,74,63,66.36141906873614
4,A,1.3417135467275512,0.8956661556650803,0.802217862403864,92,80,77.56410256410257
4,C,1.2489514908232955,0.896226670148889,0.8032222442861655,92,80,77.56410256410257
5,A,1.349108153709058,0.8550922526727817,0.7311827605810123,130,116,115.67213114754098
5,C,1.2636725854774284,0.8471063930248772,0.7175892411036178,130,116,115.67213114754098
6,A,1.3346430837498569,0.86904625990408,0.7552414018532698,150,135,137.61904761904762
6,C,1.2563194776984647,0.8654180892510749,0.7489484692029814,150,135,137.61904761904762
7,A,1.313738191223664,0.849363161324037,0.7214177798143621,166,150,166.0
7,C,1.2375080946428219,0.8350056427172541,0.6972344233696546,166,150,166.0
8,A,1.3690353535641235,0.8330864130311617,0.6940329715771274,87,75,74.84225352112676
8,C,1.28769890124227,0.8097385974448044,0.6556765961918789,87,75,74.84225352112676
9,A,1.3417135467275512,0.8956661556650803,0.802217862403864,92,80,77.56410256410257
9,C,1.2489514908232955,0.896226670148889,0.8032222442861655,92,80,77.56410256410257
10,A,1.3663271871375524,0.8889266181909881,0.7901905325284667,132,118,117.67510548523207
10,C,1.280928701482265,0.8858267654065978,0.7846890583107156,132,118,117.67510548523207
11,A,1.313738191223664,0.849363161324037,0.7214177798143621,166,150,166.0
11,C,1.2375080946428219,0.8350056427172541,0.6972344233696546,166,150,166.0
12,A,1.3663271871375524,0.8889266181909881,0.7901905325284667,132,118,117.67510548523207
12,C,1.280928701482265,0.8858267654065978,0.7846890583107156,132,118,117.67510548523207
13,A,1.3405113235141686,0.8193457786235765,0.6713275049482749,109,96,98.04059040590406
13,C,1.255062484682871,0.790864259460823,0.6254662768925159,109,96,98.04059040590406
14,A,1.3651594365687838,0.8728285288328913,0.7618296407445894,111,98,99.61481481481482
14,C,1.2753298392233483,0.8663793936937311,0.7506132538171171,111,98,99.61481481481482
15,A,1.3405113235141686,0.8193457786235765,0.6713275049482749,109,96,98.04059040590406
15,C,1.255062484682871,0.790864259460823,0.6254662768925159,109,96,98.04059040590406
16,A,1.3690353535641235,0.8330864130311617,0.6940329715771274,87,75,74.84225352112676
16,C,1.28769890124227,0.8097385974448044,0.6556765961918789,87,75,74.84225352112676
17,A,1.3346430837498569,0.86904625990408,0.7552414018532698,150,135,137.61904761904762
17,C,1.2563194776984647,0.8654180892510749,0.7489484692029814,150,135,137.61904761904762
18,A,1.3082754497169402,0.8380962858392295,0.7024053843375114,115,102,103.32508833922262
18,C,1.2322968366329354,0.8297930719403349,0.6885565422401778,115,102,103.32508833922262
19,A,1.3663271871375524,0.8889266181909881,0.7901905325284667,132,118,117.67510548523207
19,C,1.280928701482265,0.8858267654065978,0.7846890583107156,132,118,117.67510548523207
20,A,1.3041443012347145,0.8190210268447291,0.6707954424137945,131,117,116.57551020408164
20,C,1.2294188453173223,0.8007973577005693,0.6412764081002135,131,117,116.57551020408164
21,A,1.3651594365687838,0.8728285288328913,0.7618296407445894,111,98,99.61481481481482
21,C,1.2753298392233483,0.8663793936937311,0.7506132538171171,111,98,99.61481481481482
22,A,1.334201675837932,0.8487471465471057,0.7203717187718541,146,131,133.76699029126215
22,C,1.2498466210820516,0.8345051712041125,0.6963988807664051,146,131,133.76699029126215
23,A,1.3707201964831086,0.9047735944944378,0.8186152572943854,93,81,79.2691131498471
23,C,1.275523447404439,0.9032475445006904,0.8158561266465267,93,81,79.2691131498471
24,A,1.3301321478053478,0.8429943991169966,0.7106395569426261,107,94,96.61454545454545
24,C,1.2475248848751894,0.8239594290215302,0.6789091406734861,107,94,96.61454545454545
25,A,1.4071070568079793,0.9116592828875342,0.831122648075013,94,82,79.55710306406685
25,C,1.3197877711194146,0.9125474407506384,0.83274283162054,94,82,79.55710306406685
26,A,1.3199202820802245,0.8474461596507576,0.7181649935068174,113,100,102.01379310344828
26,C,1.2564375562022279,0.8323874203868324,0.6928688176182454,113,100,102.01379310344828
27,A,1.434980622648746,0.9148538318620243,0.836957533672629,74,63,65.05922551252847
27,C,1.3399368111968404,0.915649223877536,0.838413501187534,74,63,65.05922551252847
28,A,1.4325581602682356,0.8943469776809999,0.799856516487139,74,63,66.36141906873614
28,C,1.3394346153578613,0.8933840081716402,0.7981349860568253,74,63,66.36141906873614
29,A,1.3690353535641235,0.8330864130311617,0.6940329715771274,87,75,74.84225352112676
29,C,1.28769890124227,0.8097385974448044,0.6556765961918789,87,75,74.84225352112676
30,A,1.3056848467575468,0.8615815086869002,0.7423226961111951,115,102,103.68493150684931
30,C,1.2418243296980849,0.8565581025681761,0.7336917830751941,115,102,103.68493150684931
31,A,1.3529389277994754,0.8676091629510579,0.7527456596366354,130,116,115.6
31,C,1.2665675550923245,0.8638541375415777,0.746243970947703,130,116,115.6
32,A,1.3346430837498569,0.86904625990408,0.7552414018532698,150,135,137.61904761904762
32,C,1.2563194776984647,0.8654180892510749,0.7489484692029814,150,135,137.61904761904762
33,A,1.3451018078190158,0.8368882537550594,0.7003819492731926,146,131,133.76699029126215
33,C,1.2602938545437599,0.8187521647321396,0.6703551072535647,146,131,133.76699029126215
34,A,1.3425456559305424,0.883215562464221,0.7800697297789901,111,98,99.61481481481482
34,C,1.252290164141499,0.8807408536526541,0.7757044512928059,111,98,99.61481481481482
35,A,1.3199202820802245,0.8474461596507576,0.7181649935068174,113,100,102.01379310344828
35,C,1.2564375562022279,0.8323874203868324,0.6928688176182454,113,100,102.01379310344828
36,A,1.3451018078190158,0.8368882537550594,0.7003819492731926,146,131,133.76699029126215
36,C,1.2602938545437599,0.8187521647321396,0.6703551072535647,146,131,133.76699029126215
37,A,1.3663271871375524,0.8889266181909881,0.7901905325284667,132,118,117.67510548523207
37,C,1.280928701482265,0.8858267654065978,0.7846890583107156,132,118,117.67510548523207
38,A,1.3462801292887168,0.8520985304909395,0.7260719056648186,148,133,135.69230769230768
38,C,1.267445852718399,0.8381460752775359,0.7024888435031369,148,133,135.69230769230768
39,A,1.3676247755045248,0.8507594125111869,0.7237915779763799,128,114,113.80645161290323
39,C,1.279758474542969,0.836545601474915,0.6998085433470272,128,114,113.80645161290323
40,A,1.3460727526267622,0.8835979996297262,0.7807454249496536,132,118,117.85714285714286
40,C,1.2602140986101422,0.879649328936714,0.7737829418988112,132,118,117.85714285714286
41,A,1.3848546755262876,0.8715639824202973,0.7596237754523283,109,96,98.16058394160584
41,C,1.2931300225624902,0.858607398063167,0.7372066640088017,109,96,98.16058394160584
42,A,1.331807031668938,0.8390246590896916,0.7039623785605732,127,113,112.96680497925311
42,C,1.2498891980366176,0.8212874560207409,0.6745130854170205,127,113,112.96680497925311
43,A,1.3945703842594288,0.8558230218414861,0.7324330447138927,71,60,63.46153846153846
43,C,1.3101248750059797,0.8431260656359866,0.7108615625548179,71,60,63.46153846153846
44,A,1.37339489589512,0.8849170558240959,0.783078195688386,92,80,79.2439024390244
44,C,1.2842551687141472,0.8841929312085705,0.7817971395992038,92,80,79.2439024390244
45,A,1.3041443012347145,0.8190210268447291,0.6707954424137945,131,117,116.57551020408164
45,C,1.2294188453173223,0.8007973577005693,0.6412764081002135,131,117,116.57551020408164
46,A,1.323580543952137,0.8938674391850316,0.7989989988352062,112,99,100.46125461254613
46,C,1.2371464714825309,0.894104654960259,0.7994231340216039,112,99,100.46125461254613
47,A,1.371906958723931,0.8763255555807927,0.7679464793639851,112,99,100.46125461254613
47,C,1.2875294948800615,0.8690306352288379,0.7552142449662376,112,99,100.46125461254613
48,A,1.3900271534024469,0.9110647497191324,0.8300389781807854,93,81,79.78678678678679
48,C,1.2951153370607922,0.9101819713666222,0.8284312210008306,93,81,79.78678678678679
49,A,1.3405927194877332,0.8592821860665837,0.738365875291367,91,79,78.00859598853869
49,C,1.2536241186638735,0.8503425042690117,0.7230823745664942,91,79,78.00859598853869
50,A,1.3629488561036227,0.8845063652324577,0.7823515101367339,112,99,100.46125461254613
50,C,1.2698943038224182,0.880656891447481,0.7755565604539404,112,99,100.46125461254613
51,A,1.3858218933176933,0.8899913206602126,0.7920845508505093,112,99,100.68231046931407
51,C,1.2926879104280065,0.8867897922002055,0.7863961355504836,112,99,100.68231046931407
52,A,1.331807031668938,0.8390246590896916,0.7039623785605732,127,113,112.96680497925311
52,C,1.2498891980366176,0.8212874560207409,0.6745130854170205,127,113,112.96680497925311
53,A,1.3676247755045248,0.8507594125111869,0.7237915779763799,128,114,113.80645161290323
53,C,1.279758474542969,0.836545601474915,0.6998085433470272,128,114,113.80645161290323
54,A,1.4266176242476405,0.8734102219000739,0.7628454157195363,59,49,59.0
54,C,1.3371325639623417,0.8714926470700961,0.7594994338972431,59,49,59.0
55,A,1.3056848467575468,0.8615815086869002,0.7423226961111951,115,102,103.68493150684931
55,C,1.2418243296980849,0.8565581025681761,0.7336917830751941,115,102,103.68493150684931
56,A,1.3451018078190158,0.8368882537550594,0.7003819492731926,146,131,133.76699029126215
56,C,1.2602938545437599,0.8187521647321396,0.6703551072535647,146,131,133.76699029126215
57,A,1.3346430837498569,0.86904625990408,0.7552414018532698,150,135,137.61904761904762
57,C,1.2563194776984647,0.8654180892510749,0.7489484692029814,150,135,137.61904761904762
58,A,1.4226413537875804,0.8517803529957494,0.7255297697495634,87,75,73.98843930635839
58,C,1.3325085782011277,0.8291883573805713,0.68755333201549,87,75,73.98843930635839
59,A,1.3543037153596615,0.8697407736459297,0.7564490133422204,127,113,113.12068965517241
59,C,1.2659452638921702,0.8569124139903799,0.7342988852508202,127,113,113.12068965517241
60,A,1.3056848467575468,0.8615815086869002,0.7423226961111951,115,102,103.68493150684931
60,C,1.2418243296980849,0.8565581025681761,0.7336917830751941,115,102,103.68493150684931
61,A,1.3543037153596615,0.8697407736459297,0.7564490133422204,127,113,113.12068965517241
61,C,1.2659452638921702,0.8569124139903799,0.7342988852508202,127,113,113.12068965517241
62,A,1.3417135467275512,0.8956661556650803,0.802217862403864,92,80,77.56410256410257
62,C,1.2489514908232955,0.896226670148889,0.8032222442861655,92,80,77.56410256410257
63,A,1.3753307487064261,0.8703011022291319,0.7574240085412419,112,99,101.17993079584775
63,C,1.2854488973496834,0.8656491809382846,0.7493485044591229,112,99,101.17993079584775
64,A,1.3858218933176933,0.8899913206602126,0.7920845508505093,112,99,100.68231046931407
64,C,1.2926879104280065,0.8867897922002055,0.7863961355504836,112,99,100.68231046931407
65,A,1.3529389277994754,0.8676091629510579,0.7527456596366354,130,116,115.6
65,C,1.2665675550923245,0.8638541375415777,0.746243970947703,130,116,115.6
66,A,1.371906958723931,0.8763255555807927,0.7679464793639851,112,99,100.46125461254613
66,C,1.2875294948800615,0.8690306352288379,0.7552142449662376,112,99,100.46125461254613
67,A,1.386491803989292,0.8753891035410971,0.7663060825984856,91,79,77.18823529411765
67,C,1.2915958805312127,0.8671654307061327,0.7519758842117527,91,79,77.18823529411765
68,A,1.30624309384357,0.7973648039695055,0.635790630609328,113,100,101.41454545454546
68,C,1.229009011951411,0.7691805178134986,0.5916386689838419,113,100,101.41454545454546
69,A,1.3580150682289234,0.8824210400746471,0.7786668919664219,59,49,59.0
69,C,1.2958873443464594,0.8807884886410235,0.7757883617225385,59,49,59.0
70,A,1.3690353535641235,0.8330864130311617,0.6940329715771274,87,75,74.84225352112676
70,C,1.28769890124227,0.8097385974448044,0.6556765961918789,87,75,74.84225352112676
71,A,1.3629488561036227,0.8845063652324577,0.7823515101367339,112,99,100.46125461254613
71,C,1.2698943038224182,0.880656891447481,0.7755565604539404,112,99,100.46125461254613
72,A,1.3405113235141686,0.8193457786235765,0.6713275049482749,109,96,98.04059040590406
72,C,1.255062484682871,0.790864259460823,0.6254662768925159,109,96,98.04059040590406
73,A,1.405474782652042,0.8922750430816049,0.7961547525062799,94,82,80.6711590296496
73,C,1.320801454033355,0.8915125476593381,0.7947946226340435,94,82,80.6711590296496
74,A,1.3529389277994754,0.8676091629510579,0.7527456596366354,130,116,115.6
74,C,1.2665675550923245,0.8638541375415777,0.746243970947703,130,116,115.6
75,A,1.3169684776839066,0.852062878962026,0.7260111497050562,135,121,120.14285714285714
75,C,1.2445500456313503,0.847316959600009,0.7179460300258033,135,121,120.14285714285714
76,A,1.3543037153596615,0.8697407736459297,0.7564490133422204,127,113,113.12068965517241
76,C,1.2659452638921702,0.8569124139903799,0.7342988852508202,127,113,113.12068965517241
77,A,1.4325581602682356,0.8943469776809999,0.799856516487139,74,63,66.36141906873614
77,C,1.3394346153578613,0.8933840081716402,0.7981349860568253,74,63,66.36141906873614
78,A,1.3462801292887168,0.8520985304909395,0.7260719056648186,148,133,135.69230769230768
78,C,1.267445852718399,0.8381460752775359,0.7024888435031369,148,133,135.69230769230768
79,A,1.434980622648746,0.9148538318620243,0.836957533672629,74,63,65.05922551252847
79,C,1.3399368111968404,0.915649223877536,0.838413501187534,74,63,65.05922551252847
80,A,1.3629488561036227,0.8845063652324577,0.7823515101367339,112,99,100.46125461254613
80,C,1.2698943038224182,0.880656891447481,0.7755565604539404,112,99,100.46125461254613
81,A,1.3772470034025477,0.9000010337015484,0.8100018606638556,73,62,63.6801007556675
81,C,1.2755274533613972,0.8967356529726517,0.804134831312288,73,62,63.6801007556675
82,A,1.3546250551607133,0.8707116685306119,0.7581388097153622,132,118,117.43373493975903
82,C,1.2730623442209594,0.8661495407712043,0.7502150269781681,132,118,117.43373493975903
83,A,1.3039861196803453,0.8122732198941973,0.6597877837572871,113,100,101.41454545454546
83,C,1.236846120287121,0.7832223631632538,0.6134372701590318,113,100,101.41454545454546
84,A,1.3529389277994754,0.8676091629510579,0.7527456596366354,130,116,115.6
84,C,1.2665675550923245,0.8638541375415777,0.746243970947703,130,116,115.6
85,A,1.313738191223664,0.849363161324037,0.7214177798143621,166,150,166.0
85,C,1.2375080946428219,0.8350056427172541,0.6972344233696546,166,150,166.0
86,A,1.3169684776839066,0.852062878962026,0.7260111497050562,135,121,120.14285714285714
86,C,1.2445500456313503,0.847316959600009,0.7179460300258033,135,121,120.14285714285714
87,A,1.366474322104927,0.8563139560965788,0.7332735914057734,127,113,113.12068965517241
87,C,1.2768011369222265,0.8391767704388179,0.7042176520441245,127,113,113.12068965517241
88,A,1.3663271871375524,0.8889266181909881,0.7901905325284667,132,118,117.67510548523207
88,C,1.280928701482265,0.8858267654065978,0.7846890583107156,132,118,117.67510548523207
89,A,1.2954690475596704,0.8482448408151751,0.7195193099695618,115,102,103.32508833922262
89,C,1.2284442118266252,0.8395568796213572,0.70485575411955,115,102,103.32508833922262
90,A,1.347693846846714,0.8697043918213733,0.7563857291533848,107,94,96.2406015037594
90,C,1.2573499568664435,0.8556858988850241,0.7321983575506718,107,94,96.2406015037594
91,A,1.331807031668938,0.8390246590896916,0.7039623785605732,127,113,112.96680497925311
91,C,1.2498891980366176,0.8212874560207409,0.6745130854170205,127,113,112.96680497925311
92,A,1.3226075843421523,0.9024813876815089,0.8144726551115419,53,43,53.0
92,C,1.2182981162374686,0.9048223813407761,0.8187035417751928,53,43,53.0
93,A,1.3651594365687838,0.8728285288328913,0.7618296407445894,111,98,99.61481481481482
93,C,1.2753298392233483,0.8663793936937311,0.7506132538171171,111,98,99.61481481481482
94,A,1.3546250551607133,0.8707116685306119,0.7581388097153622,132,118,117.43373493975903
94,C,1.2730623442209594,0.8661495407712043,0.7502150269781681,132,118,117.43373493975903
95,A,1.351155438528443,0.8832971225105859,0.780213806635481,112,99,101.17993079584775
95,C,1.2694024223431075,0.8824814818176557,0.7787735657510855,112,99,101.17993079584775
96,A,1.3371047347872467,0.8487193032877022,0.7203244557731626,115,102,103.68493150684931
96,C,1.2560436367150922,0.8440023075272168,0.7123398951112667,115,102,103.68493150684931
97,A,1.3848546755262876,0.8715639824202973,0.7596237754523283,109,96,98.16058394160584
97,C,1.2931300225624902,0.858607398063167,0.7372066640088017,109,96,98.16058394160584
98,A,1.37339489589512,0.8849170558240959,0.783078195688386,92,80,79.2439024390244
98,C,1.2842551687141472,0.8841929312085705,0.7817971395992038,92,80,79.2439024390244
99,A,1.3900271534024469,0.9110647497191324,0.8300389781807854,93,81,79.78678678678679
99,C,1.2951153370607922,0.9101819713666222,0.8284312210008306,93,81,79.78678678678679
100,A,1.3629488561036227,0.8845063652324577,0.7823515101367339,112,99,100.46125461254613
100,C,1.2698943038224182,0.880656891447481,0.7755565604539404,112,99,100.46125461254613
101,A,1.4361923299421255,0.9371884841988322,0.8783222549149047,55,45,55.0
101,C,1.3407511168032364,0.9408098798597629,0.8851232300417415,55,45,55.0
102,A,1.3900271534024469,0.9110647497191324,0.8300389781807854,93,81,79.78678678678679
102,C,1.2951153370607922,0.9101819713666222,0.8284312210008306,93,81,79.78678678678679
103,A,1.4221346252121698,0.8945850475486619,0.8002824072976416,73,62,63.6801007556675
103,C,1.3219374813425766,0.8871464102536231,0.7870287532258897,73,62,63.6801007556675
104,A,1.3566479195861516,0.9022513566043407,0.8140575104943732,112,99,100.68231046931407
104,C,1.271760357644228,0.903120344122676,0.8156263559682608,112,99,100.68231046931407
105,A,1.386491803989292,0.8753891035410971,0.7663060825984856,91,79,77.18823529411765
105,C,1.2915958805312127,0.8671654307061327,0.7519758842117527,91,79,77.18823529411765
106,A,1.3370707289550139,0.860664678751303,0.7407436892500836,130,116,115.67213114754098
106,C,1.2604051022999232,0.8527653208116577,0.7272086923790094,130,116,115.67213114754098
107,A,1.3039861196803453,0.8122732198941973,0.6597877837572871,113,100,101.41454545454546
107,C,1.236846120287121,0.7832223631632538,0.6134372701590318,113,100,101.41454545454546
108,A,1.30624309384357,0.7973648039695055,0.635790630609328,113,100,101.41454545454546
108,C,1.229009011951411,0.7691805178134986,0.5916386689838419,113,100,101.41454545454546
109,A,1.351155438528443,0.8832971225105859,0.780213806635481,112,99,101.17993079584775
109,C,1.2694024223431075,0.8824814818176557,0.7787735657510855,112,99,101.17993079584775
110,A,1.3046228744738393,0.8157532243209705,0.6654533229900597,72,61,64.08372093023256
110,C,1.2354380921302883,0.7914143088846635,0.6263366083073895,72,61,64.08372093023256
111,A,1.2934399678406834,0.830476850585782,0.6896917993588794,131,117,116.57551020408164
111,C,1.2281021460104278,0.8115738428504188,0.6586521023989962,131,117,116.57551020408164
112,A,1.3301321478053478,0.8429943991169966,0.7106395569426261,107,94,96.61454545454545
112,C,1.2475248848751894,0.8239594290215302,0.6789091406734861,107,94,96.61454545454545
113,A,1.3041443012347145,0.8190210268447291,0.6707954424137945,131,117,116.57551020408164
113,C,1.2294188453173223,0.8007973577005693,0.6412764081002135,131,117,116.57551020408164
114,A,1.3405927194877332,0.8592821860665837,0.738365875291367,91,79,78.00859598853869
114,C,1.2536241186638735,0.8503425042690117,0.7230823745664942,91,79,78.00859598853869
115,A,1.3676247755045248,0.8507594125111869,0.7237915779763799,128,114,113.80645161290323
115,C,1.279758474542969,0.836545601474915,0.6998085433470272,128,114,113.80645161290323
116,A,1.3460727526267622,0.8835979996297262,0.7807454249496536,132,118,117.85714285714286
116,C,1.2602140986101422,0.879649328936714,0.7737829418988112,132,118,117.85714285714286
117,A,1.3405113235141686,0.8193457786235765,0.6713275049482749,109,96,98.04059040590406
117,C,1.255062484682871,0.790864259460823,0.6254662768925159,109,96,98.04059040590406
118,A,1.3425456559305424,0.883215562464221,0.7800697297789901,111,98,99.61481481481482
118,C,1.252290164141499,0.8807408536526541,0.7757044512928059,111,98,99.61481481481482
119,A,1.3529389277994754,0.8676091629510579,0.7527456596366354,130,116,115.6
119,C,1.2665675550923245,0.8638541375415777,0.746243970947703,130,116,115.6
120,A,1.3651594365687838,0.8728285288328913,0.7618296407445894,111,98,99.61481481481482
120,C,1.2753298392233483,0.8663793936937311,0.7506132538171171,111,98,99.61481481481482
121,A,1.405474782652042,0.8922750430816049,0.7961547525062799,94,82,80.6711590296496
121,C,1.320801454033355,0.8915125476593381,0.7947946226340435,94,82,80.6711590296496
122,A,1.3543037153596615,0.8697407736459297,0.7564490133422204,127,113,113.12068965517241
122,C,1.2659452638921702,0.8569124139903799,0.7342988852508202,127,113,113.12068965517241
123,A,1.3651594365687838,0.8728285288328913,0.7618296407445894,111,98,99.61481481481482
123,C,1.2753298392233483,0.8663793936937311,0.7506132538171171,111,98,99.61481481481482
124,A,1.331807031668938,0.8390246590896916,0.7039623785605732,127,113,112.96680497925311
124,C,1.2498891980366176,0.8212874560207409,0.6745130854170205,127,113,112.96680497925311
125,A,1.333232504576304,0.8834551907425061,0.7804930740498779,112,99,101.17993079584775
125,C,1.2588710069196152,0.8825761114146536,0.7789405924398111,112,99,101.17993079584775
126,A,1.3301321478053478,0.8429943991169966,0.7106395569426261,107,94,96.61454545454545
126,C,1.2475248848751894,0.8239594290215302,0.6789091406734861,107,94,96.61454545454545
127,A,1.3676247755045248,0.8507594125111869,0.7237915779763799,128,114,113.80645161290323
127,C,1.279758474542969,0.836545601474915,0.6998085433470272,128,114,113.80645161290323
128,A,1.3676247755045248,0.8507594125111869,0.7237915779763799,128,114,113.80645161290323
128,C,1.279758474542969,0.836545601474915,0.6998085433470272,128,114,113.80645161290323
129,A,1.3041443012347145,0.8190210268447291,0.6707954424137945,131,117,116.57551020408164
129,C,1.2294188453173223,0.8007973577005693,0.6412764081002135,131,117,116.57551020408164
130,A,1.4226413537875804,0.8517803529957494,0.7255297697495634,87,75,73.98843930635839
130,C,1.3325085782011277,0.8291883573805713,0.68755333201549,87,75,73.98843930635839
131,A,1.3651594365687838,0.8728285288328913,0.7618296407445894,111,98,99.61481481481482
131,C,1.2753298392233483,0.8663793936937311,0.7506132538171171,111,98,99.61481481481482
132,A,1.3543037153596615,0.8697407736459297,0.7564490133422204,127,113,113.12068965517241
132,C,1.2659452638921702,0.8569124139903799,0.7342988852508202,127,113,113.12068965517241
133,A,1.3346430837498569,0.86904625990408,0.7552414018532698,150,135,137.61904761904762
133,C,1.2563194776984647,0.8654180892510749,0.7489484692029814,150,135,137.61904761904762
134,A,1.333232504576304,0.8834551907425061,0.7804930740498779,112,99,101.17993079584775
134,C,1.2588710069196152,0.8825761114146536,0.7789405924398111,112,99,101.17993079584775
135,A,1.4221346252121698,0.8945850475486619,0.8002824072976416,73,62,63.6801007556675
135,C,1.3219374813425766,0.8871464102536231,0.7870287532258897,73,62,63.6801007556675
136,A,1.3707201964831086,0.9047735944944378,0.8186152572943854,93,81,79.2691131498471
136,C,1.275523447404439,0.9032475445006904,0.8158561266465267,93,81,79.2691131498471
137,A,1.3690353535641235,0.8330864130311617,0.6940329715771274,87,75,74.84225352112676
137,C,1.28769890124227,0.8097385974448044,0.6556765961918789,87,75,74.84225352112676
138,A,1.3676247755045248,0.8507594125111869,0.7237915779763799,128,114,113.80645161290323
138,C,1.279758474542969,0.836545601474915,0.6998085433470272,128,114,113.80645161290323
139,A,1.375531552279891,0.8599175783052103,0.7394582414782975,107,94,96.2406015037594
139,C,1.2845832455130817,0.8415397839800691,0.7081892080212214,107,94,96.2406015037594
140,A,1.349108153709058,0.8550922526727817,0.7311827605810123,130,116,115.67213114754098
140,C,1.2636725854774284,0.8471063930248772,0.7175892411036178,130,116,115.67213114754098
141,A,1.405474782652042,0.8922750430816049,0.7961547525062799,94,82,80.6711590296496
141,C,1.320801454033355,0.8915125476593381,0.7947946226340435,94,82,80.6711590296496
142,A,1.30624309384357,0.7973648039695055,0.635790630609328,113,100,101.41454545454546
142,C,1.229009011951411,0.7691805178134986,0.5916386689838419,113,100,101.41454545454546
143,A,1.33285521188334,0.8429882021617638,0.7106291089839228,146,131,133.76699029126215
143,C,1.2572556943505495,0.8247777983212602,0.6802584166036654,146,131,133.76699029126215
144,A,1.313738191223664,0.849363161324037,0.7214177798143621,166,150,166.0
144,C,1.2375080946428219,0.8350056427172541,0.6972344233696546,166,150,166.0
145,A,1.3460727526267622,0.8835979996297262,0.7807454249496536,132,118,117.85714285714286
145,C,1.2602140986101422,0.879649328936714,0.7737829418988112,132,118,117.85714285714286
146,A,1.334201675837932,0.8487471465471057,0.7203717187718541,146,131,133.76699029126215
146,C,1.2498466210820516,0.8345051712041125,0.6963988807664051,146,131,133.76699029126215
147,A,1.4506916979955615,0.873218384138108,0.7625103463967684,71,60,62.48571428571429
147,C,1.3583157862647712,0.8615362529389875,0.742244715128151,71,60,62.48571428571429
148,A,1.3848546755262876,0.8715639824202973,0.7596237754523283,109,96,98.16058394160584
148,C,1.2931300225624902,0.858607398063167,0.7372066640088017,109,96,98.16058394160584
149,A,1.386491803989292,0.8753891035410971,0.7663060825984856,91,79,77.18823529411765
149,C,1.2915958805312127,0.8671654307061327,0.7519758842117527,91,79,77.18823529411765
150,A,1.334201675837932,0.8487471465471057,0.7203717187718541,146,131,133.76699029126215
150,C,1.2498466210820516,0.8345051712041125,0.6963988807664051,146,131,133.76699029126215
151,A,1.3529389277994754,0.8676091629510579,0.7527456596366354,130,116,115.6
151,C,1.2665675550923245,0.8638541375415777,0.746243970947703,130,116,115.6
152,A,1.3169684776839066,0.852062878962026,0.7260111497050562,135,121,120.14285714285714
152,C,1.2445500456313503,0.847316959600009,0.7179460300258033,135,121,120.14285714285714
153,A,1.3651594365687838,0.8728285288328913,0.7618296407445894,111,98,99.61481481481482
153,C,1.2753298392233483,0.8663793936937311,0.7506132538171171,111,98,99.61481481481482
154,A,1.405474782652042,0.8922750430816049,0.7961547525062799,94,82,80.6711590296496
154,C,1.320801454033355,0.8915125476593381,0.7947946226340435,94,82,80.6711590296496
155,A,1.3566479195861516,0.9022513566043407,0.8140575104943732,112,99,100.68231046931407
155,C,1.271760357644228,0.903120344122676,0.8156263559682608,112,99,100.68231046931407
156,A,1.3543037153596615,0.8697407736459297,0.7564490133422204,127,113,113.12068965517241
156,C,1.2659452638921702,0.8569124139903799,0.7342988852508202,127,113,113.12068965517241
157,A,1.313738191223664,0.849363161324037,0.7214177798143621,166,150,166.0
157,C,1.2375080946428219,0.8350056427172541,0.6972344233696546,166,150,166.0
158,A,1.3346430837498569,0.86904625990408,0.7552414018532698,150,135,137.61904761904762
158,C,1.2563194776984647,0.8654180892510749,0.7489484692029814,150,135,137.61904761904762
159,A,1.3301037280161445,0.8643820309226834,0.7471562953820228,130,116,115.67213114754098
159,C,1.2438128201001262,0.8600041278836963,0.739607099976997,130,116,115.67213114754098
160,A,1.351155438528443,0.8832971225105859,0.780213806635481,112,99,101.17993079584775
160,C,1.2694024223431075,0.8824814818176557,0.7787735657510855,112,99,101.17993079584775
161,A,1.3199202820802245,0.8474461596507576,0.7181649935068174,113,100,102.01379310344828
161,C,1.2564375562022279,0.8323874203868324,0.6928688176182454,113,100,102.01379310344828
162,A,1.3371047347872467,0.8487193032877022,0.7203244557731626,115,102,103.68493150684931
162,C,1.2560436367150922,0.8440023075272168,0.7123398951112667,115,102,103.68493150684931
163,A,1.33285521188334,0.8429882021617638,0.7106291089839228,146,131,133.76699029126215
163,C,1.2572556943505495,0.8247777983212602,0.6802584166036654,146,131,133.76699029126215
164,A,1.3462801292887168,0.8520985304909395,0.7260719056648186,148,133,135.69230769230768
164,C,1.267445852718399,0.8381460752775359,0.7024888435031369,148,133,135.69230769230768
165,A,1.351155438528443,0.8832971225105859,0.780213806635481,112,99,101.17993079584775
165,C,1.2694024223431075,0.8824814818176557,0.7787735657510855,112,99,101.17993079584775
166,A,1.3690353535641235,0.8330864130311617,0.6940329715771274,87,75,74.84225352112676
166,C,1.28769890124227,0.8097385974448044,0.6556765961918789,87,75,74.84225352112676
167,A,1.334201675837932,0.8487471465471057,0.7203717187718541,146,131,133.76699029126215
167,C,1.2498466210820516,0.8345051712041125,0.6963988807664051,146,131,133.76699029126215
168,A,1.3676247755045248,0.8507594125111869,0.7237915779763799,128,114,113.80645161290323
168,C,1.279758474542969,0.836545601474915,0.6998085433470272,128,114,113.80645161290323
169,A,1.3169684776839066,0.852062878962026,0.7260111497050562,135,121,120.14285714285714
169,C,1.2445500456313503,0.847316959600009,0.7179460300258033,135,121,120.14285714285714
170,A,1.3169684776839066,0.852062878962026,0.7260111497050562,135,121,120.14285714285714
170,C,1.2445500456313503,0.847316959600009,0.7179460300258033,135,121,120.14285714285714
171,A,1.434980622648746,0.9148538318620243,0.836957533672629,74,63,65.05922551252847
171,C,1.3399368111968404,0.915649223877536,0.838413501187534,74,63,65.05922551252847
172,A,1.347693846846714,0.8697043918213733,0.7563857291533848,107,94,96.2406015037594
172,C,1.2573499568664435,0.8556858988850241,0.7321983575506718,107,94,96.2406015037594
173,A,1.371906958723931,0.8763255555807927,0.7679464793639851,112,99,100.46125461254613
173,C,1.2875294948800615,0.8690306352288379,0.7552142449662376,112,99,100.46125461254613
174,A,1.349108153709058,0.8550922526727817,0.7311827605810123,130,116,115.67213114754098
174,C,1.2636725854774284,0.8471063930248772,0.7175892411036178,130,116,115.67213114754098
175,A,1.347693846846714,0.8697043918213733,0.7563857291533848,107,94,96.2406015037594
175,C,1.2573499568664435,0.8556858988850241,0.7321983575506718,107,94,96.2406015037594
176,A,1.405474782652042,0.8922750430816049,0.7961547525062799,94,82,80.6711590296496
176,C,1.320801454033355,0.8915125476593381,0.7947946226340435,94,82,80.6711590296496
177,A,1.3462801292887168,0.8520985304909395,0.7260719056648186,148,133,135.69230769230768
177,C,1.267445852718399,0.8381460752775359,0.7024888435031369,148,133,135.69230769230768
178,A,1.3848546755262876,0.8715639824202973,0.7596237754523283,109,96,98.16058394160584
178,C,1.2931300225624902,0.858607398063167,0.7372066640088017,109,96,98.16058394160584
179,A,1.3130592769751939,0.8656022818398197,0.7492673103263027,150,135,138.35294117647058
179,C,1.2343179919696277,0.8611276440159573,0.7415408192884733,150,135,138.35294117647058
180,A,1.3301037280161445,0.8643820309226834,0.7471562953820228,130,116,115.67213114754098
180,C,1.2438128201001262,0.8600041278836963,0.739607099976997,130,116,115.67213114754098
181,A,1.375531552279891,0.8599175783052103,0.7394582414782975,107,94,96.2406015037594
181,C,1.2845832455130817,0.8415397839800691,0.7081892080212214,107,94,96.2406015037594
182,A,1.3900271534024469,0.9110647497191324,0.8300389781807854,93,81,79.78678678678679
182,C,1.2951153370607922,0.9101819713666222,0.8284312210008306,93,81,79.78678678678679
183,A,1.323580543952137,0.8938674391850316,0.7989989988352062,112,99,100.46125461254613
183,C,1.2371464714825309,0.894104654960259,0.7994231340216039,112,99,100.46125461254613
184,A,1.351155438528443,0.8832971225105859,0.780213806635481,112,99,101.17993079584775
184,C,1.2694024223431075,0.8824814818176557,0.7787735657510855,112,99,101.17993079584775
185,A,1.349108153709058,0.8550922526727817,0.7311827605810123,130,116,115.67213114754098
185,C,1.2636725854774284,0.8471063930248772,0.7175892411036178,130,116,115.67213114754098
186,A,1.375531552279891,0.8599175783052103,0.7394582414782975,107,94,96.2406015037594
186,C,1.2845832455130817,0.8415397839800691,0.7081892080212214,107,94,96.2406015037594
187,A,1.371906958723931,0.8763255555807927,0.7679464793639851,112,99,100.46125461254613
187,C,1.2875294948800615,0.8690306352288379,0.7552142449662376,112,99,100.46125461254613
188,A,1.4221346252121698,0.8945850475486619,0.8002824072976416,73,62,63.6801007556675
188,C,1.3219374813425766,0.8871464102536231,0.7870287532258897,73,62,63.6801007556675
189,A,1.3676247755045248,0.8507594125111869,0.7237915779763799,128,114,113.80645161290323
189,C,1.279758474542969,0.836545601474915,0.6998085433470272,128,114,113.80645161290323
190,A,1.3858218933176933,0.8899913206602126,0.7920845508505093,112,99,100.68231046931407
190,C,1.2926879104280065,0.8867897922002055,0.7863961355504836,112,99,100.68231046931407
191,A,1.351155438528443,0.8832971225105859,0.780213806635481,112,99,101.17993079584775
191,C,1.2694024223431075,0.8824814818176557,0.7787735657510855,112,99,101.17993079584775
192,A,1.3460727526267622,0.8835979996297262,0.7807454249496536,132,118,117.85714285714286
192,C,1.2602140986101422,0.879649328936714,0.7737829418988112,132,118,117.85714285714286
193,A,1.3529389277994754,0.8676091629510579,0.7527456596366354,130,116,115.6
193,C,1.2665675550923245,0.8638541375415777,0.746243970947703,130,116,115.6
194,A,1.3346430837498569,0.86904625990408,0.7552414018532698,150,135,137.61904761904762
194,C,1.2563194776984647,0.8654180892510749,0.7489484692029814,150,135,137.61904761904762
195,A,1.3543037153596615,0.8697407736459297,0.7564490133422204,127,113,113.12068965517241
195,C,1.2659452638921702,0.8569124139903799,0.7342988852508202,127,113,113.12068965517241
196,A,1.3462801292887168,0.8520985304909395,0.7260719056648186,148,133,135.69230769230768
196,C,1.267445852718399,0.8381460752775359,0.7024888435031369,148,133,135.69230769230768
197,A,1.33285521188334,0.8429882021617638,0.7106291089839228,146,131,133.76699029126215
197,C,1.2572556943505495,0.8247777983212602,0.6802584166036654,146,131,133.76699029126215
198,A,1.366474322104927,0.8563139560965788,0.7332735914057734,127,113,113.12068965517241
198,C,1.2768011369222265,0.8391767704388179,0.7042176520441245,127,113,113.12068965517241
199,A,1.3651594365687838,0.8728285288328913,0.7618296407445894,111,98,99.61481481481482
199,C,1.2753298392233483,0.8663793936937311,0.7506132538171171,111,98,99.61481481481482
200,A,1.3973610780089356,0.8723947426275197,0.7610725869641364,79,68,69.46563192904657
200,C,1.3172608459280748,0.8707094462286175,0.7581349397517457,79,68,69.46563192904657
201,A,1.3663271871375524,0.8889266181909881,0.7901905325284667,132,118,117.67510548523207
201,C,1.280928701482265,0.8858267654065978,0.7846890583107156,132,118,117.67510548523207
202,A,1.3346430837498569,0.86904625990408,0.7552414018532698,150,135,137.61904761904762
202,C,1.2563194776984647,0.8654180892510749,0.7489484692029814,150,135,137.61904761904762
203,A,1.3580150682289234,0.8824210400746471,0.7786668919664219,59,49,59.0
203,C,1.2958873443464594,0.8807884886410235,0.7757883617225385,59,49,59.0
204,A,1.3735395202666316,0.874314152580362,0.7644252374023166,79,68,69.46563192904657
204,C,1.3024742049793971,0.8727532175128502,0.7616981786790323,79,68,69.46563192904657
205,A,1.350786624649748,0.809430904552446,0.655178389244591,87,75,74.27220630372493
205,C,1.268787284346836,0.775733957176084,0.6017631723160665,87,75,74.27220630372493
206,A,1.3651594365687838,0.8728285288328913,0.7618296407445894,111,98,99.61481481481482
206,C,1.2753298392233483,0.8663793936937311,0.7506132538171171,111,98,99.61481481481482
207,A,1.386491803989292,0.8753891035410971,0.7663060825984856,91,79,77.18823529411765
207,C,1.2915958805312127,0.8671654307061327,0.7519758842117527,91,79,77.18823529411765
208,A,1.3405113235141686,0.8193457786235765,0.6713275049482749,109,96,98.04059040590406
208,C,1.255062484682871,0.790864259460823,0.6254662768925159,109,96,98.04059040590406
209,A,1.3809234971284927,0.9255887947186855,0.8567146169087889,73,62,64.3317191283293
209,C,1.2882988992455575,0.9293317931809681,0.8636575818169537,73,62,64.3317191283293
210,A,1.3410841380527259,0.8751819265480317,0.7659434045563244,112,99,101.17993079584775
210,C,1.2679551575133288,0.8707702870705228,0.7582408928448807,112,99,101.17993079584775
211,A,1.3663271871375524,0.8889266181909881,0.7901905325284667,132,118,117.67510548523207
211,C,1.280928701482265,0.8858267654065978,0.7846890583107156,132,118,117.67510548523207
212,A,1.3973610780089356,0.8723947426275197,0.7610725869641364,79,68,69.46563192904657
212,C,1.3172608459280748,0.8707094462286175,0.7581349397517457,79,68,69.46563192904657
213,A,1.3250514034973895,0.8345674270418132,0.6965027902791922,133,119,118.336
213,C,1.2526097862475636,0.8199518225394823,0.6723209912858187,133,119,118.336
214,A,1.3543037153596615,0.8697407736459297,0.7564490133422204,127,113,113.12068965517241
214,C,1.2659452638921702,0.8569124139903799,0.7342988852508202,127,113,113.12068965517241
215,A,1.3130592769751939,0.8656022818398197,0.7492673103263027,150,135,138.35294117647058
215,C,1.2343179919696277,0.8611276440159573,0.7415408192884733,150,135,138.35294117647058
216,A,1.3410841380527259,0.8751819265480317,0.7659434045563244,112,99,101.17993079584775
216,C,1.2679551575133288,0.8707702870705228,0.7582408928448807,112,99,101.17993079584775
217,A,1.405474782652042,0.8922750430816049,0.7961547525062799,94,82,80.6711590296496
217,C,1.320801454033355,0.8915125476593381,0.7947946226340435,94,82,80.6711590296496
218,A,1.3199202820802245,0.8474461596507576,0.7181649935068174,113,100,102.01379310344828
218,C,1.2564375562022279,0.8323874203868324,0.6928688176182454,113,100,102.01379310344828
219,A,1.334201675837932,0.8487471465471057,0.7203717187718541,146,131,133.76699029126215
219,C,1.2498466210820516,0.8345051712041125,0.6963988807664051,146,131,133.76699029126215
220,A,1.4071070568079793,0.9116592828875342,0.831122648075013,94,82,79.55710306406685
220,C,1.3197877711194146,0.9125474407506384,0.83274283162054,94,82,79.55710306406685
221,A,1.3543037153596615,0.8697407736459297,0.7564490133422204,127,113,113.12068965517241
221,C,1.2659452638921702,0.8569124139903799,0.7342988852508202,127,113,113.12068965517241
222,A,1.2921510882257428,0.7921300537733964,0.6274700220910439,72,61,63.43396226415094
222,C,1.2228645347829896,0.7576258917951321,0.5739969919183692,72,61,63.43396226415094
223,A,1.323580543952137,0.8938674391850316,0.7989989988352062,112,99,100.46125461254613
223,C,1.2371464714825309,0.894104654960259,0.7994231340216039,112,99,100.46125461254613
224,A,1.3041443012347145,0.8190210268447291,0.6707954424137945,131,117,116.57551020408164
224,C,1.2294188453173223,0.8007973577005693,0.6412764081002135,131,117,116.57551020408164
225,A,1.3690353535641235,0.8330864130311617,0.6940329715771274,87,75,74.84225352112676
225,C,1.28769890124227,0.8097385974448044,0.6556765961918789,87,75,74.84225352112676
226,A,1.3529389277994754,0.8676091629510579,0.7527456596366354,130,116,115.6
226,C,1.2665675550923245,0.8638541375415777,0.746243970947703,130,116,115.6
227,A,1.4325581602682356,0.8943469776809999,0.799856516487139,74,63,66.36141906873614
227,C,1.3394346153578613,0.8933840081716402,0.7981349860568253,74,63,66.36141906873614
228,A,1.331807031668938,0.8390246590896916,0.7039623785605732,127,113,112.96680497925311
228,C,1.2498891980366176,0.8212874560207409,0.6745130854170205,127,113,112.96680497925311
229,A,1.3837118678459026,0.8748314100160476,0.765329995950666,112,99,100.46125461254613
229,C,1.2908572770178182,0.8673014756984485,0.7522118497487065,112,99,100.46125461254613
230,A,1.3267042987162212,0.8393374729202793,0.7044873934482005,56,46,56.0
230,C,1.2536226853284096,0.8254817656734906,0.6814201454594236,56,46,56.0
231,A,1.3546250551607133,0.8707116685306119,0.7581388097153622,132,118,117.43373493975903
231,C,1.2730623442209594,0.8661495407712043,0.7502150269781681,132,118,117.43373493975903
232,A,1.3041443012347145,0.8190210268447291,0.6707954424137945,131,117,116.57551020408164
232,C,1.2294188453173223,0.8007973577005693,0.6412764081002135,131,117,116.57551020408164
233,A,1.3837118678459026,0.8748314100160476,0.765329995950666,112,99,100.46125461254613
233,C,1.2908572770178182,0.8673014756984485,0.7522118497487065,112,99,100.46125461254613
234,A,1.3082754497169402,0.8380962858392295,0.7024053843375114,115,102,103.32508833922262
234,C,1.2322968366329354,0.8297930719403349,0.6885565422401778,115,102,103.32508833922262
235,A,1.3250514034973895,0.8345674270418132,0.6965027902791922,133,119,118.336
235,C,1.2526097862475636,0.8199518225394823,0.6723209912858187,133,119,118.336
236,A,1.4361923299421255,0.9371884841988322,0.8783222549149047,55,45,55.0
236,C,1.3407511168032364,0.9408098798597629,0.8851232300417415,55,45,55.0
237,A,1.333232504576304,0.8834551907425061,0.7804930740498779,112,99,101.17993079584775
237,C,1.2588710069196152,0.8825761114146536,0.7789405924398111,112,99,101.17993079584775
238,A,1.3690353535641235,0.8330864130311617,0.6940329715771274,87,75,74.84225352112676
238,C,1.28769890124227,0.8097385974448044,0.6556765961918789,87,75,74.84225352112676
239,A,1.386491803989292,0.8753891035410971,0.7663060825984856,91,79,77.18823529411765
239,C,1.2915958805312127,0.8671654307061327,0.7519758842117527,91,79,77.18823529411765
240,A,1.3417135467275512,0.8956661556650803,0.802217862403864,92,80,77.56410256410257
240,C,1.2489514908232955,0.896226670148889,0.8032222442861655,92,80,77.56410256410257
241,A,1.3082754497169402,0.8380962858392295,0.7024053843375114,115,102,103.32508833922262
241,C,1.2322968366329354,0.8297930719403349,0.6885565422401778,115,102,103.32508833922262
242,A,1.4325581602682356,0.8943469776809999,0.799856516487139,74,63,66.36141906873614
242,C,1.3394346153578613,0.8933840081716402,0.7981349860568253,74,63,66.36141906873614
243,A,1.3460727526267622,0.8835979996297262,0.7807454249496536,132,118,117.85714285714286
243,C,1.2602140986101422,0.879649328936714,0.7737829418988112,132,118,117.85714285714286
244,A,1.334201675837932,0.8487471465471057,0.7203717187718541,146,131,133.76699029126215
244,C,1.2498466210820516,0.8345051712041125,0.6963988807664051,146,131,133.76699029126215
245,A,1.3546250551607133,0.8707116685306119,0.7581388097153622,132,118,117.43373493975903
245,C,1.2730623442209594,0.8661495407712043,0.7502150269781681,132,118,117.43373493975903
246,A,1.3846039755033324,0.8921432486357278,0.79591957608631,94,82,80.6711590296496
246,C,1.3080650721837166,0.8915491574390098,0.7948599001302082,94,82,80.6711590296496
247,A,1.4071070568079793,0.9116592828875342,0.831122648075013,94,82,79.55710306406685
247,C,1.3197877711194146,0.9125474407506384,0.83274283162054,94,82,79.55710306406685
248,A,1.3651594365687838,0.8728285288328913,0.7618296407445894,111,98,99.61481481481482
248,C,1.2753298392233483,0.8663793936937311,0.7506132538171171,111,98,99.61481481481482
249,A,1.349108153709058,0.8550922526727817,0.7311827605810123,130,116,115.67213114754098
249,C,1.2636725854774284,0.8471063930248772,0.7175892411036178,130,116,115.67213114754098
250,A,1.366474322104927,0.8563139560965788,0.7332735914057734,127,113,113.12068965517241
250,C,1.2768011369222265,0.8391767704388179,0.7042176520441245,127,113,113.12068965517241
251,A,1.4226413537875804,0.8517803529957494,0.7255297697495634,87,75,73.98843930635839
251,C,1.3325085782011277,0.8291883573805713,0.68755333201549,87,75,73.98843930635839
252,A,1.3346430837498569,0.86904625990408,0.7552414018532698,150,135,137.61904761904762
252,C,1.2563194776984647,0.8654180892510749,0.7489484692029814,150,135,137.61904761904762
253,A,1.3130592769751939,0.8656022818398197,0.7492673103263027,150,135,138.35294117647058
253,C,1.2343179919696277,0.8611276440159573,0.7415408192884733,150,135,138.35294117647058
254,A,1.3431264767301956,0.881002966690461,0.7761662273173935,91,79,77.18823529411765
254,C,1.2467552015278136,0.8770092737210616,0.769145266192744,91,79,77.18823529411765
255,A,1.3346430837498569,0.86904625990408,0.7552414018532698,150,135,137.61904761904762
255,C,1.2563194776984647,0.8654180892510749,0.7489484692029814,150,135,137.61904761904762
256,A,1.2999538604519443,0.7668368061505062,0.5880386872671091,54,44,54.0
256,C,1.2243547341077052,0.7210212941400053,0.519871706603328,54,44,54.0
257,A,1.3848546755262876,0.8715639824202973,0.7596237754523283,109,96,98.16058394160584
257,C,1.2931300225624902,0.858607398063167,0.7372066640088017,109,96,98.16058394160584
258,A,1.3462801292887168,0.8520985304909395,0.7260719056648186,148,133,135.69230769230768
258,C,1.267445852718399,0.8381460752775359,0.7024888435031369,148,133,135.69230769230768
259,A,1.3460727526267622,0.8835979996297262,0.7807454249496536,132,118,117.85714285714286
259,C,1.2602140986101422,0.879649328936714,0.7737829418988112,132,118,117.85714285714286
260,A,1.3690353535641235,0.8330864130311617,0.6940329715771274,87,75,74.84225352112676
260,C,1.28769890124227,0.8097385974448044,0.6556765961918789,87,75,74.84225352112676
261,A,1.3651594365687838,0.8728285288328913,0.7618296407445894,111,98,99.61481481481482
261,C,1.2753298392233483,0.8663793936937311,0.7506132538171171,111,98,99.61481481481482
262,A,1.3425456559305424,0.883215562464221,0.7800697297789901,111,98,99.61481481481482
262,C,1.252290164141499,0.8807408536526541,0.7757044512928059,111,98,99.61481481481482
263,A,1.3041443012347145,0.8190210268447291,0.6707954424137945,131,117,116.57551020408164
263,C,1.2294188453173223,0.8007973577005693,0.6412764081002135,131,117,116.57551020408164
264,A,1.3440211579051633,0.9149759929437825,0.8371810676634608,73,62,63.68796068796069
264,C,1.2494778125501844,0.9184090750147833,0.8434752290695099,73,62,63.68796068796069
265,A,1.3858218933176933,0.8899913206602126,0.7920845508505093,112,99,100.68231046931407
265,C,1.2926879104280065,0.8867897922002055,0.7863961355504836,112,99,100.68231046931407
266,A,1.3566479195861516,0.9022513566043407,0.8140575104943732,112,99,100.68231046931407
266,C,1.271760357644228,0.903120344122676,0.8156263559682608,112,99,100.68231046931407
267,A,1.349108153709058,0.8550922526727817,0.7311827605810123,130,116,115.67213114754098
267,C,1.2636725854774284,0.8471063930248772,0.7175892411036178,130,116,115.67213114754098
268,A,1.3267042987162212,0.8393374729202793,0.7044873934482005,56,46,56.0
268,C,1.2536226853284096,0.8254817656734906,0.6814201454594236,56,46,56.0
269,A,1.33285521188334,0.8429882021617638,0.7106291089839228,146,131,133.76699029126215
269,C,1.2572556943505495,0.8247777983212602,0.6802584166036654,146,131,133.76699029126215
270,A,1.323424092345089,0.8253757623970029,0.6812451491524338,107,94,96.36059479553903
270,C,1.2414228020837306,0.7966501644122068,0.6346514844579961,107,94,96.36059479553903
271,A,1.3529389277994754,0.8676091629510579,0.7527456596366354,130,116,115.6
271,C,1.2665675550923245,0.8638541375415777,0.746243970947703,130,116,115.6
272,A,1.4325581602682356,0.8943469776809999,0.799856516487139,74,63,66.36141906873614
272,C,1.3394346153578613,0.8933840081716402,0.7981349860568253,74,63,66.36141906873614
273,A,1.3629488561036227,0.8845063652324577,0.7823515101367339,112,99,100.46125461254613
273,C,1.2698943038224182,0.880656891447481,0.7755565604539404,112,99,100.46125461254613
274,A,1.3676247755045248,0.8507594125111869,0.7237915779763799,128,114,113.80645161290323
274,C,1.279758474542969,0.836545601474915,0.6998085433470272,128,114,113.80645161290323
275,A,1.2954690475596704,0.8482448408151751,0.7195193099695618,115,102,103.32508833922262
275,C,1.2284442118266252,0.8395568796213572,0.70485575411955,115,102,103.32508833922262
276,A,1.2921510882257428,0.7921300537733964,0.6274700220910439,72,61,63.43396226415094
276,C,1.2228645347829896,0.7576258917951321,0.5739969919183692,72,61,63.43396226415094
277,A,1.366474322104927,0.8563139560965788,0.7332735914057734,127,113,113.12068965517241
277,C,1.2768011369222265,0.8391767704388179,0.7042176520441245,127,113,113.12068965517241
278,A,1.3973610780089356,0.8723947426275197,0.7610725869641364,79,68,69.46563192904657
278,C,1.3172608459280748,0.8707094462286175,0.7581349397517457,79,68,69.46563192904657
279,A,1.3371047347872467,0.8487193032877022,0.7203244557731626,115,102,103.68493150684931
279,C,1.2560436367150922,0.8440023075272168,0.7123398951112667,115,102,103.68493150684931
280,A,1.3735395202666316,0.874314152580362,0.7644252374023166,79,68,69.46563192904657
280,C,1.3024742049793971,0.8727532175128502,0.7616981786790323,79,68,69.46563192904657
281,A,1.3546250551607133,0.8707116685306119,0.7581388097153622,132,118,117.43373493975903
281,C,1.2730623442209594,0.8661495407712043,0.7502150269781681,132,118,117.43373493975903
282,A,1.3663271871375524,0.8889266181909881,0.7901905325284667,132,118,117.67510548523207
282,C,1.280928701482265,0.8858267654065978,0.7846890583107156,132,118,117.67510548523207
283,A,1.3405113235141686,0.8193457786235765,0.6713275049482749,109,96,98.04059040590406
283,C,1.255062484682871,0.790864259460823,0.6254662768925159,109,96,98.04059040590406
284,A,1.3543037153596615,0.8697407736459297,0.7564490133422204,127,113,113.12068965517241
284,C,1.2659452638921702,0.8569124139903799,0.7342988852508202,127,113,113.12068965517241
285,A,1.3039861196803453,0.8122732198941973,0.6597877837572871,113,100,101.41454545454546
285,C,1.236846120287121,0.7832223631632538,0.6134372701590318,113,100,101.41454545454546
286,A,1.378379577859519,0.9045376703925537,0.8181883971591881,92,80,78.1204481792717
286,C,1.2866674193332364,0.9055465763223183,0.8200146018890722,92,80,78.1204481792717
287,A,1.3690353535641235,0.8330864130311617,0.6940329715771274,87,75,74.84225352112676
287,C,1.28769890124227,0.8097385974448044,0.6556765961918789,87,75,74.84225352112676
288,A,1.4325581602682356,0.8943469776809999,0.799856516487139,74,63,66.36141906873614
288,C,1.3394346153578613,0.8933840081716402,0.7981349860568253,74,63,66.36141906873614
289,A,1.366474322104927,0.8563139560965788,0.7332735914057734,127,113,113.12068965517241
289,C,1.2768011369222265,0.8391767704388179,0.7042176520441245,127,113,113.12068965517241
290,A,1.3917004275264677,0.8935895620096591,0.7985023053326145,93,81,79.2691131498471
290,C,1.2965023407489376,0.8879578959561958,0.7884692249909542,93,81,79.2691131498471
291,A,1.3629488561036227,0.8845063652324577,0.7823515101367339,112,99,100.46125461254613
291,C,1.2698943038224182,0.880656891447481,0.7755565604539404,112,99,100.46125461254613
292,A,1.323580543952137,0.8938674391850316,0.7989989988352062,112,99,100.46125461254613
292,C,1.2371464714825309,0.894104654960259,0.7994231340216039,112,99,100.46125461254613
293,A,1.3663271871375524,0.8889266181909881,0.7901905325284667,132,118,117.67510548523207
293,C,1.280928701482265,0.8858267654065978,0.7846890583107156,132,118,117.67510548523207
294,A,1.33285521188334,0.8429882021617638,0.7106291089839228,146,131,133.76699029126215
294,C,1.2572556943505495,0.8247777983212602,0.6802584166036654,146,131,133.76699029126215
295,A,1.3529389277994754,0.8676091629510579,0.7527456596366354,130,116,115.6
295,C,1.2665675550923245,0.8638541375415777,0.746243970947703,130,116,115.6
296,A,1.3858218933176933,0.8899913206602126,0.7920845508505093,112,99,100.68231046931407
296,C,1.2926879104280065,0.8867897922002055,0.7863961355504836,112,99,100.68231046931407
297,A,1.3629488561036227,0.8845063652324577,0.7823515101367339,112,99,100.46125461254613
297,C,1.2698943038224182,0.880656891447481,0.7755565604539404,112,99,100.46125461254613
298,A,1.3041443012347145,0.8190210268447291,0.6707954424137945,131,117,116.57551020408164
298,C,1.2294188453173223,0.8007973577005693,0.6412764081002135,131,117,116.57551020408164
299,A,1.37339489589512,0.8849170558240959,0.783078195688386,92,80,79.2439024390244
299,C,1.2842551687141472,0.8841929312085705,0.7817971395992038,92,80,79.2439024390244
300,A,1.3130592769751939,0.8656022818398197,0.7492673103263027,150,135,138.35294117647058
300,C,1.2343179919696277,0.8611276440159573,0.7415408192884733,150,135,138.35294117647058
301,A,1.3663271871375524,0.8889266181909881,0.7901905325284667,132,118,117.67510548523207
301,C,1.280928701482265,0.8858267654065978,0.7846890583107156,132,118,117.67510548523207
302,A,1.3056848467575468,0.8615815086869002,0.7423226961111951,115,102,103.68493150684931
302,C,1.2418243296980849,0.8565581025681761,0.7336917830751941,115,102,103.68493150684931
303,A,1.3809234971284927,0.9255887947186855,0.8567146169087889,73,62,64.3317191283293
303,C,1.2882988992455575,0.9293317931809681,0.8636575818169537,73,62,64.3317191283293
304,A,1.334201675837932,0.8487471465471057,0.7203717187718541,146,131,133.76699029126215
304,C,1.2498466210820516,0.8345051712041125,0.6963988807664051,146,131,133.76699029126215
305,A,1.3858218933176933,0.8899913206602126,0.7920845508505093,112,99,100.68231046931407
305,C,1.2926879104280065,0.8867897922002055,0.7863961355504836,112,99,100.68231046931407
306,A,1.3848546755262876,0.8715639824202973,0.7596237754523283,109,96,98.16058394160584
306,C,1.2931300225624902,0.858607398063167,0.7372066640088017,109,96,98.16058394160584
307,A,1.375531552279891,0.8599175783052103,0.7394582414782975,107,94,96.2406015037594
307,C,1.2845832455130817,0.8415397839800691,0.7081892080212214,107,94,96.2406015037594
308,A,1.3041443012347145,0.8190210268447291,0.6707954424137945,131,117,116.57551020408164
308,C,1.2294188453173223,0.8007973577005693,0.6412764081002135,131,117,116.57551020408164
309,A,1.334201675837932,0.8487471465471057,0.7203717187718541,146,131,133.76699029126215
309,C,1.2498466210820516,0.8345051712041125,0.6963988807664051,146,131,133.76699029126215
310,A,1.375531552279891,0.8599175783052103,0.7394582414782975,107,94,96.2406015037594
310,C,1.2845832455130817,0.8415397839800691,0.7081892080212214,107,94,96.2406015037594
311,A,1.3346430837498569,0.86904625990408,0.7552414018532698,150,135,137.61904761904762
311,C,1.2563194776984647,0.8654180892510749,0.7489484692029814,150,135,137.61904761904762
312,A,1.313738191223664,0.849363161324037,0.7214177798143621,166,150,166.0
312,C,1.2375080946428219,0.8350056427172541,0.6972344233696546,166,150,166.0
313,A,1.3651594365687838,0.8728285288328913,0.7618296407445894,111,98,99.61481481481482
313,C,1.2753298392233483,0.8663793936937311,0.7506132538171171,111,98,99.61481481481482
314,A,1.3417135467275512,0.8956661556650803,0.802217862403864,92,80,77.56410256410257
314,C,1.2489514908232955,0.896226670148889,0.8032222442861655,92,80,77.56410256410257
315,A,1.3627871284571969,0.8864666030125751,0.7858230382566543,111,98,99.84057971014492
315,C,1.2728110856326271,0.8844380432512248,0.7822306523500553,111,98,99.84057971014492
316,A,1.3301321478053478,0.8429943991169966,0.7106395569426261,107,94,96.61454545454545
316,C,1.2475248848751894,0.8239594290215302,0.6789091406734861,107,94,96.61454545454545
317,A,1.3546250551607133,0.8707116685306119,0.7581388097153622,132,118,117.43373493975903
317,C,1.2730623442209594,0.8661495407712043,0.7502150269781681,132,118,117.43373493975903
318,A,1.3917004275264677,0.8935895620096591,0.7985023053326145,93,81,79.2691131498471
318,C,1.2965023407489376,0.8879578959561958,0.7884692249909542,93,81,79.2691131498471
319,A,1.3707201964831086,0.9047735944944378,0.8186152572943854,93,81,79.2691131498471
319,C,1.275523447404439,0.9032475445006904,0.8158561266465267,93,81,79.2691131498471
320,A,1.3041443012347145,0.8190210268447291,0.6707954424137945,131,117,116.57551020408164
320,C,1.2294188453173223,0.8007973577005693,0.6412764081002135,131,117,116.57551020408164
321,A,1.3566479195861516,0.9022513566043407,0.8140575104943732,112,99,100.68231046931407
321,C,1.271760357644228,0.903120344122676,0.8156263559682608,112,99,100.68231046931407
322,A,1.3627871284571969,0.8864666030125751,0.7858230382566543,111,98,99.84057971014492
322,C,1.2728110856326271,0.8844380432512248,0.7822306523500553,111,98,99.84057971014492
323,A,1.350786624649748,0.809430904552446,0.655178389244591,87,75,74.27220630372493
323,C,1.268787284346836,0.775733957176084,0.6017631723160665,87,75,74.27220630372493
324,A,1.3543037153596615,0.8697407736459297,0.7564490133422204,127,113,113.12068965517241
324,C,1.2659452638921702,0.8569124139903799,0.7342988852508202,127,113,113.12068965517241
325,A,1.3690353535641235,0.8330864130311617,0.6940329715771274,87,75,74.84225352112676
325,C,1.28769890124227,0.8097385974448044,0.6556765961918789,87,75,74.84225352112676
326,A,1.3169684776839066,0.852062878962026,0.7260111497050562,135,121,120.14285714285714
326,C,1.2445500456313503,0.847316959600009,0.7179460300258033,135,121,120.14285714285714
327,A,1.33285521188334,0.8429882021617638,0.7106291089839228,146,131,133.76699029126215
327,C,1.2572556943505495,0.8247777983212602,0.6802584166036654,146,131,133.76699029126215
328,A,1.3039861196803453,0.8122732198941973,0.6597877837572871,113,100,101.41454545454546
328,C,1.236846120287121,0.7832223631632538,0.6134372701590318,113,100,101.41454545454546
329,A,1.3041443012347145,0.8190210268447291,0.6707954424137945,131,117,116.57551020408164
329,C,1.2294188453173223,0.8007973577005693,0.6412764081002135,131,117,116.57551020408164
330,A,1.3056848467575468,0.8615815086869002,0.7423226961111951,115,102,103.68493150684931
330,C,1.2418243296980849,0.8565581025681761,0.7336917830751941,115,102,103.68493150684931
331,A,1.4226413537875804,0.8517803529957494,0.7255297697495634,87,75,73.98843930635839
331,C,1.3325085782011277,0.8291883573805713,0.68755333201549,87,75,73.98843930635839
332,A,1.331807031668938,0.8390246590896916,0.7039623785605732,127,113,112.96680497925311
332,C,1.2498891980366176,0.8212874560207409,0.6745130854170205,127,113,112.96680497925311
333,A,1.3301321478053478,0.8429943991169966,0.7106395569426261,107,94,96.61454545454545
333,C,1.2475248848751894,0.8239594290215302,0.6789091406734861,107,94,96.61454545454545
334,A,1.351155438528443,0.8832971225105859,0.780213806635481,112,99,101.17993079584775
334,C,1.2694024223431075,0.8824814818176557,0.7787735657510855,112,99,101.17993079584775
335,A,1.3543037153596615,0.8697407736459297,0.7564490133422204,127,113,113.12068965517241
335,C,1.2659452638921702,0.8569124139903799,0.7342988852508202,127,113,113.12068965517241
336,A,1.3425456559305424,0.883215562464221,0.7800697297789901,111,98,99.61481481481482
336,C,1.252290164141499,0.8807408536526541,0.7757044512928059,111,98,99.61481481481482
337,A,1.3410841380527259,0.8751819265480317,0.7659434045563244,112,99,101.17993079584775
337,C,1.2679551575133288,0.8707702870705228,0.7582408928448807,112,99,101.17993079584775
338,A,1.3417135467275512,0.8956661556650803,0.802217862403864,92,80,77.56410256410257
338,C,1.2489514908232955,0.896226670148889,0.8032222442861655,92,80,77.56410256410257
339,A,1.3301321478053478,0.8429943991169966,0.7106395569426261,107,94,96.61454545454545
339,C,1.2475248848751894,0.8239594290215302,0.6789091406734861,107,94,96.61454545454545
340,A,1.3169684776839066,0.852062878962026,0.7260111497050562,135,121,120.14285714285714
340,C,1.2445500456313503,0.847316959600009,0.7179460300258033,135,121,120.14285714285714
341,A,1.3460727526267622,0.8835979996297262,0.7807454249496536,132,118,117.85714285714286
341,C,1.2602140986101422,0.879649328936714,0.7737829418988112,132,118,117.85714285714286
342,A,1.3663271871375524,0.8889266181909881,0.7901905325284667,132,118,117.67510548523207
342,C,1.280928701482265,0.8858267654065978,0.7846890583107156,132,118,117.67510548523207
343,A,1.3858218933176933,0.8899913206602126,0.7920845508505093,112,99,100.68231046931407
343,C,1.2926879104280065,0.8867897922002055,0.7863961355504836,112,99,100.68231046931407
344,A,1.3250514034973895,0.8345674270418132,0.6965027902791922,133,119,118.336
344,C,1.2526097862475636,0.8199518225394823,0.6723209912858187,133,119,118.336
345,A,1.386491803989292,0.8753891035410971,0.7663060825984856,91,79,77.18823529411765
345,C,1.2915958805312127,0.8671654307061327,0.7519758842117527,91,79,77.18823529411765
346,A,1.3130592769751939,0.8656022818398197,0.7492673103263027,150,135,138.35294117647058
346,C,1.2343179919696277,0.8611276440159573,0.7415408192884733,150,135,138.35294117647058
347,A,1.3452399804918975,0.8301858993044112,0.689208627403874,113,100,102.01379310344828
347,C,1.2631509919202888,0.8154761551484723,0.6650013596157353,113,100,102.01379310344828
348,A,1.331807031668938,0.8390246590896916,0.7039623785605732,127,113,112.96680497925311
348,C,1.2498891980366176,0.8212874560207409,0.6745130854170205,127,113,112.96680497925311
349,A,1.3676247755045248,0.8507594125111869,0.7237915779763799,128,114,113.80645161290323
349,C,1.279758474542969,0.836545601474915,0.6998085433470272,128,114,113.80645161290323
350,A,1.331807031668938,0.8390246590896916,0.7039623785605732,127,113,112.96680497925311
350,C,1.2498891980366176,0.8212874560207409,0.6745130854170205,127,113,112.96680497925311
351,A,1.3580150682289234,0.8824210400746471,0.7786668919664219,59,49,59.0
351,C,1.2958873443464594,0.8807884886410235,0.7757883617225385,59,49,59.0
352,A,1.351155438528443,0.8832971225105859,0.780213806635481,112,99,101.17993079584775
352,C,1.2694024223431075,0.8824814818176557,0.7787735657510855,112,99,101.17993079584775
353,A,1.3629488561036227,0.8845063652324577,0.7823515101367339,112,99,100.46125461254613
353,C,1.2698943038224182,0.880656891447481,0.7755565604539404,112,99,100.46125461254613
354,A,1.3629488561036227,0.8845063652324577,0.7823515101367339,112,99,100.46125461254613
354,C,1.2698943038224182,0.880656891447481,0.7755565604539404,112,99,100.46125461254613
355,A,1.3169684776839066,0.852062878962026,0.7260111497050562,135,121,120.14285714285714
355,C,1.2445500456313503,0.847316959600009,0.7179460300258033,135,121,120.14285714285714
356,A,1.313738191223664,0.849363161324037,0.7214177798143621,166,150,166.0
356,C,1.2375080946428219,0.8350056427172541,0.6972344233696546,166,150,166.0
357,A,1.3663271871375524,0.8889266181909881,0.7901905325284667,132,118,117.67510548523207
357,C,1.280928701482265,0.8858267654065978,0.7846890583107156,132,118,117.67510548523207
358,A,1.323580543952137,0.8938674391850316,0.7989989988352062,112,99,100.46125461254613
358,C,1.2371464714825309,0.894104654960259,0.7994231340216039,112,99,100.46125461254613
359,A,1.33285521188334,0.8429882021617638,0.7106291089839228,146,131,133.76699029126215
359,C,1.2572556943505495,0.8247777983212602,0.6802584166036654,146,131,133.76699029126215
360,A,1.3431264767301956,0.881002966690461,0.7761662273173935,91,79,77.18823529411765
360,C,1.2467552015278136,0.8770092737210616,0.769145266192744,91,79,77.18823529411765
361,A,1.3462801292887168,0.8520985304909395,0.7260719056648186,148,133,135.69230769230768
361,C,1.267445852718399,0.8381460752775359,0.7024888435031369,148,133,135.69230769230768
362,A,1.3169684776839066,0.852062878962026,0.7260111497050562,135,121,120.14285714285714
362,C,1.2445500456313503,0.847316959600009,0.7179460300258033,135,121,120.14285714285714
363,A,1.4325581602682356,0.8943469776809999,0.799856516487139,74,63,66.36141906873614
363,C,1.3394346153578613,0.8933840081716402,0.7981349860568253,74,63,66.36141906873614
364,A,1.3676247755045248,0.8507594125111869,0.7237915779763799,128,114,113.80645161290323
364,C,1.279758474542969,0.836545601474915,0.6998085433470272,128,114,113.80645161290323
365,A,1.3405927194877332,0.8592821860665837,0.738365875291367,91,79,78.00859598853869
365,C,1.2536241186638735,0.8503425042690117,0.7230823745664942,91,79,78.00859598853869
366,A,1.3837118678459026,0.8748314100160476,0.765329995950666,112,99,100.46125461254613
366,C,1.2908572770178182,0.8673014756984485,0.7522118497487065,112,99,100.46125461254613
367,A,1.3566479195861516,0.9022513566043407,0.8140575104943732,112,99,100.68231046931407
367,C,1.271760357644228,0.903120344122676,0.8156263559682608,112,99,100.68231046931407
368,A,1.3346430837498569,0.86904625990408,0.7552414018532698,150,135,137.61904761904762
368,C,1.2563194776984647,0.8654180892510749,0.7489484692029814,150,135,137.61904761904762
369,A,1.3301037280161445,0.8643820309226834,0.7471562953820228,130,116,115.67213114754098
369,C,1.2438128201001262,0.8600041278836963,0.739607099976997,130,116,115.67213114754098
370,A,1.366474322104927,0.8563139560965788,0.7332735914057734,127,113,113.12068965517241
370,C,1.2768011369222265,0.8391767704388179,0.7042176520441245,127,113,113.12068965517241
371,A,1.3425456559305424,0.883215562464221,0.7800697297789901,111,98,99.61481481481482
371,C,1.252290164141499,0.8807408536526541,0.7757044512928059,111,98,99.61481481481482
372,A,1.3900271534024469,0.9110647497191324,0.8300389781807854,93,81,79.78678678678679
372,C,1.2951153370607922,0.9101819713666222,0.8284312210008306,93,81,79.78678678678679
373,A,1.3900271534024469,0.9110647497191324,0.8300389781807854,93,81,79.78678678678679
373,C,1.2951153370607922,0.9101819713666222,0.8284312210008306,93,81,79.78678678678679
374,A,1.3663271871375524,0.8889266181909881,0.7901905325284667,132,118,117.67510548523207
374,C,1.280928701482265,0.8858267654065978,0.7846890583107156,132,118,117.67510548523207
375,A,1.3405927194877332,0.8592821860665837,0.738365875291367,91,79,78.00859598853869
375,C,1.2536241186638735,0.8503425042690117,0.7230823745664942,91,79,78.00859598853869
376,A,1.3425456559305424,0.883215562464221,0.7800697297789901,111,98,99.61481481481482
376,C,1.252290164141499,0.8807408536526541,0.7757044512928059,111,98,99.61481481481482
377,A,1.3753307487064261,0.8703011022291319,0.7574240085412419,112,99,101.17993079584775
377,C,1.2854488973496834,0.8656491809382846,0.7493485044591229,112,99,101.17993079584775
378,A,1.323424092345089,0.8253757623970029,0.6812451491524338,107,94,96.36059479553903
378,C,1.2414228020837306,0.7966501644122068,0.6346514844579961,107,94,96.36059479553903
379,A,1.3226075843421523,0.9024813876815089,0.8144726551115419,53,43,53.0
379,C,1.2182981162374686,0.9048223813407761,0.8187035417751928,53,43,53.0
380,A,1.3250514034973895,0.8345674270418132,0.6965027902791922,133,119,118.336
380,C,1.2526097862475636,0.8199518225394823,0.6723209912858187,133,119,118.336
381,A,1.3627871284571969,0.8864666030125751,0.7858230382566543,111,98,99.84057971014492
381,C,1.2728110856326271,0.8844380432512248,0.7822306523500553,111,98,99.84057971014492
382,A,1.3735395202666316,0.874314152580362,0.7644252374023166,79,68,69.46563192904657
382,C,1.3024742049793971,0.8727532175128502,0.7616981786790323,79,68,69.46563192904657
383,A,1.3041443012347145,0.8190210268447291,0.6707954424137945,131,117,116.57551020408164
383,C,1.2294188453173223,0.8007973577005693,0.6412764081002135,131,117,116.57551020408164
384,A,1.347693846846714,0.8697043918213733,0.7563857291533848,107,94,96.2406015037594
384,C,1.2573499568664435,0.8556858988850241,0.7321983575506718,107,94,96.2406015037594
385,A,1.3900271534024469,0.9110647497191324,0.8300389781807854,93,81,79.78678678678679
385,C,1.2951153370607922,0.9101819713666222,0.8284312210008306,93,81,79.78678678678679
386,A,1.4221346252121698,0.8945850475486619,0.8002824072976416,73,62,63.6801007556675
386,C,1.3219374813425766,0.8871464102536231,0.7870287532258897,73,62,63.6801007556675
387,A,1.347693846846714,0.8697043918213733,0.7563857291533848,107,94,96.2406015037594
387,C,1.2573499568664435,0.8556858988850241,0.7321983575506718,107,94,96.2406015037594
388,A,1.331807031668938,0.8390246590896916,0.7039623785605732,127,113,112.96680497925311
388,C,1.2498891980366176,0.8212874560207409,0.6745130854170205,127,113,112.96680497925311
389,A,1.3546250551607133,0.8707116685306119,0.7581388097153622,132,118,117.43373493975903
389,C,1.2730623442209594,0.8661495407712043,0.7502150269781681,132,118,117.43373493975903
390,A,1.3858218933176933,0.8899913206602126,0.7920845508505093,112,99,100.68231046931407
390,C,1.2926879104280065,0.8867897922002055,0.7863961355504836,112,99,100.68231046931407
391,A,1.3566479195861516,0.9022513566043407,0.8140575104943732,112,99,100.68231046931407
391,C,1.271760357644228,0.903120344122676,0.8156263559682608,112,99,100.68231046931407
392,A,1.3346430837498569,0.86904625990408,0.7552414018532698,150,135,137.61904761904762
392,C,1.2563194776984647,0.8654180892510749,0.7489484692029814,150,135,137.61904761904762
393,A,1.3250514034973895,0.8345674270418132,0.6965027902791922,133,119,118.336
393,C,1.2526097862475636,0.8199518225394823,0.6723209912858187,133,119,118.336
394,A,1.3629488561036227,0.8845063652324577,0.7823515101367339,112,99,100.46125461254613
394,C,1.2698943038224182,0.880656891447481,0.7755565604539404,112,99,100.46125461254613
395,A,1.2954690475596704,0.8482448408151751,0.7195193099695618,115,102,103.32508833922262
395,C,1.2284442118266252,0.8395568796213572,0.70485575411955,115,102,103.32508833922262
396,A,1.350786624649748,0.809430904552446,0.655178389244591,87,75,74.27220630372493
396,C,1.268787284346836,0.775733957176084,0.6017631723160665,87,75,74.27220630372493
397,A,1.386491803989292,0.8753891035410971,0.7663060825984856,91,79,77.18823529411765
397,C,1.2915958805312127,0.8671654307061327,0.7519758842117527,91,79,77.18823529411765
398,A,1.3405927194877332,0.8592821860665837,0.738365875291367,91,79,78.00859598853869
398,C,1.2536241186638735,0.8503425042690117,0.7230823745664942,91,79,78.00859598853869
399,A,1.3370707289550139,0.860664678751303,0.7407436892500836,130,116,115.67213114754098
399,C,1.2604051022999232,0.8527653208116577,0.7272086923790094,130,116,115.67213114754098
400,A,1.386491803989292,0.8753891035410971,0.7663060825984856,91,79,77.18823529411765
400,C,1.2915958805312127,0.8671654307061327,0.7519758842117527,91,79,77.18823529411765
401,A,1.3753307487064261,0.8703011022291319,0.7574240085412419,112,99,101.17993079584775
401,C,1.2854488973496834,0.8656491809382846,0.7493485044591229,112,99,101.17993079584775
402,A,1.3169684776839066,0.852062878962026,0.7260111497050562,135,121,120.14285714285714
402,C,1.2445500456313503,0.847316959600009,0.7179460300258033,135,121,120.14285714285714
403,A,1.366474322104927,0.8563139560965788,0.7332735914057734,127,113,113.12068965517241
403,C,1.2768011369222265,0.8391767704388179,0.7042176520441245,127,113,113.12068965517241
404,A,1.3846039755033324,0.8921432486357278,0.79591957608631,94,82,80.6711590296496
404,C,1.3080650721837166,0.8915491574390098,0.7948599001302082,94,82,80.6711590296496
405,A,1.4221346252121698,0.8945850475486619,0.8002824072976416,73,62,63.6801007556675
405,C,1.3219374813425766,0.8871464102536231,0.7870287532258897,73,62,63.6801007556675
406,A,1.3690353535641235,0.8330864130311617,0.6940329715771274,87,75,74.84225352112676
406,C,1.28769890124227,0.8097385974448044,0.6556765961918789,87,75,74.84225352112676
407,A,1.3370707289550139,0.860664678751303,0.7407436892500836,130,116,115.67213114754098
407,C,1.2604051022999232,0.8527653208116577,0.7272086923790094,130,116,115.67213114754098
408,A,1.378379577859519,0.9045376703925537,0.8181883971591881,92,80,78.1204481792717
408,C,1.2866674193332364,0.9055465763223183,0.8200146018890722,92,80,78.1204481792717
409,A,1.366474322104927,0.8563139560965788,0.7332735914057734,127,113,113.12068965517241
409,C,1.2768011369222265,0.8391767704388179,0.7042176520441245,127,113,113.12068965517241
410,A,1.347693846846714,0.8697043918213733,0.7563857291533848,107,94,96.2406015037594
410,C,1.2573499568664435,0.8556858988850241,0.7321983575506718,107,94,96.2406015037594
411,A,1.3973610780089356,0.8723947426275197,0.7610725869641364,79,68,69.46563192904657
411,C,1.3172608459280748,0.8707094462286175,0.7581349397517457,79,68,69.46563192904657
412,A,1.3082754497169402,0.8380962858392295,0.7024053843375114,115,102,103.32508833922262
412,C,1.2322968366329354,0.8297930719403349,0.6885565422401778,115,102,103.32508833922262
413,A,1.3917004275264677,0.8935895620096591,0.7985023053326145,93,81,79.2691131498471
413,C,1.2965023407489376,0.8879578959561958,0.7884692249909542,93,81,79.2691131498471
414,A,1.334201675837932,0.8487471465471057,0.7203717187718541,146,131,133.76699029126215
414,C,1.2498466210820516,0.8345051712041125,0.6963988807664051,146,131,133.76699029126215
415,A,1.333232504576304,0.8834551907425061,0.7804930740498779,112,99,101.17993079584775
415,C,1.2588710069196152,0.8825761114146536,0.7789405924398111,112,99,101.17993079584775
416,A,1.3460727526267622,0.8835979996297262,0.7807454249496536,132,118,117.85714285714286
416,C,1.2602140986101422,0.879649328936714,0.7737829418988112,132,118,117.85714285714286
417,A,1.313738191223664,0.849363161324037,0.7214177798143621,166,150,166.0
417,C,1.2375080946428219,0.8350056427172541,0.6972344233696546,166,150,166.0
418,A,1.3041443012347145,0.8190210268447291,0.6707954424137945,131,117,116.57551020408164
418,C,1.2294188453173223,0.8007973577005693,0.6412764081002135,131,117,116.57551020408164
419,A,1.3707201964831086,0.9047735944944378,0.8186152572943854,93,81,79.2691131498471
419,C,1.275523447404439,0.9032475445006904,0.8158561266465267,93,81,79.2691131498471
420,A,1.3529389277994754,0.8676091629510579,0.7527456596366354,130,116,115.6
420,C,1.2665675550923245,0.8638541375415777,0.746243970947703,130,116,115.6
421,A,1.3460727526267622,0.8835979996297262,0.7807454249496536,132,118,117.85714285714286
421,C,1.2602140986101422,0.879649328936714,0.7737829418988112,132,118,117.85714285714286
422,A,1.3858218933176933,0.8899913206602126,0.7920845508505093,112,99,100.68231046931407
422,C,1.2926879104280065,0.8867897922002055,0.7863961355504836,112,99,100.68231046931407
423,A,1.331807031668938,0.8390246590896916,0.7039623785605732,127,113,112.96680497925311
423,C,1.2498891980366176,0.8212874560207409,0.6745130854170205,127,113,112.96680497925311
424,A,1.4071070568079793,0.9116592828875342,0.831122648075013,94,82,79.55710306406685
424,C,1.3197877711194146,0.9125474407506384,0.83274283162054,94,82,79.55710306406685
425,A,1.3440211579051633,0.9149759929437825,0.8371810676634608,73,62,63.68796068796069
425,C,1.2494778125501844,0.9184090750147833,0.8434752290695099,73,62,63.68796068796069
426,A,1.351155438528443,0.8832971225105859,0.780213806635481,112,99,101.17993079584775
426,C,1.2694024223431075,0.8824814818176557,0.7787735657510855,112,99,101.17993079584775
427,A,1.3226075843421523,0.9024813876815089,0.8144726551115419,53,43,53.0
427,C,1.2182981162374686,0.9048223813407761,0.8187035417751928,53,43,53.0
428,A,1.30624309384357,0.7973648039695055,0.635790630609328,113,100,101.41454545454546
428,C,1.229009011951411,0.7691805178134986,0.5916386689838419,113,100,101.41454545454546
429,A,1.3056848467575468,0.8615815086869002,0.7423226961111951,115,102,103.68493150684931
429,C,1.2418243296980849,0.8565581025681761,0.7336917830751941,115,102,103.68493150684931
430,A,1.3543037153596615,0.8697407736459297,0.7564490133422204,127,113,113.12068965517241
430,C,1.2659452638921702,0.8569124139903799,0.7342988852508202,127,113,113.12068965517241
431,A,1.3566479195861516,0.9022513566043407,0.8140575104943732,112,99,100.68231046931407
431,C,1.271760357644228,0.903120344122676,0.8156263559682608,112,99,100.68231046931407
432,A,1.3973610780089356,0.8723947426275197,0.7610725869641364,79,68,69.46563192904657
432,C,1.3172608459280748,0.8707094462286175,0.7581349397517457,79,68,69.46563192904657
433,A,1.347693846846714,0.8697043918213733,0.7563857291533848,107,94,96.2406015037594
433,C,1.2573499568664435,0.8556858988850241,0.7321983575506718,107,94,96.2406015037594
434,A,1.3566479195861516,0.9022513566043407,0.8140575104943732,112,99,100.68231046931407
434,C,1.271760357644228,0.903120344122676,0.8156263559682608,112,99,100.68231046931407
435,A,1.3848546755262876,0.8715639824202973,0.7596237754523283,109,96,98.16058394160584
435,C,1.2931300225624902,0.858607398063167,0.7372066640088017,109,96,98.16058394160584
436,A,1.323580543952137,0.8938674391850316,0.7989989988352062,112,99,100.46125461254613
436,C,1.2371464714825309,0.894104654960259,0.7994231340216039,112,99,100.46125461254613
437,A,1.3371047347872467,0.8487193032877022,0.7203244557731626,115,102,103.68493150684931
437,C,1.2560436367150922,0.8440023075272168,0.7123398951112667,115,102,103.68493150684931
438,A,1.3431264767301956,0.881002966690461,0.7761662273173935,91,79,77.18823529411765
438,C,1.2467552015278136,0.8770092737210616,0.769145266192744,91,79,77.18823529411765
439,A,1.3753307487064261,0.8703011022291319,0.7574240085412419,112,99,101.17993079584775
439,C,1.2854488973496834,0.8656491809382846,0.7493485044591229,112,99,101.17993079584775
440,A,1.3056848467575468,0.8615815086869002,0.7423226961111951,115,102,103.68493150684931
440,C,1.2418243296980849,0.8565581025681761,0.7336917830751941,115,102,103.68493150684931
441,A,1.3425456559305424,0.883215562464221,0.7800697297789901,111,98,99.61481481481482
441,C,1.252290164141499,0.8807408536526541,0.7757044512928059,111,98,99.61481481481482
442,A,1.386491803989292,0.8753891035410971,0.7663060825984856,91,79,77.18823529411765
442,C,1.2915958805312127,0.8671654307061327,0.7519758842117527,91,79,77.18823529411765
443,A,1.366474322104927,0.8563139560965788,0.7332735914057734,127,113,113.12068965517241
443,C,1.2768011369222265,0.8391767704388179,0.7042176520441245,127,113,113.12068965517241
444,A,1.3566479195861516,0.9022513566043407,0.8140575104943732,112,99,100.68231046931407
444,C,1.271760357644228,0.903120344122676,0.8156263559682608,112,99,100.68231046931407
445,A,1.2954690475596704,0.8482448408151751,0.7195193099695618,115,102,103.32508833922262
445,C,1.2284442118266252,0.8395568796213572,0.70485575411955,115,102,103.32508833922262
446,A,1.3917004275264677,0.8935895620096591,0.7985023053326145,93,81,79.2691131498471
446,C,1.2965023407489376,0.8879578959561958,0.7884692249909542,93,81,79.2691131498471
447,A,1.3848546755262876,0.8715639824202973,0.7596237754523283,109,96,98.16058394160584
447,C,1.2931300225624902,0.858607398063167,0.7372066640088017,109,96,98.16058394160584
448,A,1.3690353535641235,0.8330864130311617,0.6940329715771274,87,75,74.84225352112676
448,C,1.28769890124227,0.8097385974448044,0.6556765961918789,87,75,74.84225352112676
449,A,1.3809234971284927,0.9255887947186855,0.8567146169087889,73,62,64.3317191283293
449,C,1.2882988992455575,0.9293317931809681,0.8636575818169537,73,62,64.3317191283293
450,A,1.3301321478053478,0.8429943991169966,0.7106395569426261,107,94,96.61454545454545
450,C,1.2475248848751894,0.8239594290215302,0.6789091406734861,107,94,96.61454545454545
451,A,1.3301037280161445,0.8643820309226834,0.7471562953820228,130,116,115.67213114754098
451,C,1.2438128201001262,0.8600041278836963,0.739607099976997,130,116,115.67213114754098
452,A,1.334201675837932,0.8487471465471057,0.7203717187718541,146,131,133.76699029126215
452,C,1.2498466210820516,0.8345051712041125,0.6963988807664051,146,131,133.76699029126215
453,A,1.3130592769751939,0.8656022818398197,0.7492673103263027,150,135,138.35294117647058
453,C,1.2343179919696277,0.8611276440159573,0.7415408192884733,150,135,138.35294117647058
454,A,1.3900271534024469,0.9110647497191324,0.8300389781807854,93,81,79.78678678678679
454,C,1.2951153370607922,0.9101819713666222,0.8284312210008306,93,81,79.78678678678679
455,A,1.3651594365687838,0.8728285288328913,0.7618296407445894,111,98,99.61481481481482
455,C,1.2753298392233483,0.8663793936937311,0.7506132538171171,111,98,99.61481481481482
456,A,1.386491803989292,0.8753891035410971,0.7663060825984856,91,79,77.18823529411765
456,C,1.2915958805312127,0.8671654307061327,0.7519758842117527,91,79,77.18823529411765
457,A,1.3417135467275512,0.8956661556650803,0.802217862403864,92,80,77.56410256410257
457,C,1.2489514908232955,0.896226670148889,0.8032222442861655,92,80,77.56410256410257
458,A,1.3301037280161445,0.8643820309226834,0.7471562953820228,130,116,115.67213114754098
458,C,1.2438128201001262,0.8600041278836963,0.739607099976997,130,116,115.67213114754098
459,A,1.3858218933176933,0.8899913206602126,0.7920845508505093,112,99,100.68231046931407
459,C,1.2926879104280065,0.8867897922002055,0.7863961355504836,112,99,100.68231046931407
460,A,1.3452399804918975,0.8301858993044112,0.689208627403874,113,100,102.01379310344828
460,C,1.2631509919202888,0.8154761551484723,0.6650013596157353,113,100,102.01379310344828
461,A,1.386491803989292,0.8753891035410971,0.7663060825984856,91,79,77.18823529411765
461,C,1.2915958805312127,0.8671654307061327,0.7519758842117527,91,79,77.18823529411765
462,A,1.3707201964831086,0.9047735944944378,0.8186152572943854,93,81,79.2691131498471
462,C,1.275523447404439,0.9032475445006904,0.8158561266465267,93,81,79.2691131498471
463,A,1.3627871284571969,0.8864666030125751,0.7858230382566543,111,98,99.84057971014492
463,C,1.2728110856326271,0.8844380432512248,0.7822306523500553,111,98,99.84057971014492
464,A,1.3130592769751939,0.8656022818398197,0.7492673103263027,150,135,138.35294117647058
464,C,1.2343179919696277,0.8611276440159573,0.7415408192884733,150,135,138.35294117647058
465,A,1.33285521188334,0.8429882021617638,0.7106291089839228,146,131,133.76699029126215
465,C,1.2572556943505495,0.8247777983212602,0.6802584166036654,146,131,133.76699029126215
466,A,1.4325581602682356,0.8943469776809999,0.799856516487139,74,63,66.36141906873614
466,C,1.3394346153578613,0.8933840081716402,0.7981349860568253,74,63,66.36141906873614
467,A,1.405474782652042,0.8922750430816049,0.7961547525062799,94,82,80.6711590296496
467,C,1.320801454033355,0.8915125476593381,0.7947946226340435,94,82,80.6711590296496
468,A,1.4071070568079793,0.9116592828875342,0.831122648075013,94,82,79.55710306406685
468,C,1.3197877711194146,0.9125474407506384,0.83274283162054,94,82,79.55710306406685
469,A,1.4226413537875804,0.8517803529957494,0.7255297697495634,87,75,73.98843930635839
469,C,1.3325085782011277,0.8291883573805713,0.68755333201549,87,75,73.98843930635839
470,A,1.3945703842594288,0.8558230218414861,0.7324330447138927,71,60,63.46153846153846
470,C,1.3101248750059797,0.8431260656359866,0.7108615625548179,71,60,63.46153846153846
471,A,1.3370707289550139,0.860664678751303,0.7407436892500836,130,116,115.67213114754098
471,C,1.2604051022999232,0.8527653208116577,0.7272086923790094,130,116,115.67213114754098
472,A,1.2934399678406834,0.830476850585782,0.6896917993588794,131,117,116.57551020408164
472,C,1.2281021460104278,0.8115738428504188,0.6586521023989962,131,117,116.57551020408164
473,A,1.323580543952137,0.8938674391850316,0.7989989988352062,112,99,100.46125461254613
473,C,1.2371464714825309,0.894104654960259,0.7994231340216039,112,99,100.46125461254613
474,A,1.3440211579051633,0.9149759929437825,0.8371810676634608,73,62,63.68796068796069
474,C,1.2494778125501844,0.9184090750147833,0.8434752290695099,73,62,63.68796068796069
475,A,1.37339489589512,0.8849170558240959,0.783078195688386,92,80,79.2439024390244
475,C,1.2842551687141472,0.8841929312085705,0.7817971395992038,92,80,79.2439024390244
476,A,1.3566479195861516,0.9022513566043407,0.8140575104943732,112,99,100.68231046931407
476,C,1.271760357644228,0.903120344122676,0.8156263559682608,112,99,100.68231046931407
477,A,1.3651594365687838,0.8728285288328913,0.7618296407445894,111,98,99.61481481481482
477,C,1.2753298392233483,0.8663793936937311,0.7506132538171171,111,98,99.61481481481482
478,A,1.3082754497169402,0.8380962858392295,0.7024053843375114,115,102,103.32508833922262
478,C,1.2322968366329354,0.8297930719403349,0.6885565422401778,115,102,103.32508833922262
479,A,1.3663271871375524,0.8889266181909881,0.7901905325284667,132,118,117.67510548523207
479,C,1.280928701482265,0.8858267654065978,0.7846890583107156,132,118,117.67510548523207
480,A,1.386491803989292,0.8753891035410971,0.7663060825984856,91,79,77.18823529411765
480,C,1.2915958805312127,0.8671654307061327,0.7519758842117527,91,79,77.18823529411765
481,A,1.3039861196803453,0.8122732198941973,0.6597877837572871,113,100,101.41454545454546
481,C,1.236846120287121,0.7832223631632538,0.6134372701590318,113,100,101.41454545454546
482,A,1.3651594365687838,0.8728285288328913,0.7618296407445894,111,98,99.61481481481482
482,C,1.2753298392233483,0.8663793936937311,0.7506132538171171,111,98,99.61481481481482
483,A,1.3663271871375524,0.8889266181909881,0.7901905325284667,132,118,117.67510548523207
483,C,1.280928701482265,0.8858267654065978,0.7846890583107156,132,118,117.67510548523207
484,A,1.3846039755033324,0.8921432486357278,0.79591957608631,94,82,80.6711590296496
484,C,1.3080650721837166,0.8915491574390098,0.7948599001302082,94,82,80.6711590296496
485,A,1.3566479195861516,0.9022513566043407,0.8140575104943732,112,99,100.68231046931407
485,C,1.271760357644228,0.903120344122676,0.8156263559682608,112,99,100.68231046931407
486,A,1.3651594365687838,0.8728285288328913,0.7618296407445894,111,98,99.61481481481482
486,C,1.2753298392233483,0.8663793936937311,0.7506132538171171,111,98,99.61481481481482
487,A,1.366474322104927,0.8563139560965788,0.7332735914057734,127,113,113.12068965517241
487,C,1.2768011369222265,0.8391767704388179,0.7042176520441245,127,113,113.12068965517241
488,A,1.3848546755262876,0.8715639824202973,0.7596237754523283,109,96,98.16058394160584
488,C,1.2931300225624902,0.858607398063167,0.7372066640088017,109,96,98.16058394160584
489,A,1.3440211579051633,0.9149759929437825,0.8371810676634608,73,62,63.68796068796069
489,C,1.2494778125501844,0.9184090750147833,0.8434752290695099,73,62,63.68796068796069
490,A,1.3917004275264677,0.8935895620096591,0.7985023053326145,93,81,79.2691131498471
490,C,1.2965023407489376,0.8879578959561958,0.7884692249909542,93,81,79.2691131498471
491,A,1.3440211579051633,0.9149759929437825,0.8371810676634608,73,62,63.68796068796069
491,C,1.2494778125501844,0.9184090750147833,0.8434752290695099,73,62,63.68796068796069
492,A,1.4071070568079793,0.9116592828875342,0.831122648075013,94,82,79.55710306406685
492,C,1.3197877711194146,0.9125474407506384,0.83274283162054,94,82,79.55710306406685
493,A,1.3440211579051633,0.9149759929437825,0.8371810676634608,73,62,63.68796068796069
493,C,1.2494778125501844,0.9184090750147833,0.8434752290695099,73,62,63.68796068796069
494,A,1.3753307487064261,0.8703011022291319,0.7574240085412419,112,99,101.17993079584775
494,C,1.2854488973496834,0.8656491809382846,0.7493485044591229,112,99,101.17993079584775
495,A,1.3425456559305424,0.883215562464221,0.7800697297789901,111,98,99.61481481481482
495,C,1.252290164141499,0.8807408536526541,0.7757044512928059,111,98,99.61481481481482
496,A,1.366474322104927,0.8563139560965788,0.7332735914057734,127,113,113.12068965517241
496,C,1.2768011369222265,0.8391767704388179,0.7042176520441245,127,113,113.12068965517241
497,A,1.3301321478053478,0.8429943991169966,0.7106395569426261,107,94,96.61454545454545
497,C,1.2475248848751894,0.8239594290215302,0.6789091406734861,107,94,96.61454545454545
498,A,1.334201675837932,0.8487471465471057,0.7203717187718541,146,131,133.76699029126215
498,C,1.2498466210820516,0.8345051712041125,0.6963988807664051,146,131,133.76699029126215
499,A,1.3566479195861516,0.9022513566043407,0.8140575104943732,112,99,100.68231046931407
499,C,1.271760357644228,0.903120344122676,0.8156263559682608,112,99,100.68231046931407
500,A,1.3417135467275512,0.8956661556650803,0.802217862403864,92,80,77.56410256410257
500,C,1.2489514908232955,0.896226670148889,0.8032222442861655,92,80,77.56410256410257
501,A,1.3900271534024469,0.9110647497191324,0.8300389781807854,93,81,79.78678678678679
501,C,1.2951153370607922,0.9101819713666222,0.8284312210008306,93,81,79.78678678678679
502,A,1.3529389277994754,0.8676091629510579,0.7527456596366354,130,116,115.6
502,C,1.2665675550923245,0.8638541375415777,0.746243970947703,130,116,115.6
503,A,1.3543037153596615,0.8697407736459297,0.7564490133422204,127,113,113.12068965517241
503,C,1.2659452638921702,0.8569124139903799,0.7342988852508202,127,113,113.12068965517241
504,A,1.3900271534024469,0.9110647497191324,0.8300389781807854,93,81,79.78678678678679
504,C,1.2951153370607922,0.9101819713666222,0.8284312210008306,93,81,79.78678678678679
505,A,1.375531552279891,0.8599175783052103,0.7394582414782975,107,94,96.2406015037594
505,C,1.2845832455130817,0.8415397839800691,0.7081892080212214,107,94,96.2406015037594
506,A,1.3346430837498569,0.86904625990408,0.7552414018532698,150,135,137.61904761904762
506,C,1.2563194776984647,0.8654180892510749,0.7489484692029814,150,135,137.61904761904762
507,A,1.375531552279891,0.8599175783052103,0.7394582414782975,107,94,96.2406015037594
507,C,1.2845832455130817,0.8415397839800691,0.7081892080212214,107,94,96.2406015037594
508,A,1.3462801292887168,0.8520985304909395,0.7260719056648186,148,133,135.69230769230768
508,C,1.267445852718399,0.8381460752775359,0.7024888435031369,148,133,135.69230769230768
509,A,1.3690353535641235,0.8330864130311617,0.6940329715771274,87,75,74.84225352112676
509,C,1.28769890124227,0.8097385974448044,0.6556765961918789,87,75,74.84225352112676
510,A,1.33285521188334,0.8429882021617638,0.7106291089839228,146,131,133.76699029126215
510,C,1.2572556943505495,0.8247777983212602,0.6802584166036654,146,131,133.76699029126215
511,A,1.3460727526267622,0.8835979996297262,0.7807454249496536,132,118,117.85714285714286
511,C,1.2602140986101422,0.879649328936714,0.7737829418988112,132,118,117.85714285714286
512,A,1.3370707289550139,0.860664678751303,0.7407436892500836,130,116,115.67213114754098
512,C,1.2604051022999232,0.8527653208116577,0.7272086923790094,130,116,115.67213114754098
513,A,1.3301321478053478,0.8429943991169966,0.7106395569426261,107,94,96.61454545454545
513,C,1.2475248848751894,0.8239594290215302,0.6789091406734861,107,94,96.61454545454545
514,A,1.3651594365687838,0.8728285288328913,0.7618296407445894,111,98,99.61481481481482
514,C,1.2753298392233483,0.8663793936937311,0.7506132538171171,111,98,99.61481481481482
515,A,1.3301037280161445,0.8643820309226834,0.7471562953820228,130,116,115.67213114754098
515,C,1.2438128201001262,0.8600041278836963,0.739607099976997,130,116,115.67213114754098
516,A,1.378379577859519,0.9045376703925537,0.8181883971591881,92,80,78.1204481792717
516,C,1.2866674193332364,0.9055465763223183,0.8200146018890722,92,80,78.1204481792717
517,A,1.3707201964831086,0.9047735944944378,0.8186152572943854,93,81,79.2691131498471
517,C,1.275523447404439,0.9032475445006904,0.8158561266465267,93,81,79.2691131498471
518,A,1.37339489589512,0.8849170558240959,0.783078195688386,92,80,79.2439024390244
518,C,1.2842551687141472,0.8841929312085705,0.7817971395992038,92,80,79.2439024390244
519,A,1.3460727526267622,0.8835979996297262,0.7807454249496536,132,118,117.85714285714286
519,C,1.2602140986101422,0.879649328936714,0.7737829418988112,132,118,117.85714285714286
520,A,1.366474322104927,0.8563139560965788,0.7332735914057734,127,113,113.12068965517241
520,C,1.2768011369222265,0.8391767704388179,0.7042176520441245,127,113,113.12068965517241
521,A,1.3543037153596615,0.8697407736459297,0.7564490133422204,127,113,113.12068965517241
521,C,1.2659452638921702,0.8569124139903799,0.7342988852508202,127,113,113.12068965517241
522,A,1.3304630157675168,0.8564839699441618,0.7335647907713118,111,98,99.9605734767025
522,C,1.2479460447951076,0.8493382006142527,0.7213753790226566,111,98,99.9605734767025
523,A,1.3301037280161445,0.8643820309226834,0.7471562953820228,130,116,115.67213114754098
523,C,1.2438128201001262,0.8600041278836963,0.739607099976997,130,116,115.67213114754098
524,A,1.3452399804918975,0.8301858993044112,0.689208627403874,113,100,102.01379310344828
524,C,1.2631509919202888,0.8154761551484723,0.6650013596157353,113,100,102.01379310344828
525,A,1.4325581602682356,0.8943469776809999,0.799856516487139,74,63,66.36141906873614
525,C,1.3394346153578613,0.8933840081716402,0.7981349860568253,74,63,66.36141906873614
526,A,1.3462801292887168,0.8520985304909395,0.7260719056648186,148,133,135.69230769230768
526,C,1.267445852718399,0.8381460752775359,0.7024888435031369,148,133,135.69230769230768
527,A,1.3690353535641235,0.8330864130311617,0.6940329715771274,87,75,74.84225352112676
527,C,1.28769890124227,0.8097385974448044,0.6556765961918789,87,75,74.84225352112676
528,A,1.3405927194877332,0.8592821860665837,0.738365875291367,91,79,78.00859598853869
528,C,1.2536241186638735,0.8503425042690117,0.7230823745664942,91,79,78.00859598853869
529,A,1.3809234971284927,0.9255887947186855,0.8567146169087889,73,62,64.3317191283293
529,C,1.2882988992455575,0.9293317931809681,0.8636575818169537,73,62,64.3317191283293
530,A,1.386491803989292,0.8753891035410971,0.7663060825984856,91,79,77.18823529411765
530,C,1.2915958805312127,0.8671654307061327,0.7519758842117527,91,79,77.18823529411765
531,A,1.3546250551607133,0.8707116685306119,0.7581388097153622,132,118,117.43373493975903
531,C,1.2730623442209594,0.8661495407712043,0.7502150269781681,132,118,117.43373493975903
532,A,1.3039861196803453,0.8122732198941973,0.6597877837572871,113,100,101.41454545454546
532,C,1.236846120287121,0.7832223631632538,0.6134372701590318,113,100,101.41454545454546
533,A,1.3462801292887168,0.8520985304909395,0.7260719056648186,148,133,135.69230769230768
533,C,1.267445852718399,0.8381460752775359,0.7024888435031369,148,133,135.69230769230768
534,A,1.3900271534024469,0.9110647497191324,0.8300389781807854,93,81,79.78678678678679
534,C,1.2951153370607922,0.9101819713666222,0.8284312210008306,93,81,79.78678678678679
535,A,1.3462801292887168,0.8520985304909395,0.7260719056648186,148,133,135.69230769230768
535,C,1.267445852718399,0.8381460752775359,0.7024888435031369,148,133,135.69230769230768
536,A,1.4908142384381244,0.8915701990724476,0.7948974198740839,53,43,53.0
536,C,1.3939923977359987,0.8807731086828443,0.7757612689788415,53,43,53.0
537,A,1.3346430837498569,0.86904625990408,0.7552414018532698,150,135,137.61904761904762
537,C,1.2563194776984647,0.8654180892510749,0.7489484692029814,150,135,137.61904761904762
538,A,1.3690353535641235,0.8330864130311617,0.6940329715771274,87,75,74.84225352112676
538,C,1.28769890124227,0.8097385974448044,0.6556765961918789,87,75,74.84225352112676
539,A,1.3651594365687838,0.8728285288328913,0.7618296407445894,111,98,99.61481481481482
539,C,1.2753298392233483,0.8663793936937311,0.7506132538171171,111,98,99.61481481481482
540,A,1.2954690475596704,0.8482448408151751,0.7195193099695618,115,102,103.32508833922262
540,C,1.2284442118266252,0.8395568796213572,0.70485575411955,115,102,103.32508833922262
541,A,1.313738191223664,0.849363161324037,0.7214177798143621,166,150,166.0
541,C,1.2375080946428219,0.8350056427172541,0.6972344233696546,166,150,166.0
542,A,1.3417135467275512,0.8956661556650803,0.802217862403864,92,80,77.56410256410257
542,C,1.2489514908232955,0.896226670148889,0.8032222442861655,92,80,77.56410256410257
543,A,1.2954690475596704,0.8482448408151751,0.7195193099695618,115,102,103.32508833922262
543,C,1.2284442118266252,0.8395568796213572,0.70485575411955,115,102,103.32508833922262
544,A,1.3707201964831086,0.9047735944944378,0.8186152572943854,93,81,79.2691131498471
544,C,1.275523447404439,0.9032475445006904,0.8158561266465267,93,81,79.2691131498471
545,A,1.3858218933176933,0.8899913206602126,0.7920845508505093,112,99,100.68231046931407
545,C,1.2926879104280065,0.8867897922002055,0.7863961355504836,112,99,100.68231046931407
546,A,1.3301321478053478,0.8429943991169966,0.7106395569426261,107,94,96.61454545454545
546,C,1.2475248848751894,0.8239594290215302,0.6789091406734861,107,94,96.61454545454545
547,A,1.4361923299421255,0.9371884841988322,0.8783222549149047,55,45,55.0
547,C,1.3407511168032364,0.9408098798597629,0.8851232300417415,55,45,55.0
548,A,1.3753307487064261,0.8703011022291319,0.7574240085412419,112,99,101.17993079584775
548,C,1.2854488973496834,0.8656491809382846,0.7493485044591229,112,99,101.17993079584775
549,A,1.347693846846714,0.8697043918213733,0.7563857291533848,107,94,96.2406015037594
549,C,1.2573499568664435,0.8556858988850241,0.7321983575506718,107,94,96.2406015037594
550,A,1.349108153709058,0.8550922526727817,0.7311827605810123,130,116,115.67213114754098
550,C,1.2636725854774284,0.8471063930248772,0.7175892411036178,130,116,115.67213114754098
551,A,1.3735395202666316,0.874314152580362,0.7644252374023166,79,68,69.46563192904657
551,C,1.3024742049793971,0.8727532175128502,0.7616981786790323,79,68,69.46563192904657
552,A,1.3304630157675168,0.8564839699441618,0.7335647907713118,111,98,99.9605734767025
552,C,1.2479460447951076,0.8493382006142527,0.7213753790226566,111,98,99.9605734767025
553,A,1.334201675837932,0.8487471465471057,0.7203717187718541,146,131,133.76699029126215
553,C,1.2498466210820516,0.8345051712041125,0.6963988807664051,146,131,133.76699029126215
554,A,1.3848546755262876,0.8715639824202973,0.7596237754523283,109,96,98.16058394160584
554,C,1.2931300225624902,0.858607398063167,0.7372066640088017,109,96,98.16058394160584
555,A,1.3130592769751939,0.8656022818398197,0.7492673103263027,150,135,138.35294117647058
555,C,1.2343179919696277,0.8611276440159573,0.7415408192884733,150,135,138.35294117647058
556,A,1.4266176242476405,0.8734102219000739,0.7628454157195363,59,49,59.0
556,C,1.3371325639623417,0.8714926470700961,0.7594994338972431,59,49,59.0
557,A,1.375531552279891,0.8599175783052103,0.7394582414782975,107,94,96.2406015037594
557,C,1.2845832455130817,0.8415397839800691,0.7081892080212214,107,94,96.2406015037594
558,A,1.4071070568079793,0.9116592828875342,0.831122648075013,94,82,79.55710306406685
558,C,1.3197877711194146,0.9125474407506384,0.83274283162054,94,82,79.55710306406685
559,A,1.3629488561036227,0.8845063652324577,0.7823515101367339,112,99,100.46125461254613
559,C,1.2698943038224182,0.880656891447481,0.7755565604539404,112,99,100.46125461254613
560,A,1.3917004275264677,0.8935895620096591,0.7985023053326145,93,81,79.2691131498471
560,C,1.2965023407489376,0.8879578959561958,0.7884692249909542,93,81,79.2691131498471
561,A,1.3900271534024469,0.9110647497191324,0.8300389781807854,93,81,79.78678678678679
561,C,1.2951153370607922,0.9101819713666222,0.8284312210008306,93,81,79.78678678678679
562,A,1.3301321478053478,0.8429943991169966,0.7106395569426261,107,94,96.61454545454545
562,C,1.2475248848751894,0.8239594290215302,0.6789091406734861,107,94,96.61454545454545
563,A,1.2921510882257428,0.7921300537733964,0.6274700220910439,72,61,63.43396226415094
563,C,1.2228645347829896,0.7576258917951321,0.5739969919183692,72,61,63.43396226415094
564,A,1.349108153709058,0.8550922526727817,0.7311827605810123,130,116,115.67213114754098
564,C,1.2636725854774284,0.8471063930248772,0.7175892411036178,130,116,115.67213114754098
565,A,1.386491803989292,0.8753891035410971,0.7663060825984856,91,79,77.18823529411765
565,C,1.2915958805312127,0.8671654307061327,0.7519758842117527,91,79,77.18823529411765
566,A,1.323424092345089,0.8253757623970029,0.6812451491524338,107,94,96.36059479553903
566,C,1.2414228020837306,0.7966501644122068,0.6346514844579961,107,94,96.36059479553903
567,A,1.3546250551607133,0.8707116685306119,0.7581388097153622,132,118,117.43373493975903
567,C,1.2730623442209594,0.8661495407712043,0.7502150269781681,132,118,117.43373493975903
568,A,1.3046228744738393,0.8157532243209705,0.6654533229900597,72,61,64.08372093023256
568,C,1.2354380921302883,0.7914143088846635,0.6263366083073895,72,61,64.08372093023256
569,A,1.3629488561036227,0.8845063652324577,0.7823515101367339,112,99,100.46125461254613
569,C,1.2698943038224182,0.880656891447481,0.7755565604539404,112,99,100.46125461254613
570,A,1.333232504576304,0.8834551907425061,0.7804930740498779,112,99,101.17993079584775
570,C,1.2588710069196152,0.8825761114146536,0.7789405924398111,112,99,101.17993079584775
571,A,1.33285521188334,0.8429882021617638,0.7106291089839228,146,131,133.76699029126215
571,C,1.2572556943505495,0.8247777983212602,0.6802584166036654,146,131,133.76699029126215
572,A,1.3130592769751939,0.8656022818398197,0.7492673103263027,150,135,138.35294117647058
572,C,1.2343179919696277,0.8611276440159573,0.7415408192884733,150,135,138.35294117647058
573,A,1.386491803989292,0.8753891035410971,0.7663060825984856,91,79,77.18823529411765
573,C,1.2915958805312127,0.8671654307061327,0.7519758842117527,91,79,77.18823529411765
574,A,1.334201675837932,0.8487471465471057,0.7203717187718541,146,131,133.76699029126215
574,C,1.2498466210820516,0.8345051712041125,0.6963988807664051,146,131,133.76699029126215
575,A,1.3529389277994754,0.8676091629510579,0.7527456596366354,130,116,115.6
575,C,1.2665675550923245,0.8638541375415777,0.746243970947703,130,116,115.6
576,A,1.3529389277994754,0.8676091629510579,0.7527456596366354,130,116,115.6
576,C,1.2665675550923245,0.8638541375415777,0.746243970947703,130,116,115.6
577,A,1.331807031668938,0.8390246590896916,0.7039623785605732,127,113,112.96680497925311
577,C,1.2498891980366176,0.8212874560207409,0.6745130854170205,127,113,112.96680497925311
578,A,1.2954690475596704,0.8482448408151751,0.7195193099695618,115,102,103.32508833922262
578,C,1.2284442118266252,0.8395568796213572,0.70485575411955,115,102,103.32508833922262
579,A,1.3039861196803453,0.8122732198941973,0.6597877837572871,113,100,101.41454545454546
579,C,1.236846120287121,0.7832223631632538,0.6134372701590318,113,100,101.41454545454546
580,A,1.3451018078190158,0.8368882537550594,0.7003819492731926,146,131,133.76699029126215
580,C,1.2602938545437599,0.8187521647321396,0.6703551072535647,146,131,133.76699029126215
581,A,1.3056848467575468,0.8615815086869002,0.7423226961111951,115,102,103.68493150684931
581,C,1.2418243296980849,0.8565581025681761,0.7336917830751941,115,102,103.68493150684931
582,A,1.378379577859519,0.9045376703925537,0.8181883971591881,92,80,78.1204481792717
582,C,1.2866674193332364,0.9055465763223183,0.8200146018890722,92,80,78.1204481792717
583,A,1.386491803989292,0.8753891035410971,0.7663060825984856,91,79,77.18823529411765
583,C,1.2915958805312127,0.8671654307061327,0.7519758842117527,91,79,77.18823529411765
584,A,1.33285521188334,0.8429882021617638,0.7106291089839228,146,131,133.76699029126215
584,C,1.2572556943505495,0.8247777983212602,0.6802584166036654,146,131,133.76699029126215
585,A,1.3676247755045248,0.8507594125111869,0.7237915779763799,128,114,113.80645161290323
585,C,1.279758474542969,0.836545601474915,0.6998085433470272,128,114,113.80645161290323
586,A,1.3301037280161445,0.8643820309226834,0.7471562953820228,130,116,115.67213114754098
586,C,1.2438128201001262,0.8600041278836963,0.739607099976997,130,116,115.67213114754098
587,A,1.4221346252121698,0.8945850475486619,0.8002824072976416,73,62,63.6801007556675
587,C,1.3219374813425766,0.8871464102536231,0.7870287532258897,73,62,63.6801007556675
588,A,1.3858218933176933,0.8899913206602126,0.7920845508505093,112,99,100.68231046931407
588,C,1.2926879104280065,0.8867897922002055,0.7863961355504836,112,99,100.68231046931407
589,A,1.351155438528443,0.8832971225105859,0.780213806635481,112,99,101.17993079584775
589,C,1.2694024223431075,0.8824814818176557,0.7787735657510855,112,99,101.17993079584775
590,A,1.3627871284571969,0.8864666030125751,0.7858230382566543,111,98,99.84057971014492
590,C,1.2728110856326271,0.8844380432512248,0.7822306523500553,111,98,99.84057971014492
591,A,1.351155438528443,0.8832971225105859,0.780213806635481,112,99,101.17993079584775
591,C,1.2694024223431075,0.8824814818176557,0.7787735657510855,112,99,101.17993079584775
592,A,1.3846039755033324,0.8921432486357278,0.79591957608631,94,82,80.6711590296496
592,C,1.3080650721837166,0.8915491574390098,0.7948599001302082,94,82,80.6711590296496
593,A,1.3809234971284927,0.9255887947186855,0.8567146169087889,73,62,64.3317191283293
593,C,1.2882988992455575,0.9293317931809681,0.8636575818169537,73,62,64.3317191283293
594,A,1.386491803989292,0.8753891035410971,0.7663060825984856,91,79,77.18823529411765
594,C,1.2915958805312127,0.8671654307061327,0.7519758842117527,91,79,77.18823529411765
595,A,1.3130592769751939,0.8656022818398197,0.7492673103263027,150,135,138.35294117647058
595,C,1.2343179919696277,0.8611276440159573,0.7415408192884733,150,135,138.35294117647058
596,A,1.331807031668938,0.8390246590896916,0.7039623785605732,127,113,112.96680497925311
596,C,1.2498891980366176,0.8212874560207409,0.6745130854170205,127,113,112.96680497925311
597,A,1.3425456559305424,0.883215562464221,0.7800697297789901,111,98,99.61481481481482
597,C,1.252290164141499,0.8807408536526541,0.7757044512928059,111,98,99.61481481481482
598,A,1.3431264767301956,0.881002966690461,0.7761662273173935,91,79,77.18823529411765
598,C,1.2467552015278136,0.8770092737210616,0.769145266192744,91,79,77.18823529411765
599,A,1.3707201964831086,0.9047735944944378,0.8186152572943854,93,81,79.2691131498471
599,C,1.275523447404439,0.9032475445006904,0.8158561266465267,93,81,79.2691131498471
600,A,1.3858218933176933,0.8899913206602126,0.7920845508505093,112,99,100.68231046931407
600,C,1.2926879104280065,0.8867897922002055,0.7863961355504836,112,99,100.68231046931407
601,A,1.3945703842594288,0.8558230218414861,0.7324330447138927,71,60,63.46153846153846
601,C,1.3101248750059797,0.8431260656359866,0.7108615625548179,71,60,63.46153846153846
602,A,1.3250514034973895,0.8345674270418132,0.6965027902791922,133,119,118.336
602,C,1.2526097862475636,0.8199518225394823,0.6723209912858187,133,119,118.336
603,A,1.3130592769751939,0.8656022818398197,0.7492673103263027,150,135,138.35294117647058
603,C,1.2343179919696277,0.8611276440159573,0.7415408192884733,150,135,138.35294117647058
604,A,1.3529389277994754,0.8676091629510579,0.7527456596366354,130,116,115.6
604,C,1.2665675550923245,0.8638541375415777,0.746243970947703,130,116,115.6
605,A,1.3431264767301956,0.881002966690461,0.7761662273173935,91,79,77.18823529411765
605,C,1.2467552015278136,0.8770092737210616,0.769145266192744,91,79,77.18823529411765
606,A,1.3425456559305424,0.883215562464221,0.7800697297789901,111,98,99.61481481481482
606,C,1.252290164141499,0.8807408536526541,0.7757044512928059,111,98,99.61481481481482
607,A,1.3346430837498569,0.86904625990408,0.7552414018532698,150,135,137.61904761904762
607,C,1.2563194776984647,0.8654180892510749,0.7489484692029814,150,135,137.61904761904762
608,A,1.3546250551607133,0.8707116685306119,0.7581388097153622,132,118,117.43373493975903
608,C,1.2730623442209594,0.8661495407712043,0.7502150269781681,132,118,117.43373493975903
609,A,1.3451018078190158,0.8368882537550594,0.7003819492731926,146,131,133.76699029126215
609,C,1.2602938545437599,0.8187521647321396,0.6703551072535647,146,131,133.76699029126215
610,A,1.3858218933176933,0.8899913206602126,0.7920845508505093,112,99,100.68231046931407
610,C,1.2926879104280065,0.8867897922002055,0.7863961355504836,112,99,100.68231046931407
611,A,1.3370707289550139,0.860664678751303,0.7407436892500836,130,116,115.67213114754098
611,C,1.2604051022999232,0.8527653208116577,0.7272086923790094,130,116,115.67213114754098
612,A,1.3041443012347145,0.8190210268447291,0.6707954424137945,131,117,116.57551020408164
612,C,1.2294188453173223,0.8007973577005693,0.6412764081002135,131,117,116.57551020408164
613,A,1.375531552279891,0.8599175783052103,0.7394582414782975,107,94,96.2406015037594
613,C,1.2845832455130817,0.8415397839800691,0.7081892080212214,107,94,96.2406015037594
614,A,1.3973610780089356,0.8723947426275197,0.7610725869641364,79,68,69.46563192904657
614,C,1.3172608459280748,0.8707094462286175,0.7581349397517457,79,68,69.46563192904657
615,A,1.3440211579051633,0.9149759929437825,0.8371810676634608,73,62,63.68796068796069
615,C,1.2494778125501844,0.9184090750147833,0.8434752290695099,73,62,63.68796068796069
616,A,1.405474782652042,0.8922750430816049,0.7961547525062799,94,82,80.6711590296496
616,C,1.320801454033355,0.8915125476593381,0.7947946226340435,94,82,80.6711590296496
617,A,1.3301321478053478,0.8429943991169966,0.7106395569426261,107,94,96.61454545454545
617,C,1.2475248848751894,0.8239594290215302,0.6789091406734861,107,94,96.61454545454545
618,A,1.349108153709058,0.8550922526727817,0.7311827605810123,130,116,115.67213114754098
618,C,1.2636725854774284,0.8471063930248772,0.7175892411036178,130,116,115.67213114754098
619,A,1.351155438528443,0.8832971225105859,0.780213806635481,112,99,101.17993079584775
619,C,1.2694024223431075,0.8824814818176557,0.7787735657510855,112,99,101.17993079584775
620,A,1.3546250551607133,0.8707116685306119,0.7581388097153622,132,118,117.43373493975903
620,C,1.2730623442209594,0.8661495407712043,0.7502150269781681,132,118,117.43373493975903
621,A,1.3543037153596615,0.8697407736459297,0.7564490133422204,127,113,113.12068965517241
621,C,1.2659452638921702,0.8569124139903799,0.7342988852508202,127,113,113.12068965517241
622,A,1.30624309384357,0.7973648039695055,0.635790630609328,113,100,101.41454545454546
622,C,1.229009011951411,0.7691805178134986,0.5916386689838419,113,100,101.41454545454546
623,A,1.3735395202666316,0.874314152580362,0.7644252374023166,79,68,69.46563192904657
623,C,1.3024742049793971,0.8727532175128502,0.7616981786790323,79,68,69.46563192904657
624,A,1.3410841380527259,0.8751819265480317,0.7659434045563244,112,99,101.17993079584775
624,C,1.2679551575133288,0.8707702870705228,0.7582408928448807,112,99,101.17993079584775
625,A,1.3346430837498569,0.86904625990408,0.7552414018532698,150,135,137.61904761904762
625,C,1.2563194776984647,0.8654180892510749,0.7489484692029814,150,135,137.61904761904762
626,A,1.313738191223664,0.849363161324037,0.7214177798143621,166,150,166.0
626,C,1.2375080946428219,0.8350056427172541,0.6972344233696546,166,150,166.0
627,A,1.2954690475596704,0.8482448408151751,0.7195193099695618,115,102,103.32508833922262
627,C,1.2284442118266252,0.8395568796213572,0.70485575411955,115,102,103.32508833922262
628,A,1.3809234971284927,0.9255887947186855,0.8567146169087889,73,62,64.3317191283293
628,C,1.2882988992455575,0.9293317931809681,0.8636575818169537,73,62,64.3317191283293
629,A,1.3169684776839066,0.852062878962026,0.7260111497050562,135,121,120.14285714285714
629,C,1.2445500456313503,0.847316959600009,0.7179460300258033,135,121,120.14285714285714
630,A,1.3039861196803453,0.8122732198941973,0.6597877837572871,113,100,101.41454545454546
630,C,1.236846120287121,0.7832223631632538,0.6134372701590318,113,100,101.41454545454546
631,A,1.313738191223664,0.849363161324037,0.7214177798143621,166,150,166.0
631,C,1.2375080946428219,0.8350056427172541,0.6972344233696546,166,150,166.0
632,A,1.3651594365687838,0.8728285288328913,0.7618296407445894,111,98,99.61481481481482
632,C,1.2753298392233483,0.8663793936937311,0.7506132538171171,111,98,99.61481481481482
633,A,1.405474782652042,0.8922750430816049,0.7961547525062799,94,82,80.6711590296496
633,C,1.320801454033355,0.8915125476593381,0.7947946226340435,94,82,80.6711590296496
634,A,1.3543037153596615,0.8697407736459297,0.7564490133422204,127,113,113.12068965517241
634,C,1.2659452638921702,0.8569124139903799,0.7342988852508202,127,113,113.12068965517241
635,A,1.347693846846714,0.8697043918213733,0.7563857291533848,107,94,96.2406015037594
635,C,1.2573499568664435,0.8556858988850241,0.7321983575506718,107,94,96.2406015037594
636,A,1.3451018078190158,0.8368882537550594,0.7003819492731926,146,131,133.76699029126215
636,C,1.2602938545437599,0.8187521647321396,0.6703551072535647,146,131,133.76699029126215
637,A,1.3370707289550139,0.860664678751303,0.7407436892500836,130,116,115.67213114754098
637,C,1.2604051022999232,0.8527653208116577,0.7272086923790094,130,116,115.67213114754098
638,A,1.3676247755045248,0.8507594125111869,0.7237915779763799,128,114,113.80645161290323
638,C,1.279758474542969,0.836545601474915,0.6998085433470272,128,114,113.80645161290323
639,A,1.3753307487064261,0.8703011022291319,0.7574240085412419,112,99,101.17993079584775
639,C,1.2854488973496834,0.8656491809382846,0.7493485044591229,112,99,101.17993079584775
640,A,1.405474782652042,0.8922750430816049,0.7961547525062799,94,82,80.6711590296496
640,C,1.320801454033355,0.8915125476593381,0.7947946226340435,94,82,80.6711590296496
641,A,1.3082754497169402,0.8380962858392295,0.7024053843375114,115,102,103.32508833922262
641,C,1.2322968366329354,0.8297930719403349,0.6885565422401778,115,102,103.32508833922262
642,A,1.3809234971284927,0.9255887947186855,0.8567146169087889,73,62,64.3317191283293
642,C,1.2882988992455575,0.9293317931809681,0.8636575818169537,73,62,64.3317191283293
643,A,1.3370707289550139,0.860664678751303,0.7407436892500836,130,116,115.67213114754098
643,C,1.2604051022999232,0.8527653208116577,0.7272086923790094,130,116,115.67213114754098
644,A,1.323580543952137,0.8938674391850316,0.7989989988352062,112,99,100.46125461254613
644,C,1.2371464714825309,0.894104654960259,0.7994231340216039,112,99,100.46125461254613
645,A,1.3405927194877332,0.8592821860665837,0.738365875291367,91,79,78.00859598853869
645,C,1.2536241186638735,0.8503425042690117,0.7230823745664942,91,79,78.00859598853869
646,A,1.3690353535641235,0.8330864130311617,0.6940329715771274,87,75,74.84225352112676
646,C,1.28769890124227,0.8097385974448044,0.6556765961918789,87,75,74.84225352112676
647,A,1.3462801292887168,0.8520985304909395,0.7260719056648186,148,133,135.69230769230768
647,C,1.267445852718399,0.8381460752775359,0.7024888435031369,148,133,135.69230769230768
648,A,1.323580543952137,0.8938674391850316,0.7989989988352062,112,99,100.46125461254613
648,C,1.2371464714825309,0.894104654960259,0.7994231340216039,112,99,100.46125461254613
649,A,1.3250514034973895,0.8345674270418132,0.6965027902791922,133,119,118.336
649,C,1.2526097862475636,0.8199518225394823,0.6723209912858187,133,119,118.336
650,A,1.3566479195861516,0.9022513566043407,0.8140575104943732,112,99,100.68231046931407
650,C,1.271760357644228,0.903120344122676,0.8156263559682608,112,99,100.68231046931407
651,A,1.313738191223664,0.849363161324037,0.7214177798143621,166,150,166.0
651,C,1.2375080946428219,0.8350056427172541,0.6972344233696546,166,150,166.0
652,A,1.3301321478053478,0.8429943991169966,0.7106395569426261,107,94,96.61454545454545
652,C,1.2475248848751894,0.8239594290215302,0.6789091406734861,107,94,96.61454545454545
653,A,1.405474782652042,0.8922750430816049,0.7961547525062799,94,82,80.6711590296496
653,C,1.320801454033355,0.8915125476593381,0.7947946226340435,94,82,80.6711590296496
654,A,1.3451018078190158,0.8368882537550594,0.7003819492731926,146,131,133.76699029126215
654,C,1.2602938545437599,0.8187521647321396,0.6703551072535647,146,131,133.76699029126215
655,A,1.3410841380527259,0.8751819265480317,0.7659434045563244,112,99,101.17993079584775
655,C,1.2679551575133288,0.8707702870705228,0.7582408928448807,112,99,101.17993079584775
656,A,1.3462801292887168,0.8520985304909395,0.7260719056648186,148,133,135.69230769230768
656,C,1.267445852718399,0.8381460752775359,0.7024888435031369,148,133,135.69230769230768
657,A,1.434980622648746,0.9148538318620243,0.836957533672629,74,63,65.05922551252847
657,C,1.3399368111968404,0.915649223877536,0.838413501187534,74,63,65.05922551252847
658,A,1.3452399804918975,0.8301858993044112,0.689208627403874,113,100,102.01379310344828
658,C,1.2631509919202888,0.8154761551484723,0.6650013596157353,113,100,102.01379310344828
659,A,1.3371047347872467,0.8487193032877022,0.7203244557731626,115,102,103.68493150684931
659,C,1.2560436367150922,0.8440023075272168,0.7123398951112667,115,102,103.68493150684931
660,A,1.3130592769751939,0.8656022818398197,0.7492673103263027,150,135,138.35294117647058
660,C,1.2343179919696277,0.8611276440159573,0.7415408192884733,150,135,138.35294117647058
661,A,1.3410841380527259,0.8751819265480317,0.7659434045563244,112,99,101.17993079584775
661,C,1.2679551575133288,0.8707702870705228,0.7582408928448807,112,99,101.17993079584775
662,A,1.3462801292887168,0.8520985304909395,0.7260719056648186,148,133,135.69230769230768
662,C,1.267445852718399,0.8381460752775359,0.7024888435031369,148,133,135.69230769230768
663,A,1.3199202820802245,0.8474461596507576,0.7181649935068174,113,100,102.01379310344828
663,C,1.2564375562022279,0.8323874203868324,0.6928688176182454,113,100,102.01379310344828
664,A,1.3858218933176933,0.8899913206602126,0.7920845508505093,112,99,100.68231046931407
664,C,1.2926879104280065,0.8867897922002055,0.7863961355504836,112,99,100.68231046931407
665,A,1.3304630157675168,0.8564839699441618,0.7335647907713118,111,98,99.9605734767025
665,C,1.2479460447951076,0.8493382006142527,0.7213753790226566,111,98,99.9605734767025
666,A,1.4226413537875804,0.8517803529957494,0.7255297697495634,87,75,73.98843930635839
666,C,1.3325085782011277,0.8291883573805713,0.68755333201549,87,75,73.98843930635839
667,A,1.3301321478053478,0.8429943991169966,0.7106395569426261,107,94,96.61454545454545
667,C,1.2475248848751894,0.8239594290215302,0.6789091406734861,107,94,96.61454545454545
668,A,1.3809234971284927,0.9255887947186855,0.8567146169087889,73,62,64.3317191283293
668,C,1.2882988992455575,0.9293317931809681,0.8636575818169537,73,62,64.3317191283293
669,A,1.3370707289550139,0.860664678751303,0.7407436892500836,130,116,115.67213114754098
669,C,1.2604051022999232,0.8527653208116577,0.7272086923790094,130,116,115.67213114754098
670,A,1.351155438528443,0.8832971225105859,0.780213806635481,112,99,101.17993079584775
670,C,1.2694024223431075,0.8824814818176557,0.7787735657510855,112,99,101.17993079584775
671,A,1.3945703842594288,0.8558230218414861,0.7324330447138927,71,60,63.46153846153846
671,C,1.3101248750059797,0.8431260656359866,0.7108615625548179,71,60,63.46153846153846
672,A,1.313738191223664,0.849363161324037,0.7214177798143621,166,150,166.0
672,C,1.2375080946428219,0.8350056427172541,0.6972344233696546,166,150,166.0
673,A,1.386491803989292,0.8753891035410971,0.7663060825984856,91,79,77.18823529411765
673,C,1.2915958805312127,0.8671654307061327,0.7519758842117527,91,79,77.18823529411765
674,A,1.3460727526267622,0.8835979996297262,0.7807454249496536,132,118,117.85714285714286
674,C,1.2602140986101422,0.879649328936714,0.7737829418988112,132,118,117.85714285714286
675,A,1.323580543952137,0.8938674391850316,0.7989989988352062,112,99,100.46125461254613
675,C,1.2371464714825309,0.894104654960259,0.7994231340216039,112,99,100.46125461254613
676,A,1.351155438528443,0.8832971225105859,0.780213806635481,112,99,101.17993079584775
676,C,1.2694024223431075,0.8824814818176557,0.7787735657510855,112,99,101.17993079584775
677,A,1.3301321478053478,0.8429943991169966,0.7106395569426261,107,94,96.61454545454545
677,C,1.2475248848751894,0.8239594290215302,0.6789091406734861,107,94,96.61454545454545
678,A,1.3460727526267622,0.8835979996297262,0.7807454249496536,132,118,117.85714285714286
678,C,1.2602140986101422,0.879649328936714,0.7737829418988112,132,118,117.85714285714286
679,A,1.3301321478053478,0.8429943991169966,0.7106395569426261,107,94,96.61454545454545
679,C,1.2475248848751894,0.8239594290215302,0.6789091406734861,107,94,96.61454545454545
680,A,1.405474782652042,0.8922750430816049,0.7961547525062799,94,82,80.6711590296496
680,C,1.320801454033355,0.8915125476593381,0.7947946226340435,94,82,80.6711590296496
681,A,1.3546250551607133,0.8707116685306119,0.7581388097153622,132,118,117.43373493975903
681,C,1.2730623442209594,0.8661495407712043,0.7502150269781681,132,118,117.43373493975903
682,A,1.3651594365687838,0.8728285288328913,0.7618296407445894,111,98,99.61481481481482
682,C,1.2753298392233483,0.8663793936937311,0.7506132538171171,111,98,99.61481481481482
683,A,1.3690353535641235,0.8330864130311617,0.6940329715771274,87,75,74.84225352112676
683,C,1.28769890124227,0.8097385974448044,0.6556765961918789,87,75,74.84225352112676
684,A,1.3543037153596615,0.8697407736459297,0.7564490133422204,127,113,113.12068965517241
684,C,1.2659452638921702,0.8569124139903799,0.7342988852508202,127,113,113.12068965517241
685,A,1.405474782652042,0.8922750430816049,0.7961547525062799,94,82,80.6711590296496
685,C,1.320801454033355,0.8915125476593381,0.7947946226340435,94,82,80.6711590296496
686,A,1.4506916979955615,0.873218384138108,0.7625103463967684,71,60,62.48571428571429
686,C,1.3583157862647712,0.8615362529389875,0.742244715128151,71,60,62.48571428571429
687,A,1.378379577859519,0.9045376703925537,0.8181883971591881,92,80,78.1204481792717
687,C,1.2866674193332364,0.9055465763223183,0.8200146018890722,92,80,78.1204481792717
688,A,1.375531552279891,0.8599175783052103,0.7394582414782975,107,94,96.2406015037594
688,C,1.2845832455130817,0.8415397839800691,0.7081892080212214,107,94,96.2406015037594
689,A,1.3529389277994754,0.8676091629510579,0.7527456596366354,130,116,115.6
689,C,1.2665675550923245,0.8638541375415777,0.746243970947703,130,116,115.6
690,A,1.4221346252121698,0.8945850475486619,0.8002824072976416,73,62,63.6801007556675
690,C,1.3219374813425766,0.8871464102536231,0.7870287532258897,73,62,63.6801007556675
691,A,1.3846039755033324,0.8921432486357278,0.79591957608631,94,82,80.6711590296496
691,C,1.3080650721837166,0.8915491574390098,0.7948599001302082,94,82,80.6711590296496
692,A,1.405474782652042,0.8922750430816049,0.7961547525062799,94,82,80.6711590296496
692,C,1.320801454033355,0.8915125476593381,0.7947946226340435,94,82,80.6711590296496
693,A,1.3663271871375524,0.8889266181909881,0.7901905325284667,132,118,117.67510548523207
693,C,1.280928701482265,0.8858267654065978,0.7846890583107156,132,118,117.67510548523207
694,A,1.3676247755045248,0.8507594125111869,0.7237915779763799,128,114,113.80645161290323
694,C,1.279758474542969,0.836545601474915,0.6998085433470272,128,114,113.80645161290323
695,A,1.3462801292887168,0.8520985304909395,0.7260719056648186,148,133,135.69230769230768
695,C,1.267445852718399,0.8381460752775359,0.7024888435031369,148,133,135.69230769230768
696,A,1.3973610780089356,0.8723947426275197,0.7610725869641364,79,68,69.46563192904657
696,C,1.3172608459280748,0.8707094462286175,0.7581349397517457,79,68,69.46563192904657
697,A,1.3405927194877332,0.8592821860665837,0.738365875291367,91,79,78.00859598853869
697,C,1.2536241186638735,0.8503425042690117,0.7230823745664942,91,79,78.00859598853869
698,A,1.375531552279891,0.8599175783052103,0.7394582414782975,107,94,96.2406015037594
698,C,1.2845832455130817,0.8415397839800691,0.7081892080212214,107,94,96.2406015037594
699,A,1.4325581602682356,0.8943469776809999,0.799856516487139,74,63,66.36141906873614
699,C,1.3394346153578613,0.8933840081716402,0.7981349860568253,74,63,66.36141906873614
700,A,1.3346430837498569,0.86904625990408,0.7552414018532698,150,135,137.61904761904762
700,C,1.2563194776984647,0.8654180892510749,0.7489484692029814,150,135,137.61904761904762
701,A,1.2934399678406834,0.830476850585782,0.6896917993588794,131,117,116.57551020408164
701,C,1.2281021460104278,0.8115738428504188,0.6586521023989962,131,117,116.57551020408164
702,A,1.378379577859519,0.9045376703925537,0.8181883971591881,92,80,78.1204481792717
702,C,1.2866674193332364,0.9055465763223183,0.8200146018890722,92,80,78.1204481792717
703,A,1.3690353535641235,0.8330864130311617,0.6940329715771274,87,75,74.84225352112676
703,C,1.28769890124227,0.8097385974448044,0.6556765961918789,87,75,74.84225352112676
704,A,1.333232504576304,0.8834551907425061,0.7804930740498779,112,99,101.17993079584775
704,C,1.2588710069196152,0.8825761114146536,0.7789405924398111,112,99,101.17993079584775
705,A,1.405474782652042,0.8922750430816049,0.7961547525062799,94,82,80.6711590296496
705,C,1.320801454033355,0.8915125476593381,0.7947946226340435,94,82,80.6711590296496
706,A,1.3651594365687838,0.8728285288328913,0.7618296407445894,111,98,99.61481481481482
706,C,1.2753298392233483,0.8663793936937311,0.7506132538171171,111,98,99.61481481481482
707,A,1.3301037280161445,0.8643820309226834,0.7471562953820228,130,116,115.67213114754098
707,C,1.2438128201001262,0.8600041278836963,0.739607099976997,130,116,115.67213114754098
708,A,1.3301037280161445,0.8643820309226834,0.7471562953820228,130,116,115.67213114754098
708,C,1.2438128201001262,0.8600041278836963,0.739607099976997,130,116,115.67213114754098
709,A,1.347693846846714,0.8697043918213733,0.7563857291533848,107,94,96.2406015037594
709,C,1.2573499568664435,0.8556858988850241,0.7321983575506718,107,94,96.2406015037594
710,A,1.3460727526267622,0.8835979996297262,0.7807454249496536,132,118,117.85714285714286
710,C,1.2602140986101422,0.879649328936714,0.7737829418988112,132,118,117.85714285714286
711,A,1.349108153709058,0.8550922526727817,0.7311827605810123,130,116,115.67213114754098
711,C,1.2636725854774284,0.8471063930248772,0.7175892411036178,130,116,115.67213114754098
712,A,1.3370707289550139,0.860664678751303,0.7407436892500836,130,116,115.67213114754098
712,C,1.2604051022999232,0.8527653208116577,0.7272086923790094,130,116,115.67213114754098
713,A,1.3651594365687838,0.8728285288328913,0.7618296407445894,111,98,99.61481481481482
713,C,1.2753298392233483,0.8663793936937311,0.7506132538171171,111,98,99.61481481481482
714,A,1.3543037153596615,0.8697407736459297,0.7564490133422204,127,113,113.12068965517241
714,C,1.2659452638921702,0.8569124139903799,0.7342988852508202,127,113,113.12068965517241
715,A,1.3858218933176933,0.8899913206602126,0.7920845508505093,112,99,100.68231046931407
715,C,1.2926879104280065,0.8867897922002055,0.7863961355504836,112,99,100.68231046931407
716,A,1.3405113235141686,0.8193457786235765,0.6713275049482749,109,96,98.04059040590406
716,C,1.255062484682871,0.790864259460823,0.6254662768925159,109,96,98.04059040590406
717,A,1.3046228744738393,0.8157532243209705,0.6654533229900597,72,61,64.08372093023256
717,C,1.2354380921302883,0.7914143088846635,0.6263366083073895,72,61,64.08372093023256
718,A,1.3370707289550139,0.860664678751303,0.7407436892500836,130,116,115.67213114754098
718,C,1.2604051022999232,0.8527653208116577,0.7272086923790094,130,116,115.67213114754098
719,A,1.331807031668938,0.8390246590896916,0.7039623785605732,127,113,112.96680497925311
719,C,1.2498891980366176,0.8212874560207409,0.6745130854170205,127,113,112.96680497925311
720,A,1.3425456559305424,0.883215562464221,0.7800697297789901,111,98,99.61481481481482
720,C,1.252290164141499,0.8807408536526541,0.7757044512928059,111,98,99.61481481481482
721,A,1.3130592769751939,0.8656022818398197,0.7492673103263027,150,135,138.35294117647058
721,C,1.2343179919696277,0.8611276440159573,0.7415408192884733,150,135,138.35294117647058
722,A,1.347693846846714,0.8697043918213733,0.7563857291533848,107,94,96.2406015037594
722,C,1.2573499568664435,0.8556858988850241,0.7321983575506718,107,94,96.2406015037594
723,A,1.350786624649748,0.809430904552446,0.655178389244591,87,75,74.27220630372493
723,C,1.268787284346836,0.775733957176084,0.6017631723160665,87,75,74.27220630372493
724,A,1.331807031668938,0.8390246590896916,0.7039623785605732,127,113,112.96680497925311
724,C,1.2498891980366176,0.8212874560207409,0.6745130854170205,127,113,112.96680497925311
725,A,1.3580150682289234,0.8824210400746471,0.7786668919664219,59,49,59.0
725,C,1.2958873443464594,0.8807884886410235,0.7757883617225385,59,49,59.0
726,A,1.3848546755262876,0.8715639824202973,0.7596237754523283,109,96,98.16058394160584
726,C,1.2931300225624902,0.858607398063167,0.7372066640088017,109,96,98.16058394160584
727,A,1.37339489589512,0.8849170558240959,0.783078195688386,92,80,79.2439024390244
727,C,1.2842551687141472,0.8841929312085705,0.7817971395992038,92,80,79.2439024390244
728,A,1.4506916979955615,0.873218384138108,0.7625103463967684,71,60,62.48571428571429
728,C,1.3583157862647712,0.8615362529389875,0.742244715128151,71,60,62.48571428571429
729,A,1.351155438528443,0.8832971225105859,0.780213806635481,112,99,101.17993079584775
729,C,1.2694024223431075,0.8824814818176557,0.7787735657510855,112,99,101.17993079584775
730,A,1.3837118678459026,0.8748314100160476,0.765329995950666,112,99,100.46125461254613
730,C,1.2908572770178182,0.8673014756984485,0.7522118497487065,112,99,100.46125461254613
731,A,1.3529389277994754,0.8676091629510579,0.7527456596366354,130,116,115.6
731,C,1.2665675550923245,0.8638541375415777,0.746243970947703,130,116,115.6
732,A,1.4325581602682356,0.8943469776809999,0.799856516487139,74,63,66.36141906873614
732,C,1.3394346153578613,0.8933840081716402,0.7981349860568253,74,63,66.36141906873614
733,A,1.33285521188334,0.8429882021617638,0.7106291089839228,146,131,133.76699029126215
733,C,1.2572556943505495,0.8247777983212602,0.6802584166036654,146,131,133.76699029126215
734,A,1.3041443012347145,0.8190210268447291,0.6707954424137945,131,117,116.57551020408164
734,C,1.2294188453173223,0.8007973577005693,0.6412764081002135,131,117,116.57551020408164
735,A,1.351155438528443,0.8832971225105859,0.780213806635481,112,99,101.17993079584775
735,C,1.2694024223431075,0.8824814818176557,0.7787735657510855,112,99,101.17993079584775
736,A,1.3370707289550139,0.860664678751303,0.7407436892500836,130,116,115.67213114754098
736,C,1.2604051022999232,0.8527653208116577,0.7272086923790094,130,116,115.67213114754098
737,A,1.3346430837498569,0.86904625990408,0.7552414018532698,150,135,137.61904761904762
737,C,1.2563194776984647,0.8654180892510749,0.7489484692029814,150,135,137.61904761904762
738,A,1.3462801292887168,0.8520985304909395,0.7260719056648186,148,133,135.69230769230768
738,C,1.267445852718399,0.8381460752775359,0.7024888435031369,148,133,135.69230769230768
739,A,1.351155438528443,0.8832971225105859,0.780213806635481,112,99,101.17993079584775
739,C,1.2694024223431075,0.8824814818176557,0.7787735657510855,112,99,101.17993079584775
740,A,1.3651594365687838,0.8728285288328913,0.7618296407445894,111,98,99.61481481481482
740,C,1.2753298392233483,0.8663793936937311,0.7506132538171171,111,98,99.61481481481482
741,A,1.3169684776839066,0.852062878962026,0.7260111497050562,135,121,120.14285714285714
741,C,1.2445500456313503,0.847316959600009,0.7179460300258033,135,121,120.14285714285714
742,A,1.3858218933176933,0.8899913206602126,0.7920845508505093,112,99,100.68231046931407
742,C,1.2926879104280065,0.8867897922002055,0.7863961355504836,112,99,100.68231046931407
743,A,1.3370707289550139,0.860664678751303,0.7407436892500836,130,116,115.67213114754098
743,C,1.2604051022999232,0.8527653208116577,0.7272086923790094,130,116,115.67213114754098
744,A,1.3346430837498569,0.86904625990408,0.7552414018532698,150,135,137.61904761904762
744,C,1.2563194776984647,0.8654180892510749,0.7489484692029814,150,135,137.61904761904762
745,A,1.3707201964831086,0.9047735944944378,0.8186152572943854,93,81,79.2691131498471
745,C,1.275523447404439,0.9032475445006904,0.8158561266465267,93,81,79.2691131498471
746,A,1.371906958723931,0.8763255555807927,0.7679464793639851,112,99,100.46125461254613
746,C,1.2875294948800615,0.8690306352288379,0.7552142449662376,112,99,100.46125461254613
747,A,1.3250514034973895,0.8345674270418132,0.6965027902791922,133,119,118.336
747,C,1.2526097862475636,0.8199518225394823,0.6723209912858187,133,119,118.336
748,A,1.3707201964831086,0.9047735944944378,0.8186152572943854,93,81,79.2691131498471
748,C,1.275523447404439,0.9032475445006904,0.8158561266465267,93,81,79.2691131498471
749,A,1.349108153709058,0.8550922526727817,0.7311827605810123,130,116,115.67213114754098
749,C,1.2636725854774284,0.8471063930248772,0.7175892411036178,130,116,115.67213114754098
750,A,1.3425456559305424,0.883215562464221,0.7800697297789901,111,98,99.61481481481482
750,C,1.252290164141499,0.8807408536526541,0.7757044512928059,111,98,99.61481481481482
751,A,1.331807031668938,0.8390246590896916,0.7039623785605732,127,113,112.96680497925311
751,C,1.2498891980366176,0.8212874560207409,0.6745130854170205,127,113,112.96680497925311
752,A,1.323424092345089,0.8253757623970029,0.6812451491524338,107,94,96.36059479553903
752,C,1.2414228020837306,0.7966501644122068,0.6346514844579961,107,94,96.36059479553903
753,A,1.386491803989292,0.8753891035410971,0.7663060825984856,91,79,77.18823529411765
753,C,1.2915958805312127,0.8671654307061327,0.7519758842117527,91,79,77.18823529411765
754,A,1.3250514034973895,0.8345674270418132,0.6965027902791922,133,119,118.336
754,C,1.2526097862475636,0.8199518225394823,0.6723209912858187,133,119,118.336
755,A,1.3371047347872467,0.8487193032877022,0.7203244557731626,115,102,103.68493150684931
755,C,1.2560436367150922,0.8440023075272168,0.7123398951112667,115,102,103.68493150684931
756,A,1.323424092345089,0.8253757623970029,0.6812451491524338,107,94,96.36059479553903
756,C,1.2414228020837306,0.7966501644122068,0.6346514844579961,107,94,96.36059479553903
757,A,1.3858218933176933,0.8899913206602126,0.7920845508505093,112,99,100.68231046931407
757,C,1.2926879104280065,0.8867897922002055,0.7863961355504836,112,99,100.68231046931407
758,A,1.3546250551607133,0.8707116685306119,0.7581388097153622,132,118,117.43373493975903
758,C,1.2730623442209594,0.8661495407712043,0.7502150269781681,132,118,117.43373493975903
759,A,1.3627871284571969,0.8864666030125751,0.7858230382566543,111,98,99.84057971014492
759,C,1.2728110856326271,0.8844380432512248,0.7822306523500553,111,98,99.84057971014492
760,A,1.3543037153596615,0.8697407736459297,0.7564490133422204,127,113,113.12068965517241
760,C,1.2659452638921702,0.8569124139903799,0.7342988852508202,127,113,113.12068965517241
761,A,1.33285521188334,0.8429882021617638,0.7106291089839228,146,131,133.76699029126215
761,C,1.2572556943505495,0.8247777983212602,0.6802584166036654,146,131,133.76699029126215
762,A,1.4071070568079793,0.9116592828875342,0.831122648075013,94,82,79.55710306406685
762,C,1.3197877711194146,0.9125474407506384,0.83274283162054,94,82,79.55710306406685
763,A,1.2954690475596704,0.8482448408151751,0.7195193099695618,115,102,103.32508833922262
763,C,1.2284442118266252,0.8395568796213572,0.70485575411955,115,102,103.32508833922262
764,A,1.334201675837932,0.8487471465471057,0.7203717187718541,146,131,133.76699029126215
764,C,1.2498466210820516,0.8345051712041125,0.6963988807664051,146,131,133.76699029126215
765,A,1.3405113235141686,0.8193457786235765,0.6713275049482749,109,96,98.04059040590406
765,C,1.255062484682871,0.790864259460823,0.6254662768925159,109,96,98.04059040590406
766,A,1.3858218933176933,0.8899913206602126,0.7920845508505093,112,99,100.68231046931407
766,C,1.2926879104280065,0.8867897922002055,0.7863961355504836,112,99,100.68231046931407
767,A,1.434980622648746,0.9148538318620243,0.836957533672629,74,63,65.05922551252847
767,C,1.3399368111968404,0.915649223877536,0.838413501187534,74,63,65.05922551252847
768,A,1.2934399678406834,0.830476850585782,0.6896917993588794,131,117,116.57551020408164
768,C,1.2281021460104278,0.8115738428504188,0.6586521023989962,131,117,116.57551020408164
769,A,1.3543037153596615,0.8697407736459297,0.7564490133422204,127,113,113.12068965517241
769,C,1.2659452638921702,0.8569124139903799,0.7342988852508202,127,113,113.12068965517241
770,A,1.375531552279891,0.8599175783052103,0.7394582414782975,107,94,96.2406015037594
770,C,1.2845832455130817,0.8415397839800691,0.7081892080212214,107,94,96.2406015037594
771,A,1.4221346252121698,0.8945850475486619,0.8002824072976416,73,62,63.6801007556675
771,C,1.3219374813425766,0.8871464102536231,0.7870287532258897,73,62,63.6801007556675
772,A,1.3130592769751939,0.8656022818398197,0.7492673103263027,150,135,138.35294117647058
772,C,1.2343179919696277,0.8611276440159573,0.7415408192884733,150,135,138.35294117647058
773,A,1.3462801292887168,0.8520985304909395,0.7260719056648186,148,133,135.69230769230768
773,C,1.267445852718399,0.8381460752775359,0.7024888435031369,148,133,135.69230769230768
774,A,1.3809234971284927,0.9255887947186855,0.8567146169087889,73,62,64.3317191283293
774,C,1.2882988992455575,0.9293317931809681,0.8636575818169537,73,62,64.3317191283293
775,A,1.334201675837932,0.8487471465471057,0.7203717187718541,146,131,133.76699029126215
775,C,1.2498466210820516,0.8345051712041125,0.6963988807664051,146,131,133.76699029126215
776,A,1.331807031668938,0.8390246590896916,0.7039623785605732,127,113,112.96680497925311
776,C,1.2498891980366176,0.8212874560207409,0.6745130854170205,127,113,112.96680497925311
777,A,1.366474322104927,0.8563139560965788,0.7332735914057734,127,113,113.12068965517241
777,C,1.2768011369222265,0.8391767704388179,0.7042176520441245,127,113,113.12068965517241
778,A,1.313738191223664,0.849363161324037,0.7214177798143621,166,150,166.0
778,C,1.2375080946428219,0.8350056427172541,0.6972344233696546,166,150,166.0
779,A,1.3848546755262876,0.8715639824202973,0.7596237754523283,109,96,98.16058394160584
779,C,1.2931300225624902,0.858607398063167,0.7372066640088017,109,96,98.16058394160584
780,A,1.334201675837932,0.8487471465471057,0.7203717187718541,146,131,133.76699029126215
780,C,1.2498466210820516,0.8345051712041125,0.6963988807664051,146,131,133.76699029126215
781,A,1.3410841380527259,0.8751819265480317,0.7659434045563244,112,99,101.17993079584775
781,C,1.2679551575133288,0.8707702870705228,0.7582408928448807,112,99,101.17993079584775
782,A,1.351155438528443,0.8832971225105859,0.780213806635481,112,99,101.17993079584775
782,C,1.2694024223431075,0.8824814818176557,0.7787735657510855,112,99,101.17993079584775
783,A,1.313738191223664,0.849363161324037,0.7214177798143621,166,150,166.0
783,C,1.2375080946428219,0.8350056427172541,0.6972344233696546,166,150,166.0
784,A,1.3301037280161445,0.8643820309226834,0.7471562953820228,130,116,115.67213114754098
784,C,1.2438128201001262,0.8600041278836963,0.739607099976997,130,116,115.67213114754098
785,A,1.3690353535641235,0.8330864130311617,0.6940329715771274,87,75,74.84225352112676
785,C,1.28769890124227,0.8097385974448044,0.6556765961918789,87,75,74.84225352112676
786,A,1.3440211579051633,0.9149759929437825,0.8371810676634608,73,62,63.68796068796069
786,C,1.2494778125501844,0.9184090750147833,0.8434752290695099,73,62,63.68796068796069
787,A,1.375531552279891,0.8599175783052103,0.7394582414782975,107,94,96.2406015037594
787,C,1.2845832455130817,0.8415397839800691,0.7081892080212214,107,94,96.2406015037594
788,A,1.323580543952137,0.8938674391850316,0.7989989988352062,112,99,100.46125461254613
788,C,1.2371464714825309,0.894104654960259,0.7994231340216039,112,99,100.46125461254613
789,A,1.3917004275264677,0.8935895620096591,0.7985023053326145,93,81,79.2691131498471
789,C,1.2965023407489376,0.8879578959561958,0.7884692249909542,93,81,79.2691131498471
790,A,1.3546250551607133,0.8707116685306119,0.7581388097153622,132,118,117.43373493975903
790,C,1.2730623442209594,0.8661495407712043,0.7502150269781681,132,118,117.43373493975903
791,A,1.3917004275264677,0.8935895620096591,0.7985023053326145,93,81,79.2691131498471
791,C,1.2965023407489376,0.8879578959561958,0.7884692249909542,93,81,79.2691131498471
792,A,1.3627871284571969,0.8864666030125751,0.7858230382566543,111,98,99.84057971014492
792,C,1.2728110856326271,0.8844380432512248,0.7822306523500553,111,98,99.84057971014492
793,A,1.313738191223664,0.849363161324037,0.7214177798143621,166,150,166.0
793,C,1.2375080946428219,0.8350056427172541,0.6972344233696546,166,150,166.0
794,A,1.3837118678459026,0.8748314100160476,0.765329995950666,112,99,100.46125461254613
794,C,1.2908572770178182,0.8673014756984485,0.7522118497487065,112,99,100.46125461254613
795,A,1.3056848467575468,0.8615815086869002,0.7423226961111951,115,102,103.68493150684931
795,C,1.2418243296980849,0.8565581025681761,0.7336917830751941,115,102,103.68493150684931
796,A,1.4506916979955615,0.873218384138108,0.7625103463967684,71,60,62.48571428571429
796,C,1.3583157862647712,0.8615362529389875,0.742244715128151,71,60,62.48571428571429
797,A,1.323424092345089,0.8253757623970029,0.6812451491524338,107,94,96.36059479553903
797,C,1.2414228020837306,0.7966501644122068,0.6346514844579961,107,94,96.36059479553903
798,A,1.347693846846714,0.8697043918213733,0.7563857291533848,107,94,96.2406015037594
798,C,1.2573499568664435,0.8556858988850241,0.7321983575506718,107,94,96.2406015037594
799,A,1.334201675837932,0.8487471465471057,0.7203717187718541,146,131,133.76699029126215
799,C,1.2498466210820516,0.8345051712041125,0.6963988807664051,146,131,133.76699029126215
800,A,1.3546250551607133,0.8707116685306119,0.7581388097153622,132,118,117.43373493975903
800,C,1.2730623442209594,0.8661495407712043,0.7502150269781681,132,118,117.43373493975903
801,A,1.3690353535641235,0.8330864130311617,0.6940329715771274,87,75,74.84225352112676
801,C,1.28769890124227,0.8097385974448044,0.6556765961918789,87,75,74.84225352112676
802,A,1.2921510882257428,0.7921300537733964,0.6274700220910439,72,61,63.43396226415094
802,C,1.2228645347829896,0.7576258917951321,0.5739969919183692,72,61,63.43396226415094
803,A,1.334201675837932,0.8487471465471057,0.7203717187718541,146,131,133.76699029126215
803,C,1.2498466210820516,0.8345051712041125,0.6963988807664051,146,131,133.76699029126215
804,A,1.3837118678459026,0.8748314100160476,0.765329995950666,112,99,100.46125461254613
804,C,1.2908572770178182,0.8673014756984485,0.7522118497487065,112,99,100.46125461254613
805,A,1.2999538604519443,0.7668368061505062,0.5880386872671091,54,44,54.0
805,C,1.2243547341077052,0.7210212941400053,0.519871706603328,54,44,54.0
806,A,1.3462801292887168,0.8520985304909395,0.7260719056648186,148,133,135.69230769230768
806,C,1.267445852718399,0.8381460752775359,0.7024888435031369,148,133,135.69230769230768
807,A,1.3410841380527259,0.8751819265480317,0.7659434045563244,112,99,101.17993079584775
807,C,1.2679551575133288,0.8707702870705228,0.7582408928448807,112,99,101.17993079584775
808,A,1.3346430837498569,0.86904625990408,0.7552414018532698,150,135,137.61904761904762
808,C,1.2563194776984647,0.8654180892510749,0.7489484692029814,150,135,137.61904761904762
809,A,1.3431264767301956,0.881002966690461,0.7761662273173935,91,79,77.18823529411765
809,C,1.2467552015278136,0.8770092737210616,0.769145266192744,91,79,77.18823529411765
810,A,1.3425456559305424,0.883215562464221,0.7800697297789901,111,98,99.61481481481482
810,C,1.252290164141499,0.8807408536526541,0.7757044512928059,111,98,99.61481481481482
811,A,1.3945703842594288,0.8558230218414861,0.7324330447138927,71,60,63.46153846153846
811,C,1.3101248750059797,0.8431260656359866,0.7108615625548179,71,60,63.46153846153846
812,A,1.3735395202666316,0.874314152580362,0.7644252374023166,79,68,69.46563192904657
812,C,1.3024742049793971,0.8727532175128502,0.7616981786790323,79,68,69.46563192904657
813,A,1.3425456559305424,0.883215562464221,0.7800697297789901,111,98,99.61481481481482
813,C,1.252290164141499,0.8807408536526541,0.7757044512928059,111,98,99.61481481481482
814,A,1.3169684776839066,0.852062878962026,0.7260111497050562,135,121,120.14285714285714
814,C,1.2445500456313503,0.847316959600009,0.7179460300258033,135,121,120.14285714285714
815,A,1.3462801292887168,0.8520985304909395,0.7260719056648186,148,133,135.69230769230768
815,C,1.267445852718399,0.8381460752775359,0.7024888435031369,148,133,135.69230769230768
816,A,1.3370707289550139,0.860664678751303,0.7407436892500836,130,116,115.67213114754098
816,C,1.2604051022999232,0.8527653208116577,0.7272086923790094,130,116,115.67213114754098
817,A,1.4226413537875804,0.8517803529957494,0.7255297697495634,87,75,73.98843930635839
817,C,1.3325085782011277,0.8291883573805713,0.68755333201549,87,75,73.98843930635839
818,A,1.3370707289550139,0.860664678751303,0.7407436892500836,130,116,115.67213114754098
818,C,1.2604051022999232,0.8527653208116577,0.7272086923790094,130,116,115.67213114754098
819,A,1.349108153709058,0.8550922526727817,0.7311827605810123,130,116,115.67213114754098
819,C,1.2636725854774284,0.8471063930248772,0.7175892411036178,130,116,115.67213114754098
820,A,1.2934399678406834,0.830476850585782,0.6896917993588794,131,117,116.57551020408164
820,C,1.2281021460104278,0.8115738428504188,0.6586521023989962,131,117,116.57551020408164
821,A,1.405474782652042,0.8922750430816049,0.7961547525062799,94,82,80.6711590296496
821,C,1.320801454033355,0.8915125476593381,0.7947946226340435,94,82,80.6711590296496
822,A,1.3370707289550139,0.860664678751303,0.7407436892500836,130,116,115.67213114754098
822,C,1.2604051022999232,0.8527653208116577,0.7272086923790094,130,116,115.67213114754098
823,A,1.378379577859519,0.9045376703925537,0.8181883971591881,92,80,78.1204481792717
823,C,1.2866674193332364,0.9055465763223183,0.8200146018890722,92,80,78.1204481792717
824,A,1.351155438528443,0.8832971225105859,0.780213806635481,112,99,101.17993079584775
824,C,1.2694024223431075,0.8824814818176557,0.7787735657510855,112,99,101.17993079584775
825,A,1.3250514034973895,0.8345674270418132,0.6965027902791922,133,119,118.336
825,C,1.2526097862475636,0.8199518225394823,0.6723209912858187,133,119,118.336
826,A,1.3169684776839066,0.852062878962026,0.7260111497050562,135,121,120.14285714285714
826,C,1.2445500456313503,0.847316959600009,0.7179460300258033,135,121,120.14285714285714
827,A,1.3707201964831086,0.9047735944944378,0.8186152572943854,93,81,79.2691131498471
827,C,1.275523447404439,0.9032475445006904,0.8158561266465267,93,81,79.2691131498471
828,A,1.3046228744738393,0.8157532243209705,0.6654533229900597,72,61,64.08372093023256
828,C,1.2354380921302883,0.7914143088846635,0.6263366083073895,72,61,64.08372093023256
829,A,1.3917004275264677,0.8935895620096591,0.7985023053326145,93,81,79.2691131498471
829,C,1.2965023407489376,0.8879578959561958,0.7884692249909542,93,81,79.2691131498471
830,A,1.4506916979955615,0.873218384138108,0.7625103463967684,71,60,62.48571428571429
830,C,1.3583157862647712,0.8615362529389875,0.742244715128151,71,60,62.48571428571429
831,A,1.323580543952137,0.8938674391850316,0.7989989988352062,112,99,100.46125461254613
831,C,1.2371464714825309,0.894104654960259,0.7994231340216039,112,99,100.46125461254613
832,A,1.3451018078190158,0.8368882537550594,0.7003819492731926,146,131,133.76699029126215
832,C,1.2602938545437599,0.8187521647321396,0.6703551072535647,146,131,133.76699029126215
833,A,1.405474782652042,0.8922750430816049,0.7961547525062799,94,82,80.6711590296496
833,C,1.320801454033355,0.8915125476593381,0.7947946226340435,94,82,80.6711590296496
834,A,1.3301037280161445,0.8643820309226834,0.7471562953820228,130,116,115.67213114754098
834,C,1.2438128201001262,0.8600041278836963,0.739607099976997,130,116,115.67213114754098
835,A,1.3169684776839066,0.852062878962026,0.7260111497050562,135,121,120.14285714285714
835,C,1.2445500456313503,0.847316959600009,0.7179460300258033,135,121,120.14285714285714
836,A,1.3199202820802245,0.8474461596507576,0.7181649935068174,113,100,102.01379310344828
836,C,1.2564375562022279,0.8323874203868324,0.6928688176182454,113,100,102.01379310344828
837,A,1.3250514034973895,0.8345674270418132,0.6965027902791922,133,119,118.336
837,C,1.2526097862475636,0.8199518225394823,0.6723209912858187,133,119,118.336
838,A,1.3809234971284927,0.9255887947186855,0.8567146169087889,73,62,64.3317191283293
838,C,1.2882988992455575,0.9293317931809681,0.8636575818169537,73,62,64.3317191283293
839,A,1.3304630157675168,0.8564839699441618,0.7335647907713118,111,98,99.9605734767025
839,C,1.2479460447951076,0.8493382006142527,0.7213753790226566,111,98,99.9605734767025
840,A,1.4325581602682356,0.8943469776809999,0.799856516487139,74,63,66.36141906873614
840,C,1.3394346153578613,0.8933840081716402,0.7981349860568253,74,63,66.36141906873614
841,A,1.323580543952137,0.8938674391850316,0.7989989988352062,112,99,100.46125461254613
841,C,1.2371464714825309,0.894104654960259,0.7994231340216039,112,99,100.46125461254613
842,A,1.3041443012347145,0.8190210268447291,0.6707954424137945,131,117,116.57551020408164
842,C,1.2294188453173223,0.8007973577005693,0.6412764081002135,131,117,116.57551020408164
843,A,1.3543037153596615,0.8697407736459297,0.7564490133422204,127,113,113.12068965517241
843,C,1.2659452638921702,0.8569124139903799,0.7342988852508202,127,113,113.12068965517241
844,A,1.3410841380527259,0.8751819265480317,0.7659434045563244,112,99,101.17993079584775
844,C,1.2679551575133288,0.8707702870705228,0.7582408928448807,112,99,101.17993079584775
845,A,1.3837118678459026,0.8748314100160476,0.765329995950666,112,99,100.46125461254613
845,C,1.2908572770178182,0.8673014756984485,0.7522118497487065,112,99,100.46125461254613
846,A,1.30624309384357,0.7973648039695055,0.635790630609328,113,100,101.41454545454546
846,C,1.229009011951411,0.7691805178134986,0.5916386689838419,113,100,101.41454545454546
847,A,1.33285521188334,0.8429882021617638,0.7106291089839228,146,131,133.76699029126215
847,C,1.2572556943505495,0.8247777983212602,0.6802584166036654,146,131,133.76699029126215
848,A,1.3973610780089356,0.8723947426275197,0.7610725869641364,79,68,69.46563192904657
848,C,1.3172608459280748,0.8707094462286175,0.7581349397517457,79,68,69.46563192904657
849,A,1.33285521188334,0.8429882021617638,0.7106291089839228,146,131,133.76699029126215
849,C,1.2572556943505495,0.8247777983212602,0.6802584166036654,146,131,133.76699029126215
850,A,1.375531552279891,0.8599175783052103,0.7394582414782975,107,94,96.2406015037594
850,C,1.2845832455130817,0.8415397839800691,0.7081892080212214,107,94,96.2406015037594
851,A,1.3546250551607133,0.8707116685306119,0.7581388097153622,132,118,117.43373493975903
851,C,1.2730623442209594,0.8661495407712043,0.7502150269781681,132,118,117.43373493975903
852,A,1.3809234971284927,0.9255887947186855,0.8567146169087889,73,62,64.3317191283293
852,C,1.2882988992455575,0.9293317931809681,0.8636575818169537,73,62,64.3317191283293
853,A,1.3082754497169402,0.8380962858392295,0.7024053843375114,115,102,103.32508833922262
853,C,1.2322968366329354,0.8297930719403349,0.6885565422401778,115,102,103.32508833922262
854,A,1.313738191223664,0.849363161324037,0.7214177798143621,166,150,166.0
854,C,1.2375080946428219,0.8350056427172541,0.6972344233696546,166,150,166.0
855,A,1.3663271871375524,0.8889266181909881,0.7901905325284667,132,118,117.67510548523207
855,C,1.280928701482265,0.8858267654065978,0.7846890583107156,132,118,117.67510548523207
856,A,1.3410841380527259,0.8751819265480317,0.7659434045563244,112,99,101.17993079584775
856,C,1.2679551575133288,0.8707702870705228,0.7582408928448807,112,99,101.17993079584775
857,A,1.3580150682289234,0.8824210400746471,0.7786668919664219,59,49,59.0
857,C,1.2958873443464594,0.8807884886410235,0.7757883617225385,59,49,59.0
858,A,1.3663271871375524,0.8889266181909881,0.7901905325284667,132,118,117.67510548523207
858,C,1.280928701482265,0.8858267654065978,0.7846890583107156,132,118,117.67510548523207
859,A,1.30624309384357,0.7973648039695055,0.635790630609328,113,100,101.41454545454546
859,C,1.229009011951411,0.7691805178134986,0.5916386689838419,113,100,101.41454545454546
860,A,1.3629488561036227,0.8845063652324577,0.7823515101367339,112,99,100.46125461254613
860,C,1.2698943038224182,0.880656891447481,0.7755565604539404,112,99,100.46125461254613
861,A,1.334201675837932,0.8487471465471057,0.7203717187718541,146,131,133.76699029126215
861,C,1.2498466210820516,0.8345051712041125,0.6963988807664051,146,131,133.76699029126215
862,A,1.3917004275264677,0.8935895620096591,0.7985023053326145,93,81,79.2691131498471
862,C,1.2965023407489376,0.8879578959561958,0.7884692249909542,93,81,79.2691131498471
863,A,1.3267042987162212,0.8393374729202793,0.7044873934482005,56,46,56.0
863,C,1.2536226853284096,0.8254817656734906,0.6814201454594236,56,46,56.0
864,A,1.3858218933176933,0.8899913206602126,0.7920845508505093,112,99,100.68231046931407
864,C,1.2926879104280065,0.8867897922002055,0.7863961355504836,112,99,100.68231046931407
865,A,1.2954690475596704,0.8482448408151751,0.7195193099695618,115,102,103.32508833922262
865,C,1.2284442118266252,0.8395568796213572,0.70485575411955,115,102,103.32508833922262
866,A,1.3663271871375524,0.8889266181909881,0.7901905325284667,132,118,117.67510548523207
866,C,1.280928701482265,0.8858267654065978,0.7846890583107156,132,118,117.67510548523207
867,A,1.3346430837498569,0.86904625990408,0.7552414018532698,150,135,137.61904761904762
867,C,1.2563194776984647,0.8654180892510749,0.7489484692029814,150,135,137.61904761904762
868,A,1.366474322104927,0.8563139560965788,0.7332735914057734,127,113,113.12068965517241
868,C,1.2768011369222265,0.8391767704388179,0.7042176520441245,127,113,113.12068965517241
869,A,1.3772470034025477,0.9000010337015484,0.8100018606638556,73,62,63.6801007556675
869,C,1.2755274533613972,0.8967356529726517,0.804134831312288,73,62,63.6801007556675
870,A,1.3529389277994754,0.8676091629510579,0.7527456596366354,130,116,115.6
870,C,1.2665675550923245,0.8638541375415777,0.746243970947703,130,116,115.6
871,A,1.334201675837932,0.8487471465471057,0.7203717187718541,146,131,133.76699029126215
871,C,1.2498466210820516,0.8345051712041125,0.6963988807664051,146,131,133.76699029126215
872,A,1.3651594365687838,0.8728285288328913,0.7618296407445894,111,98,99.61481481481482
872,C,1.2753298392233483,0.8663793936937311,0.7506132538171171,111,98,99.61481481481482
873,A,1.37339489589512,0.8849170558240959,0.783078195688386,92,80,79.2439024390244
873,C,1.2842551687141472,0.8841929312085705,0.7817971395992038,92,80,79.2439024390244
874,A,1.3346430837498569,0.86904625990408,0.7552414018532698,150,135,137.61904761904762
874,C,1.2563194776984647,0.8654180892510749,0.7489484692029814,150,135,137.61904761904762
875,A,1.3130592769751939,0.8656022818398197,0.7492673103263027,150,135,138.35294117647058
875,C,1.2343179919696277,0.8611276440159573,0.7415408192884733,150,135,138.35294117647058
876,A,1.3809234971284927,0.9255887947186855,0.8567146169087889,73,62,64.3317191283293
876,C,1.2882988992455575,0.9293317931809681,0.8636575818169537,73,62,64.3317191283293
877,A,1.3566479195861516,0.9022513566043407,0.8140575104943732,112,99,100.68231046931407
877,C,1.271760357644228,0.903120344122676,0.8156263559682608,112,99,100.68231046931407
878,A,1.4221346252121698,0.8945850475486619,0.8002824072976416,73,62,63.6801007556675
878,C,1.3219374813425766,0.8871464102536231,0.7870287532258897,73,62,63.6801007556675
879,A,1.3046228744738393,0.8157532243209705,0.6654533229900597,72,61,64.08372093023256
879,C,1.2354380921302883,0.7914143088846635,0.6263366083073895,72,61,64.08372093023256
880,A,1.3451018078190158,0.8368882537550594,0.7003819492731926,146,131,133.76699029126215
880,C,1.2602938545437599,0.8187521647321396,0.6703551072535647,146,131,133.76699029126215
881,A,1.2934399678406834,0.830476850585782,0.6896917993588794,131,117,116.57551020408164
881,C,1.2281021460104278,0.8115738428504188,0.6586521023989962,131,117,116.57551020408164
882,A,1.4226413537875804,0.8517803529957494,0.7255297697495634,87,75,73.98843930635839
882,C,1.3325085782011277,0.8291883573805713,0.68755333201549,87,75,73.98843930635839
883,A,1.366474322104927,0.8563139560965788,0.7332735914057734,127,113,113.12068965517241
883,C,1.2768011369222265,0.8391767704388179,0.7042176520441245,127,113,113.12068965517241
884,A,1.323580543952137,0.8938674391850316,0.7989989988352062,112,99,100.46125461254613
884,C,1.2371464714825309,0.894104654960259,0.7994231340216039,112,99,100.46125461254613
885,A,1.350786624649748,0.809430904552446,0.655178389244591,87,75,74.27220630372493
885,C,1.268787284346836,0.775733957176084,0.6017631723160665,87,75,74.27220630372493
886,A,1.323424092345089,0.8253757623970029,0.6812451491524338,107,94,96.36059479553903
886,C,1.2414228020837306,0.7966501644122068,0.6346514844579961,107,94,96.36059479553903
887,A,1.3041443012347145,0.8190210268447291,0.6707954424137945,131,117,116.57551020408164
887,C,1.2294188453173223,0.8007973577005693,0.6412764081002135,131,117,116.57551020408164
888,A,1.434980622648746,0.9148538318620243,0.836957533672629,74,63,65.05922551252847
888,C,1.3399368111968404,0.915649223877536,0.838413501187534,74,63,65.05922551252847
889,A,1.3676247755045248,0.8507594125111869,0.7237915779763799,128,114,113.80645161290323
889,C,1.279758474542969,0.836545601474915,0.6998085433470272,128,114,113.80645161290323
890,A,1.3460727526267622,0.8835979996297262,0.7807454249496536,132,118,117.85714285714286
890,C,1.2602140986101422,0.879649328936714,0.7737829418988112,132,118,117.85714285714286
891,A,1.3663271871375524,0.8889266181909881,0.7901905325284667,132,118,117.67510548523207
891,C,1.280928701482265,0.8858267654065978,0.7846890583107156,132,118,117.67510548523207
892,A,1.37339489589512,0.8849170558240959,0.783078195688386,92,80,79.2439024390244
892,C,1.2842551687141472,0.8841929312085705,0.7817971395992038,92,80,79.2439024390244
893,A,1.3973610780089356,0.8723947426275197,0.7610725869641364,79,68,69.46563192904657
893,C,1.3172608459280748,0.8707094462286175,0.7581349397517457,79,68,69.46563192904657
894,A,1.3250514034973895,0.8345674270418132,0.6965027902791922,133,119,118.336
894,C,1.2526097862475636,0.8199518225394823,0.6723209912858187,133,119,118.336
895,A,1.3046228744738393,0.8157532243209705,0.6654533229900597,72,61,64.08372093023256
895,C,1.2354380921302883,0.7914143088846635,0.6263366083073895,72,61,64.08372093023256
896,A,1.3663271871375524,0.8889266181909881,0.7901905325284667,132,118,117.67510548523207
896,C,1.280928701482265,0.8858267654065978,0.7846890583107156,132,118,117.67510548523207
897,A,1.3462801292887168,0.8520985304909395,0.7260719056648186,148,133,135.69230769230768
897,C,1.267445852718399,0.8381460752775359,0.7024888435031369,148,133,135.69230769230768
898,A,1.349108153709058,0.8550922526727817,0.7311827605810123,130,116,115.67213114754098
898,C,1.2636725854774284,0.8471063930248772,0.7175892411036178,130,116,115.67213114754098
899,A,1.323424092345089,0.8253757623970029,0.6812451491524338,107,94,96.36059479553903
899,C,1.2414228020837306,0.7966501644122068,0.6346514844579961,107,94,96.36059479553903
900,A,1.3546250551607133,0.8707116685306119,0.7581388097153622,132,118,117.43373493975903
900,C,1.2730623442209594,0.8661495407712043,0.7502150269781681,132,118,117.43373493975903
901,A,1.3735395202666316,0.874314152580362,0.7644252374023166,79,68,69.46563192904657
901,C,1.3024742049793971,0.8727532175128502,0.7616981786790323,79,68,69.46563192904657
902,A,1.3529389277994754,0.8676091629510579,0.7527456596366354,130,116,115.6
902,C,1.2665675550923245,0.8638541375415777,0.746243970947703,130,116,115.6
903,A,1.3809234971284927,0.9255887947186855,0.8567146169087889,73,62,64.3317191283293
903,C,1.2882988992455575,0.9293317931809681,0.8636575818169537,73,62,64.3317191283293
904,A,1.30624309384357,0.7973648039695055,0.635790630609328,113,100,101.41454545454546
904,C,1.229009011951411,0.7691805178134986,0.5916386689838419,113,100,101.41454545454546
905,A,1.3304630157675168,0.8564839699441618,0.7335647907713118,111,98,99.9605734767025
905,C,1.2479460447951076,0.8493382006142527,0.7213753790226566,111,98,99.9605734767025
906,A,1.347693846846714,0.8697043918213733,0.7563857291533848,107,94,96.2406015037594
906,C,1.2573499568664435,0.8556858988850241,0.7321983575506718,107,94,96.2406015037594
907,A,1.3945703842594288,0.8558230218414861,0.7324330447138927,71,60,63.46153846153846
907,C,1.3101248750059797,0.8431260656359866,0.7108615625548179,71,60,63.46153846153846
908,A,1.3566479195861516,0.9022513566043407,0.8140575104943732,112,99,100.68231046931407
908,C,1.271760357644228,0.903120344122676,0.8156263559682608,112,99,100.68231046931407
909,A,1.351155438528443,0.8832971225105859,0.780213806635481,112,99,101.17993079584775
909,C,1.2694024223431075,0.8824814818176557,0.7787735657510855,112,99,101.17993079584775
910,A,1.3250514034973895,0.8345674270418132,0.6965027902791922,133,119,118.336
910,C,1.2526097862475636,0.8199518225394823,0.6723209912858187,133,119,118.336
911,A,1.3707201964831086,0.9047735944944378,0.8186152572943854,93,81,79.2691131498471
911,C,1.275523447404439,0.9032475445006904,0.8158561266465267,93,81,79.2691131498471
912,A,1.375531552279891,0.8599175783052103,0.7394582414782975,107,94,96.2406015037594
912,C,1.2845832455130817,0.8415397839800691,0.7081892080212214,107,94,96.2406015037594
913,A,1.3267042987162212,0.8393374729202793,0.7044873934482005,56,46,56.0
913,C,1.2536226853284096,0.8254817656734906,0.6814201454594236,56,46,56.0
914,A,1.3690353535641235,0.8330864130311617,0.6940329715771274,87,75,74.84225352112676
914,C,1.28769890124227,0.8097385974448044,0.6556765961918789,87,75,74.84225352112676
915,A,1.3543037153596615,0.8697407736459297,0.7564490133422204,127,113,113.12068965517241
915,C,1.2659452638921702,0.8569124139903799,0.7342988852508202,127,113,113.12068965517241
916,A,1.3370707289550139,0.860664678751303,0.7407436892500836,130,116,115.67213114754098
916,C,1.2604051022999232,0.8527653208116577,0.7272086923790094,130,116,115.67213114754098
917,A,1.405474782652042,0.8922750430816049,0.7961547525062799,94,82,80.6711590296496
917,C,1.320801454033355,0.8915125476593381,0.7947946226340435,94,82,80.6711590296496
918,A,1.3543037153596615,0.8697407736459297,0.7564490133422204,127,113,113.12068965517241
918,C,1.2659452638921702,0.8569124139903799,0.7342988852508202,127,113,113.12068965517241
919,A,1.3973610780089356,0.8723947426275197,0.7610725869641364,79,68,69.46563192904657
919,C,1.3172608459280748,0.8707094462286175,0.7581349397517457,79,68,69.46563192904657
920,A,1.3405927194877332,0.8592821860665837,0.738365875291367,91,79,78.00859598853869
920,C,1.2536241186638735,0.8503425042690117,0.7230823745664942,91,79,78.00859598853869
921,A,1.3410841380527259,0.8751819265480317,0.7659434045563244,112,99,101.17993079584775
921,C,1.2679551575133288,0.8707702870705228,0.7582408928448807,112,99,101.17993079584775
922,A,1.3301321478053478,0.8429943991169966,0.7106395569426261,107,94,96.61454545454545
922,C,1.2475248848751894,0.8239594290215302,0.6789091406734861,107,94,96.61454545454545
923,A,1.323580543952137,0.8938674391850316,0.7989989988352062,112,99,100.46125461254613
923,C,1.2371464714825309,0.894104654960259,0.7994231340216039,112,99,100.46125461254613
924,A,1.331807031668938,0.8390246590896916,0.7039623785605732,127,113,112.96680497925311
924,C,1.2498891980366176,0.8212874560207409,0.6745130854170205,127,113,112.96680497925311
925,A,1.33285521188334,0.8429882021617638,0.7106291089839228,146,131,133.76699029126215
925,C,1.2572556943505495,0.8247777983212602,0.6802584166036654,146,131,133.76699029126215
926,A,1.3460727526267622,0.8835979996297262,0.7807454249496536,132,118,117.85714285714286
926,C,1.2602140986101422,0.879649328936714,0.7737829418988112,132,118,117.85714285714286
927,A,1.323580543952137,0.8938674391850316,0.7989989988352062,112,99,100.46125461254613
927,C,1.2371464714825309,0.894104654960259,0.7994231340216039,112,99,100.46125461254613
928,A,1.4226413537875804,0.8517803529957494,0.7255297697495634,87,75,73.98843930635839
928,C,1.3325085782011277,0.8291883573805713,0.68755333201549,87,75,73.98843930635839
929,A,1.37339489589512,0.8849170558240959,0.783078195688386,92,80,79.2439024390244
929,C,1.2842551687141472,0.8841929312085705,0.7817971395992038,92,80,79.2439024390244
930,A,1.3945703842594288,0.8558230218414861,0.7324330447138927,71,60,63.46153846153846
930,C,1.3101248750059797,0.8431260656359866,0.7108615625548179,71,60,63.46153846153846
931,A,1.37339489589512,0.8849170558240959,0.783078195688386,92,80,79.2439024390244
931,C,1.2842551687141472,0.8841929312085705,0.7817971395992038,92,80,79.2439024390244
932,A,1.347693846846714,0.8697043918213733,0.7563857291533848,107,94,96.2406015037594
932,C,1.2573499568664435,0.8556858988850241,0.7321983575506718,107,94,96.2406015037594
933,A,1.3566479195861516,0.9022513566043407,0.8140575104943732,112,99,100.68231046931407
933,C,1.271760357644228,0.903120344122676,0.8156263559682608,112,99,100.68231046931407
934,A,1.3169684776839066,0.852062878962026,0.7260111497050562,135,121,120.14285714285714
934,C,1.2445500456313503,0.847316959600009,0.7179460300258033,135,121,120.14285714285714
935,A,1.3462801292887168,0.8520985304909395,0.7260719056648186,148,133,135.69230769230768
935,C,1.267445852718399,0.8381460752775359,0.7024888435031369,148,133,135.69230769230768
936,A,1.3301037280161445,0.8643820309226834,0.7471562953820228,130,116,115.67213114754098
936,C,1.2438128201001262,0.8600041278836963,0.739607099976997,130,116,115.67213114754098
937,A,1.3425456559305424,0.883215562464221,0.7800697297789901,111,98,99.61481481481482
937,C,1.252290164141499,0.8807408536526541,0.7757044512928059,111,98,99.61481481481482
938,A,1.33285521188334,0.8429882021617638,0.7106291089839228,146,131,133.76699029126215
938,C,1.2572556943505495,0.8247777983212602,0.6802584166036654,146,131,133.76699029126215
939,A,1.4221346252121698,0.8945850475486619,0.8002824072976416,73,62,63.6801007556675
939,C,1.3219374813425766,0.8871464102536231,0.7870287532258897,73,62,63.6801007556675
940,A,1.3046228744738393,0.8157532243209705,0.6654533229900597,72,61,64.08372093023256
940,C,1.2354380921302883,0.7914143088846635,0.6263366083073895,72,61,64.08372093023256
941,A,1.333232504576304,0.8834551907425061,0.7804930740498779,112,99,101.17993079584775
941,C,1.2588710069196152,0.8825761114146536,0.7789405924398111,112,99,101.17993079584775
942,A,1.386491803989292,0.8753891035410971,0.7663060825984856,91,79,77.18823529411765
942,C,1.2915958805312127,0.8671654307061327,0.7519758842117527,91,79,77.18823529411765
943,A,1.405474782652042,0.8922750430816049,0.7961547525062799,94,82,80.6711590296496
943,C,1.320801454033355,0.8915125476593381,0.7947946226340435,94,82,80.6711590296496
944,A,1.331807031668938,0.8390246590896916,0.7039623785605732,127,113,112.96680497925311
944,C,1.2498891980366176,0.8212874560207409,0.6745130854170205,127,113,112.96680497925311
945,A,1.378379577859519,0.9045376703925537,0.8181883971591881,92,80,78.1204481792717
945,C,1.2866674193332364,0.9055465763223183,0.8200146018890722,92,80,78.1204481792717
946,A,1.375531552279891,0.8599175783052103,0.7394582414782975,107,94,96.2406015037594
946,C,1.2845832455130817,0.8415397839800691,0.7081892080212214,107,94,96.2406015037594
947,A,1.4506916979955615,0.873218384138108,0.7625103463967684,71,60,62.48571428571429
947,C,1.3583157862647712,0.8615362529389875,0.742244715128151,71,60,62.48571428571429
948,A,1.366474322104927,0.8563139560965788,0.7332735914057734,127,113,113.12068965517241
948,C,1.2768011369222265,0.8391767704388179,0.7042176520441245,127,113,113.12068965517241
949,A,1.405474782652042,0.8922750430816049,0.7961547525062799,94,82,80.6711590296496
949,C,1.320801454033355,0.8915125476593381,0.7947946226340435,94,82,80.6711590296496
950,A,1.351155438528443,0.8832971225105859,0.780213806635481,112,99,101.17993079584775
950,C,1.2694024223431075,0.8824814818176557,0.7787735657510855,112,99,101.17993079584775
951,A,1.3627871284571969,0.8864666030125751,0.7858230382566543,111,98,99.84057971014492
951,C,1.2728110856326271,0.8844380432512248,0.7822306523500553,111,98,99.84057971014492
952,A,1.349108153709058,0.8550922526727817,0.7311827605810123,130,116,115.67213114754098
952,C,1.2636725854774284,0.8471063930248772,0.7175892411036178,130,116,115.67213114754098
953,A,1.3707201964831086,0.9047735944944378,0.8186152572943854,93,81,79.2691131498471
953,C,1.275523447404439,0.9032475445006904,0.8158561266465267,93,81,79.2691131498471
954,A,1.3405113235141686,0.8193457786235765,0.6713275049482749,109,96,98.04059040590406
954,C,1.255062484682871,0.790864259460823,0.6254662768925159,109,96,98.04059040590406
955,A,1.3629488561036227,0.8845063652324577,0.7823515101367339,112,99,100.46125461254613
955,C,1.2698943038224182,0.880656891447481,0.7755565604539404,112,99,100.46125461254613
956,A,1.3250514034973895,0.8345674270418132,0.6965027902791922,133,119,118.336
956,C,1.2526097862475636,0.8199518225394823,0.6723209912858187,133,119,118.336
957,A,1.4506916979955615,0.873218384138108,0.7625103463967684,71,60,62.48571428571429
957,C,1.3583157862647712,0.8615362529389875,0.742244715128151,71,60,62.48571428571429
958,A,1.323580543952137,0.8938674391850316,0.7989989988352062,112,99,100.46125461254613
958,C,1.2371464714825309,0.894104654960259,0.7994231340216039,112,99,100.46125461254613
959,A,1.3546250551607133,0.8707116685306119,0.7581388097153622,132,118,117.43373493975903
959,C,1.2730623442209594,0.8661495407712043,0.7502150269781681,132,118,117.43373493975903
960,A,1.3346430837498569,0.86904625990408,0.7552414018532698,150,135,137.61904761904762
960,C,1.2563194776984647,0.8654180892510749,0.7489484692029814,150,135,137.61904761904762
961,A,1.3370707289550139,0.860664678751303,0.7407436892500836,130,116,115.67213114754098
961,C,1.2604051022999232,0.8527653208116577,0.7272086923790094,130,116,115.67213114754098
962,A,1.3346430837498569,0.86904625990408,0.7552414018532698,150,135,137.61904761904762
962,C,1.2563194776984647,0.8654180892510749,0.7489484692029814,150,135,137.61904761904762
963,A,1.349108153709058,0.8550922526727817,0.7311827605810123,130,116,115.67213114754098
963,C,1.2636725854774284,0.8471063930248772,0.7175892411036178,130,116,115.67213114754098
964,A,1.3858218933176933,0.8899913206602126,0.7920845508505093,112,99,100.68231046931407
964,C,1.2926879104280065,0.8867897922002055,0.7863961355504836,112,99,100.68231046931407
965,A,1.378379577859519,0.9045376703925537,0.8181883971591881,92,80,78.1204481792717
965,C,1.2866674193332364,0.9055465763223183,0.8200146018890722,92,80,78.1204481792717
966,A,1.3130592769751939,0.8656022818398197,0.7492673103263027,150,135,138.35294117647058
966,C,1.2343179919696277,0.8611276440159573,0.7415408192884733,150,135,138.35294117647058
967,A,1.3425456559305424,0.883215562464221,0.7800697297789901,111,98,99.61481481481482
967,C,1.252290164141499,0.8807408536526541,0.7757044512928059,111,98,99.61481481481482
968,A,1.3370707289550139,0.860664678751303,0.7407436892500836,130,116,115.67213114754098
968,C,1.2604051022999232,0.8527653208116577,0.7272086923790094,130,116,115.67213114754098
969,A,1.3405113235141686,0.8193457786235765,0.6713275049482749,109,96,98.04059040590406
969,C,1.255062484682871,0.790864259460823,0.6254662768925159,109,96,98.04059040590406
970,A,1.3041443012347145,0.8190210268447291,0.6707954424137945,131,117,116.57551020408164
970,C,1.2294188453173223,0.8007973577005693,0.6412764081002135,131,117,116.57551020408164
971,A,1.3346430837498569,0.86904625990408,0.7552414018532698,150,135,137.61904761904762
971,C,1.2563194776984647,0.8654180892510749,0.7489484692029814,150,135,137.61904761904762
972,A,1.331807031668938,0.8390246590896916,0.7039623785605732,127,113,112.96680497925311
972,C,1.2498891980366176,0.8212874560207409,0.6745130854170205,127,113,112.96680497925311
973,A,1.3301321478053478,0.8429943991169966,0.7106395569426261,107,94,96.61454545454545
973,C,1.2475248848751894,0.8239594290215302,0.6789091406734861,107,94,96.61454545454545
974,A,1.30624309384357,0.7973648039695055,0.635790630609328,113,100,101.41454545454546
974,C,1.229009011951411,0.7691805178134986,0.5916386689838419,113,100,101.41454545454546
975,A,1.4506916979955615,0.873218384138108,0.7625103463967684,71,60,62.48571428571429
975,C,1.3583157862647712,0.8615362529389875,0.742244715128151,71,60,62.48571428571429
976,A,1.3846039755033324,0.8921432486357278,0.79591957608631,94,82,80.6711590296496
976,C,1.3080650721837166,0.8915491574390098,0.7948599001302082,94,82,80.6711590296496
977,A,1.350786624649748,0.809430904552446,0.655178389244591,87,75,74.27220630372493
977,C,1.268787284346836,0.775733957176084,0.6017631723160665,87,75,74.27220630372493
978,A,1.4266176242476405,0.8734102219000739,0.7628454157195363,59,49,59.0
978,C,1.3371325639623417,0.8714926470700961,0.7594994338972431,59,49,59.0
979,A,1.3566479195861516,0.9022513566043407,0.8140575104943732,112,99,100.68231046931407
979,C,1.271760357644228,0.903120344122676,0.8156263559682608,112,99,100.68231046931407
980,A,1.375531552279891,0.8599175783052103,0.7394582414782975,107,94,96.2406015037594
980,C,1.2845832455130817,0.8415397839800691,0.7081892080212214,107,94,96.2406015037594
981,A,1.350786624649748,0.809430904552446,0.655178389244591,87,75,74.27220630372493
981,C,1.268787284346836,0.775733957176084,0.6017631723160665,87,75,74.27220630372493
982,A,1.3346430837498569,0.86904625990408,0.7552414018532698,150,135,137.61904761904762
982,C,1.2563194776984647,0.8654180892510749,0.7489484692029814,150,135,137.61904761904762
983,A,1.349108153709058,0.8550922526727817,0.7311827605810123,130,116,115.67213114754098
983,C,1.2636725854774284,0.8471063930248772,0.7175892411036178,130,116,115.67213114754098
984,A,1.3250514034973895,0.8345674270418132,0.6965027902791922,133,119,118.336
984,C,1.2526097862475636,0.8199518225394823,0.6723209912858187,133,119,118.336
985,A,1.3651594365687838,0.8728285288328913,0.7618296407445894,111,98,99.61481481481482
985,C,1.2753298392233483,0.8663793936937311,0.7506132538171171,111,98,99.61481481481482
986,A,1.3651594365687838,0.8728285288328913,0.7618296407445894,111,98,99.61481481481482
986,C,1.2753298392233483,0.8663793936937311,0.7506132538171171,111,98,99.61481481481482
987,A,1.313738191223664,0.849363161324037,0.7214177798143621,166,150,166.0
987,C,1.2375080946428219,0.8350056427172541,0.6972344233696546,166,150,166.0
988,A,1.33285521188334,0.8429882021617638,0.7106291089839228,146,131,133.76699029126215
988,C,1.2572556943505495,0.8247777983212602,0.6802584166036654,146,131,133.76699029126215
989,A,1.434980622648746,0.9148538318620243,0.836957533672629,74,63,65.05922551252847
989,C,1.3399368111968404,0.915649223877536,0.838413501187534,74,63,65.05922551252847
990,A,1.3676247755045248,0.8507594125111869,0.7237915779763799,128,114,113.80645161290323
990,C,1.279758474542969,0.836545601474915,0.6998085433470272,128,114,113.80645161290323
991,A,1.366474322104927,0.8563139560965788,0.7332735914057734,127,113,113.12068965517241
991,C,1.2768011369222265,0.8391767704388179,0.7042176520441245,127,113,113.12068965517241
992,A,1.3250514034973895,0.8345674270418132,0.6965027902791922,133,119,118.336
992,C,1.2526097862475636,0.8199518225394823,0.6723209912858187,133,119,118.336
993,A,1.3250514034973895,0.8345674270418132,0.6965027902791922,133,119,118.336
993,C,1.2526097862475636,0.8199518225394823,0.6723209912858187,133,119,118.336
994,A,1.3304630157675168,0.8564839699441618,0.7335647907713118,111,98,99.9605734767025
994,C,1.2479460447951076,0.8493382006142527,0.7213753790226566,111,98,99.9605734767025
995,A,1.4221346252121698,0.8945850475486619,0.8002824072976416,73,62,63.6801007556675
995,C,1.3219374813425766,0.8871464102536231,0.7870287532258897,73,62,63.6801007556675
996,A,1.371906958723931,0.8763255555807927,0.7679464793639851,112,99,100.46125461254613
996,C,1.2875294948800615,0.8690306352288379,0.7552142449662376,112,99,100.46125461254613
997,A,1.3301321478053478,0.8429943991169966,0.7106395569426261,107,94,96.61454545454545
997,C,1.2475248848751894,0.8239594290215302,0.6789091406734861,107,94,96.61454545454545
998,A,1.386491803989292,0.8753891035410971,0.7663060825984856,91,79,77.18823529411765
998,C,1.2915958805312127,0.8671654307061327,0.7519758842117527,91,79,77.18823529411765
