scheme,tuple,start1,start2,start3,spec,beta,theta,partial_R2,n_active,residual_df,ess
noncircular,0,0,0,0,A,1.2999538604519443,0.7668368061505061,0.5880386872671088,54,44,54.0
noncircular,0,0,0,0,C,1.2243547341077048,0.7210212941400053,0.519871706603328,54,44,54.0
noncircular,1,0,0,1,A,1.2921510882257399,0.7921300537733952,0.627470022091042,72,61,63.43396226415094
noncircular,1,0,0,1,C,1.2228645347829903,0.7576258917951318,0.5739969919183688,72,61,63.43396226415094
noncircular,2,0,0,2,A,1.3507866246497466,0.8094309045524453,0.6551783892445897,87,75,74.27220630372493
noncircular,2,0,0,2,C,1.2687872843468362,0.7757339571760845,0.6017631723160674,87,75,74.27220630372493
noncircular,3,0,0,3,A,1.3234240923450895,0.825375762397003,0.6812451491524341,107,94,96.36059479553903
noncircular,3,0,0,3,C,1.2414228020837306,0.7966501644122068,0.6346514844579961,107,94,96.36059479553903
noncircular,4,0,0,4,A,1.3405113235141686,0.8193457786235764,0.6713275049482746,109,96,98.04059040590406
noncircular,4,0,0,4,C,1.255062484682871,0.790864259460823,0.6254662768925159,109,96,98.04059040590406
noncircular,5,0,0,5,A,1.3062430938435703,0.7973648039695057,0.6357906306093283,113,100,101.41454545454546
noncircular,5,0,0,5,C,1.2290090119514112,0.7691805178134987,0.591638668983842,113,100,101.41454545454546
noncircular,6,0,0,6,A,1.303986119680346,0.8122732198941975,0.6597877837572874,113,100,101.41454545454546
noncircular,6,0,0,6,C,1.2368461202871208,0.7832223631632537,0.6134372701590316,113,100,101.41454545454546
noncircular,7,0,1,0,A,1.2921510882257399,0.7921300537733952,0.627470022091042,72,61,63.43396226415094
noncircular,7,0,1,0,C,1.2228645347829903,0.7576258917951318,0.5739969919183688,72,61,63.43396226415094
noncircular,8,0,1,1,A,1.3046228744738377,0.8157532243209691,0.6654533229900573,72,61,64.08372093023256
noncircular,8,0,1,1,C,1.2354380921302868,0.791414308884664,0.6263366083073904,72,61,64.08372093023256
noncircular,9,0,1,2,A,1.3690353535641233,0.8330864130311613,0.6940329715771266,87,75,74.84225352112676
noncircular,9,0,1,2,C,1.2876989012422688,0.8097385974448037,0.6556765961918779,87,75,74.84225352112676
noncircular,10,0,1,3,A,1.3301321478053478,0.8429943991169964,0.7106395569426257,107,94,96.61454545454545
noncircular,10,0,1,3,C,1.2475248848751899,0.8239594290215304,0.6789091406734864,107,94,96.61454545454545
noncircular,11,0,1,4,A,1.331807031668938,0.8390246590896916,0.7039623785605732,127,113,112.96680497925311
noncircular,11,0,1,4,C,1.2498891980366174,0.8212874560207408,0.6745130854170203,127,113,112.96680497925311
noncircular,12,0,1,5,A,1.3041443012347143,0.8190210268447289,0.6707954424137941,131,117,116.57551020408164
noncircular,12,0,1,5,C,1.2294188453173218,0.8007973577005691,0.6412764081002132,131,117,116.57551020408164
noncircular,13,0,1,6,A,1.2934399678406838,0.8304768505857824,0.6896917993588799,131,117,116.57551020408164
noncircular,13,0,1,6,C,1.2281021460104278,0.8115738428504188,0.6586521023989962,131,117,116.57551020408164
noncircular,14,0,2,0,A,1.3507866246497466,0.8094309045524453,0.6551783892445897,87,75,74.27220630372493
noncircular,14,0,2,0,C,1.2687872843468362,0.7757339571760845,0.6017631723160674,87,75,74.27220630372493
noncircular,15,0,2,1,A,1.3690353535641233,0.8330864130311613,0.6940329715771266,87,75,74.84225352112676
noncircular,15,0,2,1,C,1.2876989012422688,0.8097385974448037,0.6556765961918779,87,75,74.84225352112676
noncircular,16,0,2,2,A,1.422641353787581,0.8517803529957491,0.7255297697495628,87,75,73.98843930635839
noncircular,16,0,2,2,C,1.3325085782011272,0.8291883573805708,0.6875533320154893,87,75,73.98843930635839
noncircular,17,0,2,3,A,1.3755315522798903,0.85991757830521,0.739458241478297,107,94,96.2406015037594
noncircular,17,0,2,3,C,1.2845832455130821,0.8415397839800695,0.708189208021222,107,94,96.2406015037594
noncircular,18,0,2,4,A,1.366474322104927,0.8563139560965786,0.7332735914057731,127,113,113.12068965517241
noncircular,18,0,2,4,C,1.2768011369222267,0.8391767704388179,0.7042176520441245,127,113,113.12068965517241
noncircular,19,0,2,5,A,1.3451018078190162,0.8368882537550595,0.7003819492731929,146,131,133.76699029126215
noncircular,19,0,2,5,C,1.2602938545437599,0.8187521647321399,0.6703551072535651,146,131,133.76699029126215
noncircular,20,0,2,6,A,1.33285521188334,0.8429882021617638,0.7106291089839228,146,131,133.76699029126215
noncircular,20,0,2,6,C,1.2572556943505495,0.8247777983212603,0.6802584166036655,146,131,133.76699029126215
noncircular,21,0,3,0,A,1.3234240923450895,0.825375762397003,0.6812451491524341,107,94,96.36059479553903
noncircular,21,0,3,0,C,1.2414228020837306,0.7966501644122068,0.6346514844579961,107,94,96.36059479553903
noncircular,22,0,3,1,A,1.3301321478053478,0.8429943991169964,0.7106395569426257,107,94,96.61454545454545
noncircular,22,0,3,1,C,1.2475248848751899,0.8239594290215304,0.6789091406734864,107,94,96.61454545454545
noncircular,23,0,3,2,A,1.3755315522798903,0.85991757830521,0.739458241478297,107,94,96.2406015037594
noncircular,23,0,3,2,C,1.2845832455130821,0.8415397839800695,0.708189208021222,107,94,96.2406015037594
noncircular,24,0,3,3,A,1.3476938468467135,0.8697043918213733,0.7563857291533848,107,94,96.2406015037594
noncircular,24,0,3,3,C,1.257349956866443,0.855685898885024,0.7321983575506715,107,94,96.2406015037594
noncircular,25,0,3,4,A,1.3543037153596613,0.8697407736459296,0.7564490133422201,127,113,113.12068965517241
noncircular,25,0,3,4,C,1.2659452638921702,0.8569124139903799,0.7342988852508202,127,113,113.12068965517241
noncircular,26,0,3,5,A,1.3342016758379325,0.8487471465471059,0.7203717187718545,146,131,133.76699029126215
noncircular,26,0,3,5,C,1.2498466210820511,0.8345051712041124,0.6963988807664049,146,131,133.76699029126215
noncircular,27,0,3,6,A,1.313738191223664,0.8493631613240371,0.7214177798143623,166,150,166.0
noncircular,27,0,3,6,C,1.2375080946428219,0.8350056427172541,0.6972344233696546,166,150,166.0
noncircular,28,0,4,0,A,1.3405113235141686,0.8193457786235764,0.6713275049482746,109,96,98.04059040590406
noncircular,28,0,4,0,C,1.255062484682871,0.790864259460823,0.6254662768925159,109,96,98.04059040590406
noncircular,29,0,4,1,A,1.331807031668938,0.8390246590896916,0.7039623785605732,127,113,112.96680497925311
noncircular,29,0,4,1,C,1.2498891980366174,0.8212874560207408,0.6745130854170203,127,113,112.96680497925311
noncircular,30,0,4,2,A,1.366474322104927,0.8563139560965786,0.7332735914057731,127,113,113.12068965517241
noncircular,30,0,4,2,C,1.2768011369222267,0.8391767704388179,0.7042176520441245,127,113,113.12068965517241
noncircular,31,0,4,3,A,1.3543037153596613,0.8697407736459296,0.7564490133422201,127,113,113.12068965517241
noncircular,31,0,4,3,C,1.2659452638921702,0.8569124139903799,0.7342988852508202,127,113,113.12068965517241
noncircular,32,0,4,4,A,1.3848546755262874,0.8715639824202972,0.7596237754523282,109,96,98.16058394160584
noncircular,32,0,4,4,C,1.2931300225624904,0.858607398063167,0.7372066640088017,109,96,98.16058394160584
noncircular,33,0,4,5,A,1.3676247755045245,0.8507594125111867,0.7237915779763795,128,114,113.80645161290323
noncircular,33,0,4,5,C,1.2797584745429693,0.8365456014749151,0.6998085433470275,128,114,113.80645161290323
noncircular,34,0,4,6,A,1.3462801292887165,0.8520985304909394,0.7260719056648184,148,133,135.69230769230768
noncircular,34,0,4,6,C,1.267445852718399,0.8381460752775358,0.7024888435031368,148,133,135.69230769230768
noncircular,35,0,5,0,A,1.3062430938435703,0.7973648039695057,0.6357906306093283,113,100,101.41454545454546
noncircular,35,0,5,0,C,1.2290090119514112,0.7691805178134987,0.591638668983842,113,100,101.41454545454546
noncircular,36,0,5,1,A,1.3041443012347143,0.8190210268447289,0.6707954424137941,131,117,116.57551020408164
noncircular,36,0,5,1,C,1.2294188453173218,0.8007973577005691,0.6412764081002132,131,117,116.57551020408164
noncircular,37,0,5,2,A,1.3451018078190162,0.8368882537550595,0.7003819492731929,146,131,133.76699029126215
noncircular,37,0,5,2,C,1.2602938545437599,0.8187521647321399,0.6703551072535651,146,131,133.76699029126215
noncircular,38,0,5,3,A,1.3342016758379325,0.8487471465471059,0.7203717187718545,146,131,133.76699029126215
noncircular,38,0,5,3,C,1.2498466210820511,0.8345051712041124,0.6963988807664049,146,131,133.76699029126215
noncircular,39,0,5,4,A,1.3676247755045245,0.8507594125111867,0.7237915779763795,128,114,113.80645161290323
noncircular,39,0,5,4,C,1.2797584745429693,0.8365456014749151,0.6998085433470275,128,114,113.80645161290323
noncircular,40,0,5,5,A,1.3452399804918975,0.8301858993044112,0.689208627403874,113,100,102.01379310344828
noncircular,40,0,5,5,C,1.2631509919202888,0.8154761551484723,0.6650013596157353,113,100,102.01379310344828
noncircular,41,0,5,6,A,1.32505140349739,0.8345674270418133,0.6965027902791924,133,119,118.336
noncircular,41,0,5,6,C,1.2526097862475634,0.8199518225394822,0.6723209912858185,133,119,118.336
noncircular,42,0,6,0,A,1.303986119680346,0.8122732198941975,0.6597877837572874,113,100,101.41454545454546
noncircular,42,0,6,0,C,1.2368461202871208,0.7832223631632537,0.6134372701590316,113,100,101.41454545454546
noncircular,43,0,6,1,A,1.2934399678406838,0.8304768505857824,0.6896917993588799,131,117,116.57551020408164
noncircular,43,0,6,1,C,1.2281021460104278,0.8115738428504188,0.6586521023989962,131,117,116.57551020408164
noncircular,44,0,6,2,A,1.33285521188334,0.8429882021617638,0.7106291089839228,146,131,133.76699029126215
noncircular,44,0,6,2,C,1.2572556943505495,0.8247777983212603,0.6802584166036655,146,131,133.76699029126215
noncircular,45,0,6,3,A,1.313738191223664,0.8493631613240371,0.7214177798143623,166,150,166.0
noncircular,45,0,6,3,C,1.2375080946428219,0.8350056427172541,0.6972344233696546,166,150,166.0
noncircular,46,0,6,4,A,1.3462801292887165,0.8520985304909394,0.7260719056648184,148,133,135.69230769230768
noncircular,46,0,6,4,C,1.267445852718399,0.8381460752775358,0.7024888435031368,148,133,135.69230769230768
noncircular,47,0,6,5,A,1.32505140349739,0.8345674270418133,0.6965027902791924,133,119,118.336
noncircular,47,0,6,5,C,1.2526097862475634,0.8199518225394822,0.6723209912858185,133,119,118.336
noncircular,48,0,6,6,A,1.319920282080224,0.8474461596507575,0.7181649935068173,113,100,102.01379310344828
noncircular,48,0,6,6,C,1.2564375562022272,0.8323874203868321,0.6928688176182448,113,100,102.01379310344828
noncircular,49,1,0,0,A,1.2921510882257399,0.7921300537733952,0.627470022091042,72,61,63.43396226415094
noncircular,49,1,0,0,C,1.2228645347829903,0.7576258917951318,0.5739969919183688,72,61,63.43396226415094
noncircular,50,1,0,1,A,1.3046228744738377,0.8157532243209691,0.6654533229900573,72,61,64.08372093023256
noncircular,50,1,0,1,C,1.2354380921302868,0.791414308884664,0.6263366083073904,72,61,64.08372093023256
noncircular,51,1,0,2,A,1.3690353535641233,0.8330864130311613,0.6940329715771266,87,75,74.84225352112676
noncircular,51,1,0,2,C,1.2876989012422688,0.8097385974448037,0.6556765961918779,87,75,74.84225352112676
noncircular,52,1,0,3,A,1.3301321478053478,0.8429943991169964,0.7106395569426257,107,94,96.61454545454545
noncircular,52,1,0,3,C,1.2475248848751899,0.8239594290215304,0.6789091406734864,107,94,96.61454545454545
noncircular,53,1,0,4,A,1.331807031668938,0.8390246590896916,0.7039623785605732,127,113,112.96680497925311
noncircular,53,1,0,4,C,1.2498891980366174,0.8212874560207408,0.6745130854170203,127,113,112.96680497925311
noncircular,54,1,0,5,A,1.3041443012347143,0.8190210268447289,0.6707954424137941,131,117,116.57551020408164
noncircular,54,1,0,5,C,1.2294188453173218,0.8007973577005691,0.6412764081002132,131,117,116.57551020408164
noncircular,55,1,0,6,A,1.2934399678406838,0.8304768505857824,0.6896917993588799,131,117,116.57551020408164
noncircular,55,1,0,6,C,1.2281021460104278,0.8115738428504188,0.6586521023989962,131,117,116.57551020408164
noncircular,56,1,1,0,A,1.3046228744738377,0.8157532243209691,0.6654533229900573,72,61,64.08372093023256
noncircular,56,1,1,0,C,1.2354380921302868,0.791414308884664,0.6263366083073904,72,61,64.08372093023256
noncircular,57,1,1,1,A,1.3267042987162188,0.8393374729202784,0.704487393448199,56,46,56.0
noncircular,57,1,1,1,C,1.2536226853284118,0.8254817656734911,0.6814201454594244,56,46,56.0
noncircular,58,1,1,2,A,1.3945703842594257,0.8558230218414855,0.7324330447138918,71,60,63.46153846153846
noncircular,58,1,1,2,C,1.310124875005979,0.8431260656359852,0.7108615625548157,71,60,63.46153846153846
noncircular,59,1,1,3,A,1.3405927194877332,0.8592821860665837,0.738365875291367,91,79,78.00859598853869
noncircular,59,1,1,3,C,1.253624118663873,0.8503425042690115,0.7230823745664938,91,79,78.00859598853869
noncircular,60,1,1,4,A,1.3304630157675168,0.8564839699441616,0.7335647907713116,111,98,99.9605734767025
noncircular,60,1,1,4,C,1.2479460447951074,0.8493382006142527,0.7213753790226566,111,98,99.9605734767025
noncircular,61,1,1,5,A,1.3082754497169404,0.8380962858392296,0.7024053843375117,115,102,103.32508833922262
noncircular,61,1,1,5,C,1.2322968366329359,0.8297930719403351,0.6885565422401781,115,102,103.32508833922262
noncircular,62,1,1,6,A,1.2954690475596706,0.8482448408151753,0.719519309969562,115,102,103.32508833922262
noncircular,62,1,1,6,C,1.2284442118266252,0.8395568796213572,0.70485575411955,115,102,103.32508833922262
noncircular,63,1,2,0,A,1.3690353535641233,0.8330864130311613,0.6940329715771266,87,75,74.84225352112676
noncircular,63,1,2,0,C,1.2876989012422688,0.8097385974448037,0.6556765961918779,87,75,74.84225352112676
noncircular,64,1,2,1,A,1.3945703842594257,0.8558230218414855,0.7324330447138918,71,60,63.46153846153846
noncircular,64,1,2,1,C,1.310124875005979,0.8431260656359852,0.7108615625548157,71,60,63.46153846153846
noncircular,65,1,2,2,A,1.4506916979955615,0.8732183841381072,0.7625103463967668,71,60,62.48571428571429
noncircular,65,1,2,2,C,1.3583157862647706,0.861536252938987,0.74224471512815,71,60,62.48571428571429
noncircular,66,1,2,3,A,1.386491803989291,0.8753891035410967,0.7663060825984849,91,79,77.18823529411765
noncircular,66,1,2,3,C,1.2915958805312129,0.867165430706133,0.7519758842117531,91,79,77.18823529411765
noncircular,67,1,2,4,A,1.3651594365687834,0.8728285288328912,0.7618296407445891,111,98,99.61481481481482
noncircular,67,1,2,4,C,1.2753298392233485,0.8663793936937312,0.7506132538171173,111,98,99.61481481481482
noncircular,68,1,2,5,A,1.349108153709058,0.8550922526727819,0.7311827605810126,130,116,115.67213114754098
noncircular,68,1,2,5,C,1.263672585477428,0.847106393024877,0.7175892411036174,130,116,115.67213114754098
noncircular,69,1,2,6,A,1.3370707289550139,0.860664678751303,0.7407436892500836,130,116,115.67213114754098
noncircular,69,1,2,6,C,1.2604051022999232,0.8527653208116578,0.7272086923790096,130,116,115.67213114754098
noncircular,70,1,3,0,A,1.3301321478053478,0.8429943991169964,0.7106395569426257,107,94,96.61454545454545
noncircular,70,1,3,0,C,1.2475248848751899,0.8239594290215304,0.6789091406734864,107,94,96.61454545454545
noncircular,71,1,3,1,A,1.3405927194877332,0.8592821860665837,0.738365875291367,91,79,78.00859598853869
noncircular,71,1,3,1,C,1.253624118663873,0.8503425042690115,0.7230823745664938,91,79,78.00859598853869
noncircular,72,1,3,2,A,1.386491803989291,0.8753891035410967,0.7663060825984849,91,79,77.18823529411765
noncircular,72,1,3,2,C,1.2915958805312129,0.867165430706133,0.7519758842117531,91,79,77.18823529411765
noncircular,73,1,3,3,A,1.3431264767301956,0.881002966690461,0.7761662273173935,91,79,77.18823529411765
noncircular,73,1,3,3,C,1.2467552015278138,0.8770092737210617,0.7691452661927441,91,79,77.18823529411765
noncircular,74,1,3,4,A,1.3425456559305424,0.8832155624642207,0.7800697297789898,111,98,99.61481481481482
noncircular,74,1,3,4,C,1.2522901641414992,0.8807408536526542,0.7757044512928061,111,98,99.61481481481482
noncircular,75,1,3,5,A,1.3301037280161445,0.8643820309226832,0.7471562953820224,130,116,115.67213114754098
noncircular,75,1,3,5,C,1.2438128201001262,0.8600041278836963,0.739607099976997,130,116,115.67213114754098
noncircular,76,1,3,6,A,1.3130592769751943,0.8656022818398198,0.7492673103263028,150,135,138.35294117647058
noncircular,76,1,3,6,C,1.2343179919696279,0.8611276440159575,0.7415408192884737,150,135,138.35294117647058
noncircular,77,1,4,0,A,1.331807031668938,0.8390246590896916,0.7039623785605732,127,113,112.96680497925311
noncircular,77,1,4,0,C,1.2498891980366174,0.8212874560207408,0.6745130854170203,127,113,112.96680497925311
noncircular,78,1,4,1,A,1.3304630157675168,0.8564839699441616,0.7335647907713116,111,98,99.9605734767025
noncircular,78,1,4,1,C,1.2479460447951074,0.8493382006142527,0.7213753790226566,111,98,99.9605734767025
noncircular,79,1,4,2,A,1.3651594365687834,0.8728285288328912,0.7618296407445891,111,98,99.61481481481482
noncircular,79,1,4,2,C,1.2753298392233485,0.8663793936937312,0.7506132538171173,111,98,99.61481481481482
noncircular,80,1,4,3,A,1.3425456559305424,0.8832155624642207,0.7800697297789898,111,98,99.61481481481482
noncircular,80,1,4,3,C,1.2522901641414992,0.8807408536526542,0.7757044512928061,111,98,99.61481481481482
noncircular,81,1,4,4,A,1.3627871284571966,0.886466603012575,0.7858230382566542,111,98,99.84057971014492
noncircular,81,1,4,4,C,1.2728110856326273,0.884438043251225,0.7822306523500557,111,98,99.84057971014492
noncircular,82,1,4,5,A,1.3529389277994752,0.8676091629510579,0.7527456596366354,130,116,115.6
noncircular,82,1,4,5,C,1.2665675550923245,0.8638541375415776,0.7462439709477029,130,116,115.6
noncircular,83,1,4,6,A,1.3346430837498569,0.86904625990408,0.7552414018532698,150,135,137.61904761904762
noncircular,83,1,4,6,C,1.2563194776984645,0.8654180892510748,0.7489484692029812,150,135,137.61904761904762
noncircular,84,1,5,0,A,1.3041443012347143,0.8190210268447289,0.6707954424137941,131,117,116.57551020408164
noncircular,84,1,5,0,C,1.2294188453173218,0.8007973577005691,0.6412764081002132,131,117,116.57551020408164
noncircular,85,1,5,1,A,1.3082754497169404,0.8380962858392296,0.7024053843375117,115,102,103.32508833922262
noncircular,85,1,5,1,C,1.2322968366329359,0.8297930719403351,0.6885565422401781,115,102,103.32508833922262
noncircular,86,1,5,2,A,1.349108153709058,0.8550922526727819,0.7311827605810126,130,116,115.67213114754098
noncircular,86,1,5,2,C,1.263672585477428,0.847106393024877,0.7175892411036174,130,116,115.67213114754098
noncircular,87,1,5,3,A,1.3301037280161445,0.8643820309226832,0.7471562953820224,130,116,115.67213114754098
noncircular,87,1,5,3,C,1.2438128201001262,0.8600041278836963,0.739607099976997,130,116,115.67213114754098
noncircular,88,1,5,4,A,1.3529389277994752,0.8676091629510579,0.7527456596366354,130,116,115.6
noncircular,88,1,5,4,C,1.2665675550923245,0.8638541375415776,0.7462439709477029,130,116,115.6
noncircular,89,1,5,5,A,1.3371047347872471,0.8487193032877024,0.720324455773163,115,102,103.68493150684931
noncircular,89,1,5,5,C,1.2560436367150922,0.8440023075272169,0.7123398951112668,115,102,103.68493150684931
noncircular,90,1,5,6,A,1.3169684776839068,0.8520628789620263,0.7260111497050566,135,121,120.14285714285714
noncircular,90,1,5,6,C,1.2445500456313505,0.8473169596000091,0.7179460300258034,135,121,120.14285714285714
noncircular,91,1,6,0,A,1.2934399678406838,0.8304768505857824,0.6896917993588799,131,117,116.57551020408164
noncircular,91,1,6,0,C,1.2281021460104278,0.8115738428504188,0.6586521023989962,131,117,116.57551020408164
noncircular,92,1,6,1,A,1.2954690475596706,0.8482448408151753,0.719519309969562,115,102,103.32508833922262
noncircular,92,1,6,1,C,1.2284442118266252,0.8395568796213572,0.70485575411955,115,102,103.32508833922262
noncircular,93,1,6,2,A,1.3370707289550139,0.860664678751303,0.7407436892500836,130,116,115.67213114754098
noncircular,93,1,6,2,C,1.2604051022999232,0.8527653208116578,0.7272086923790096,130,116,115.67213114754098
noncircular,94,1,6,3,A,1.3130592769751943,0.8656022818398198,0.7492673103263028,150,135,138.35294117647058
noncircular,94,1,6,3,C,1.2343179919696279,0.8611276440159575,0.7415408192884737,150,135,138.35294117647058
noncircular,95,1,6,4,A,1.3346430837498569,0.86904625990408,0.7552414018532698,150,135,137.61904761904762
noncircular,95,1,6,4,C,1.2563194776984645,0.8654180892510748,0.7489484692029812,150,135,137.61904761904762
noncircular,96,1,6,5,A,1.3169684776839068,0.8520628789620263,0.7260111497050566,135,121,120.14285714285714
noncircular,96,1,6,5,C,1.2445500456313505,0.8473169596000091,0.7179460300258034,135,121,120.14285714285714
noncircular,97,1,6,6,A,1.3056848467575473,0.8615815086869004,0.7423226961111955,115,102,103.68493150684931
noncircular,97,1,6,6,C,1.2418243296980847,0.8565581025681759,0.7336917830751937,115,102,103.68493150684931
noncircular,98,2,0,0,A,1.3507866246497466,0.8094309045524453,0.6551783892445897,87,75,74.27220630372493
noncircular,98,2,0,0,C,1.2687872843468362,0.7757339571760845,0.6017631723160674,87,75,74.27220630372493
noncircular,99,2,0,1,A,1.3690353535641233,0.8330864130311613,0.6940329715771266,87,75,74.84225352112676
noncircular,99,2,0,1,C,1.2876989012422688,0.8097385974448037,0.6556765961918779,87,75,74.84225352112676
noncircular,100,2,0,2,A,1.422641353787581,0.8517803529957491,0.7255297697495628,87,75,73.98843930635839
noncircular,100,2,0,2,C,1.3325085782011272,0.8291883573805708,0.6875533320154893,87,75,73.98843930635839
noncircular,101,2,0,3,A,1.3755315522798903,0.85991757830521,0.739458241478297,107,94,96.2406015037594
noncircular,101,2,0,3,C,1.2845832455130821,0.8415397839800695,0.708189208021222,107,94,96.2406015037594
noncircular,102,2,0,4,A,1.366474322104927,0.8563139560965786,0.7332735914057731,127,113,113.12068965517241
noncircular,102,2,0,4,C,1.2768011369222267,0.8391767704388179,0.7042176520441245,127,113,113.12068965517241
noncircular,103,2,0,5,A,1.3451018078190162,0.8368882537550595,0.7003819492731929,146,131,133.76699029126215
noncircular,103,2,0,5,C,1.2602938545437599,0.8187521647321399,0.6703551072535651,146,131,133.76699029126215
noncircular,104,2,0,6,A,1.33285521188334,0.8429882021617638,0.7106291089839228,146,131,133.76699029126215
noncircular,104,2,0,6,C,1.2572556943505495,0.8247777983212603,0.6802584166036655,146,131,133.76699029126215
noncircular,105,2,1,0,A,1.3690353535641233,0.8330864130311613,0.6940329715771266,87,75,74.84225352112676
noncircular,105,2,1,0,C,1.2876989012422688,0.8097385974448037,0.6556765961918779,87,75,74.84225352112676
noncircular,106,2,1,1,A,1.3945703842594257,0.8558230218414855,0.7324330447138918,71,60,63.46153846153846
noncircular,106,2,1,1,C,1.310124875005979,0.8431260656359852,0.7108615625548157,71,60,63.46153846153846
noncircular,107,2,1,2,A,1.4506916979955615,0.8732183841381072,0.7625103463967668,71,60,62.48571428571429
noncircular,107,2,1,2,C,1.3583157862647706,0.861536252938987,0.74224471512815,71,60,62.48571428571429
noncircular,108,2,1,3,A,1.386491803989291,0.8753891035410967,0.7663060825984849,91,79,77.18823529411765
noncircular,108,2,1,3,C,1.2915958805312129,0.867165430706133,0.7519758842117531,91,79,77.18823529411765
noncircular,109,2,1,4,A,1.3651594365687834,0.8728285288328912,0.7618296407445891,111,98,99.61481481481482
noncircular,109,2,1,4,C,1.2753298392233485,0.8663793936937312,0.7506132538171173,111,98,99.61481481481482
noncircular,110,2,1,5,A,1.349108153709058,0.8550922526727819,0.7311827605810126,130,116,115.67213114754098
noncircular,110,2,1,5,C,1.263672585477428,0.847106393024877,0.7175892411036174,130,116,115.67213114754098
noncircular,111,2,1,6,A,1.3370707289550139,0.860664678751303,0.7407436892500836,130,116,115.67213114754098
noncircular,111,2,1,6,C,1.2604051022999232,0.8527653208116578,0.7272086923790096,130,116,115.67213114754098
noncircular,112,2,2,0,A,1.422641353787581,0.8517803529957491,0.7255297697495628,87,75,73.98843930635839
noncircular,112,2,2,0,C,1.3325085782011272,0.8291883573805708,0.6875533320154893,87,75,73.98843930635839
noncircular,113,2,2,1,A,1.4506916979955615,0.8732183841381072,0.7625103463967668,71,60,62.48571428571429
noncircular,113,2,2,1,C,1.3583157862647706,0.861536252938987,0.74224471512815,71,60,62.48571428571429
noncircular,114,2,2,2,A,1.4908142384381273,0.8915701990724488,0.794897419874086,53,43,53.0
noncircular,114,2,2,2,C,1.3939923977359974,0.8807731086828436,0.7757612689788403,53,43,53.0
noncircular,115,2,2,3,A,1.4221346252121698,0.8945850475486621,0.800282407297642,73,62,63.6801007556675
noncircular,115,2,2,3,C,1.3219374813425762,0.8871464102536231,0.7870287532258897,73,62,63.6801007556675
noncircular,116,2,2,4,A,1.3917004275264677,0.893589562009659,0.7985023053326142,93,81,79.2691131498471
noncircular,116,2,2,4,C,1.2965023407489376,0.8879578959561957,0.7884692249909541,93,81,79.2691131498471
noncircular,117,2,2,5,A,1.3837118678459022,0.8748314100160473,0.7653299959506654,112,99,100.46125461254613
noncircular,117,2,2,5,C,1.2908572770178182,0.8673014756984485,0.7522118497487065,112,99,100.46125461254613
noncircular,118,2,2,6,A,1.3719069587239308,0.8763255555807925,0.7679464793639846,112,99,100.46125461254613
noncircular,118,2,2,6,C,1.2875294948800617,0.8690306352288379,0.7552142449662376,112,99,100.46125461254613
noncircular,119,2,3,0,A,1.3755315522798903,0.85991757830521,0.739458241478297,107,94,96.2406015037594
noncircular,119,2,3,0,C,1.2845832455130821,0.8415397839800695,0.708189208021222,107,94,96.2406015037594
noncircular,120,2,3,1,A,1.386491803989291,0.8753891035410967,0.7663060825984849,91,79,77.18823529411765
noncircular,120,2,3,1,C,1.2915958805312129,0.867165430706133,0.7519758842117531,91,79,77.18823529411765
noncircular,121,2,3,2,A,1.4221346252121698,0.8945850475486621,0.800282407297642,73,62,63.6801007556675
noncircular,121,2,3,2,C,1.3219374813425762,0.8871464102536231,0.7870287532258897,73,62,63.6801007556675
noncircular,122,2,3,3,A,1.377247003402548,0.9000010337015484,0.8100018606638556,73,62,63.6801007556675
noncircular,122,2,3,3,C,1.2755274533613978,0.896735652972652,0.8041348313122886,73,62,63.6801007556675
noncircular,123,2,3,4,A,1.3707201964831084,0.9047735944944377,0.8186152572943852,93,81,79.2691131498471
noncircular,123,2,3,4,C,1.2755234474044392,0.9032475445006904,0.8158561266465267,93,81,79.2691131498471
noncircular,124,2,3,5,A,1.3629488561036225,0.8845063652324576,0.7823515101367338,112,99,100.46125461254613
noncircular,124,2,3,5,C,1.2698943038224182,0.8806568914474809,0.7755565604539403,112,99,100.46125461254613
noncircular,125,2,3,6,A,1.3460727526267626,0.8835979996297265,0.7807454249496542,132,118,117.85714285714286
noncircular,125,2,3,6,C,1.2602140986101422,0.8796493289367139,0.773782941898811,132,118,117.85714285714286
noncircular,126,2,4,0,A,1.366474322104927,0.8563139560965786,0.7332735914057731,127,113,113.12068965517241
noncircular,126,2,4,0,C,1.2768011369222267,0.8391767704388179,0.7042176520441245,127,113,113.12068965517241
noncircular,127,2,4,1,A,1.3651594365687834,0.8728285288328912,0.7618296407445891,111,98,99.61481481481482
noncircular,127,2,4,1,C,1.2753298392233485,0.8663793936937312,0.7506132538171173,111,98,99.61481481481482
noncircular,128,2,4,2,A,1.3917004275264677,0.893589562009659,0.7985023053326142,93,81,79.2691131498471
noncircular,128,2,4,2,C,1.2965023407489376,0.8879578959561957,0.7884692249909541,93,81,79.2691131498471
noncircular,129,2,4,3,A,1.3707201964831084,0.9047735944944377,0.8186152572943852,93,81,79.2691131498471
noncircular,129,2,4,3,C,1.2755234474044392,0.9032475445006904,0.8158561266465267,93,81,79.2691131498471
noncircular,130,2,4,4,A,1.390027153402447,0.9110647497191326,0.8300389781807859,93,81,79.78678678678679
noncircular,130,2,4,4,C,1.2951153370607924,0.9101819713666222,0.8284312210008306,93,81,79.78678678678679
noncircular,131,2,4,5,A,1.3858218933176936,0.8899913206602127,0.7920845508505096,112,99,100.68231046931407
noncircular,131,2,4,5,C,1.2926879104280062,0.8867897922002054,0.7863961355504834,112,99,100.68231046931407
noncircular,132,2,4,6,A,1.3663271871375517,0.8889266181909877,0.790190532528466,132,118,117.67510548523207
noncircular,132,2,4,6,C,1.2809287014822648,0.8858267654065974,0.784689058310715,132,118,117.67510548523207
noncircular,133,2,5,0,A,1.3451018078190162,0.8368882537550595,0.7003819492731929,146,131,133.76699029126215
noncircular,133,2,5,0,C,1.2602938545437599,0.8187521647321399,0.6703551072535651,146,131,133.76699029126215
noncircular,134,2,5,1,A,1.349108153709058,0.8550922526727819,0.7311827605810126,130,116,115.67213114754098
noncircular,134,2,5,1,C,1.263672585477428,0.847106393024877,0.7175892411036174,130,116,115.67213114754098
noncircular,135,2,5,2,A,1.3837118678459022,0.8748314100160473,0.7653299959506654,112,99,100.46125461254613
noncircular,135,2,5,2,C,1.2908572770178182,0.8673014756984485,0.7522118497487065,112,99,100.46125461254613
noncircular,136,2,5,3,A,1.3629488561036225,0.8845063652324576,0.7823515101367338,112,99,100.46125461254613
noncircular,136,2,5,3,C,1.2698943038224182,0.8806568914474809,0.7755565604539403,112,99,100.46125461254613
noncircular,137,2,5,4,A,1.3858218933176936,0.8899913206602127,0.7920845508505096,112,99,100.68231046931407
noncircular,137,2,5,4,C,1.2926879104280062,0.8867897922002054,0.7863961355504834,112,99,100.68231046931407
noncircular,138,2,5,5,A,1.3753307487064264,0.8703011022291319,0.7574240085412419,112,99,101.17993079584775
noncircular,138,2,5,5,C,1.2854488973496832,0.8656491809382846,0.7493485044591229,112,99,101.17993079584775
noncircular,139,2,5,6,A,1.354625055160714,0.870711668530612,0.7581388097153623,132,118,117.43373493975903
noncircular,139,2,5,6,C,1.2730623442209594,0.8661495407712043,0.7502150269781681,132,118,117.43373493975903
noncircular,140,2,6,0,A,1.33285521188334,0.8429882021617638,0.7106291089839228,146,131,133.76699029126215
noncircular,140,2,6,0,C,1.2572556943505495,0.8247777983212603,0.6802584166036655,146,131,133.76699029126215
noncircular,141,2,6,1,A,1.3370707289550139,0.860664678751303,0.7407436892500836,130,116,115.67213114754098
noncircular,141,2,6,1,C,1.2604051022999232,0.8527653208116578,0.7272086923790096,130,116,115.67213114754098
noncircular,142,2,6,2,A,1.3719069587239308,0.8763255555807925,0.7679464793639846,112,99,100.46125461254613
noncircular,142,2,6,2,C,1.2875294948800617,0.8690306352288379,0.7552142449662376,112,99,100.46125461254613
noncircular,143,2,6,3,A,1.3460727526267626,0.8835979996297265,0.7807454249496542,132,118,117.85714285714286
noncircular,143,2,6,3,C,1.2602140986101422,0.8796493289367139,0.773782941898811,132,118,117.85714285714286
noncircular,144,2,6,4,A,1.3663271871375517,0.8889266181909877,0.790190532528466,132,118,117.67510548523207
noncircular,144,2,6,4,C,1.2809287014822648,0.8858267654065974,0.784689058310715,132,118,117.67510548523207
noncircular,145,2,6,5,A,1.354625055160714,0.870711668530612,0.7581388097153623,132,118,117.43373493975903
noncircular,145,2,6,5,C,1.2730623442209594,0.8661495407712043,0.7502150269781681,132,118,117.43373493975903
noncircular,146,2,6,6,A,1.3410841380527263,0.875181926548032,0.7659434045563248,112,99,101.17993079584775
noncircular,146,2,6,6,C,1.2679551575133283,0.8707702870705227,0.7582408928448806,112,99,101.17993079584775
noncircular,147,3,0,0,A,1.3234240923450895,0.825375762397003,0.6812451491524341,107,94,96.36059479553903
noncircular,147,3,0,0,C,1.2414228020837306,0.7966501644122068,0.6346514844579961,107,94,96.36059479553903
noncircular,148,3,0,1,A,1.3301321478053478,0.8429943991169964,0.7106395569426257,107,94,96.61454545454545
noncircular,148,3,0,1,C,1.2475248848751899,0.8239594290215304,0.6789091406734864,107,94,96.61454545454545
noncircular,149,3,0,2,A,1.3755315522798903,0.85991757830521,0.739458241478297,107,94,96.2406015037594
noncircular,149,3,0,2,C,1.2845832455130821,0.8415397839800695,0.708189208021222,107,94,96.2406015037594
noncircular,150,3,0,3,A,1.3476938468467135,0.8697043918213733,0.7563857291533848,107,94,96.2406015037594
noncircular,150,3,0,3,C,1.257349956866443,0.855685898885024,0.7321983575506715,107,94,96.2406015037594
noncircular,151,3,0,4,A,1.3543037153596613,0.8697407736459296,0.7564490133422201,127,113,113.12068965517241
noncircular,151,3,0,4,C,1.2659452638921702,0.8569124139903799,0.7342988852508202,127,113,113.12068965517241
noncircular,152,3,0,5,A,1.3342016758379325,0.8487471465471059,0.7203717187718545,146,131,133.76699029126215
noncircular,152,3,0,5,C,1.2498466210820511,0.8345051712041124,0.6963988807664049,146,131,133.76699029126215
noncircular,153,3,0,6,A,1.313738191223664,0.8493631613240371,0.7214177798143623,166,150,166.0
noncircular,153,3,0,6,C,1.2375080946428219,0.8350056427172541,0.6972344233696546,166,150,166.0
noncircular,154,3,1,0,A,1.3301321478053478,0.8429943991169964,0.7106395569426257,107,94,96.61454545454545
noncircular,154,3,1,0,C,1.2475248848751899,0.8239594290215304,0.6789091406734864,107,94,96.61454545454545
noncircular,155,3,1,1,A,1.3405927194877332,0.8592821860665837,0.738365875291367,91,79,78.00859598853869
noncircular,155,3,1,1,C,1.253624118663873,0.8503425042690115,0.7230823745664938,91,79,78.00859598853869
noncircular,156,3,1,2,A,1.386491803989291,0.8753891035410967,0.7663060825984849,91,79,77.18823529411765
noncircular,156,3,1,2,C,1.2915958805312129,0.867165430706133,0.7519758842117531,91,79,77.18823529411765
noncircular,157,3,1,3,A,1.3431264767301956,0.881002966690461,0.7761662273173935,91,79,77.18823529411765
noncircular,157,3,1,3,C,1.2467552015278138,0.8770092737210617,0.7691452661927441,91,79,77.18823529411765
noncircular,158,3,1,4,A,1.3425456559305424,0.8832155624642207,0.7800697297789898,111,98,99.61481481481482
noncircular,158,3,1,4,C,1.2522901641414992,0.8807408536526542,0.7757044512928061,111,98,99.61481481481482
noncircular,159,3,1,5,A,1.3301037280161445,0.8643820309226832,0.7471562953820224,130,116,115.67213114754098
noncircular,159,3,1,5,C,1.2438128201001262,0.8600041278836963,0.739607099976997,130,116,115.67213114754098
noncircular,160,3,1,6,A,1.3130592769751943,0.8656022818398198,0.7492673103263028,150,135,138.35294117647058
noncircular,160,3,1,6,C,1.2343179919696279,0.8611276440159575,0.7415408192884737,150,135,138.35294117647058
noncircular,161,3,2,0,A,1.3755315522798903,0.85991757830521,0.739458241478297,107,94,96.2406015037594
noncircular,161,3,2,0,C,1.2845832455130821,0.8415397839800695,0.708189208021222,107,94,96.2406015037594
noncircular,162,3,2,1,A,1.386491803989291,0.8753891035410967,0.7663060825984849,91,79,77.18823529411765
noncircular,162,3,2,1,C,1.2915958805312129,0.867165430706133,0.7519758842117531,91,79,77.18823529411765
noncircular,163,3,2,2,A,1.4221346252121698,0.8945850475486621,0.800282407297642,73,62,63.6801007556675
noncircular,163,3,2,2,C,1.3219374813425762,0.8871464102536231,0.7870287532258897,73,62,63.6801007556675
noncircular,164,3,2,3,A,1.377247003402548,0.9000010337015484,0.8100018606638556,73,62,63.6801007556675
noncircular,164,3,2,3,C,1.2755274533613978,0.896735652972652,0.8041348313122886,73,62,63.6801007556675
noncircular,165,3,2,4,A,1.3707201964831084,0.9047735944944377,0.8186152572943852,93,81,79.2691131498471
noncircular,165,3,2,4,C,1.2755234474044392,0.9032475445006904,0.8158561266465267,93,81,79.2691131498471
noncircular,166,3,2,5,A,1.3629488561036225,0.8845063652324576,0.7823515101367338,112,99,100.46125461254613
noncircular,166,3,2,5,C,1.2698943038224182,0.8806568914474809,0.7755565604539403,112,99,100.46125461254613
noncircular,167,3,2,6,A,1.3460727526267626,0.8835979996297265,0.7807454249496542,132,118,117.85714285714286
noncircular,167,3,2,6,C,1.2602140986101422,0.8796493289367139,0.773782941898811,132,118,117.85714285714286
noncircular,168,3,3,0,A,1.3476938468467135,0.8697043918213733,0.7563857291533848,107,94,96.2406015037594
noncircular,168,3,3,0,C,1.257349956866443,0.855685898885024,0.7321983575506715,107,94,96.2406015037594
noncircular,169,3,3,1,A,1.3431264767301956,0.881002966690461,0.7761662273173935,91,79,77.18823529411765
noncircular,169,3,3,1,C,1.2467552015278138,0.8770092737210617,0.7691452661927441,91,79,77.18823529411765
noncircular,170,3,3,2,A,1.377247003402548,0.9000010337015484,0.8100018606638556,73,62,63.6801007556675
noncircular,170,3,3,2,C,1.2755274533613978,0.896735652972652,0.8041348313122886,73,62,63.6801007556675
noncircular,171,3,3,3,A,1.3226075843421519,0.9024813876815087,0.8144726551115415,53,43,53.0
noncircular,171,3,3,3,C,1.2182981162374684,0.9048223813407761,0.8187035417751928,53,43,53.0
noncircular,172,3,3,4,A,1.3440211579051633,0.9149759929437827,0.8371810676634611,73,62,63.68796068796069
noncircular,172,3,3,4,C,1.2494778125501842,0.9184090750147832,0.8434752290695097,73,62,63.68796068796069
noncircular,173,3,3,5,A,1.3417135467275512,0.8956661556650803,0.802217862403864,92,80,77.56410256410257
noncircular,173,3,3,5,C,1.2489514908232955,0.8962266701488889,0.8032222442861653,92,80,77.56410256410257
noncircular,174,3,3,6,A,1.3235805439521375,0.8938674391850318,0.7989989988352064,112,99,100.46125461254613
noncircular,174,3,3,6,C,1.2371464714825307,0.8941046549602589,0.7994231340216037,112,99,100.46125461254613
noncircular,175,3,4,0,A,1.3543037153596613,0.8697407736459296,0.7564490133422201,127,113,113.12068965517241
noncircular,175,3,4,0,C,1.2659452638921702,0.8569124139903799,0.7342988852508202,127,113,113.12068965517241
noncircular,176,3,4,1,A,1.3425456559305424,0.8832155624642207,0.7800697297789898,111,98,99.61481481481482
noncircular,176,3,4,1,C,1.2522901641414992,0.8807408536526542,0.7757044512928061,111,98,99.61481481481482
noncircular,177,3,4,2,A,1.3707201964831084,0.9047735944944377,0.8186152572943852,93,81,79.2691131498471
noncircular,177,3,4,2,C,1.2755234474044392,0.9032475445006904,0.8158561266465267,93,81,79.2691131498471
noncircular,178,3,4,3,A,1.3440211579051633,0.9149759929437827,0.8371810676634611,73,62,63.68796068796069
noncircular,178,3,4,3,C,1.2494778125501842,0.9184090750147832,0.8434752290695097,73,62,63.68796068796069
noncircular,179,3,4,4,A,1.3809234971284932,0.9255887947186856,0.8567146169087891,73,62,64.3317191283293
noncircular,179,3,4,4,C,1.2882988992455577,0.9293317931809681,0.8636575818169537,73,62,64.3317191283293
noncircular,180,3,4,5,A,1.3783795778595187,0.9045376703925534,0.8181883971591876,92,80,78.1204481792717
noncircular,180,3,4,5,C,1.2866674193332366,0.9055465763223184,0.8200146018890724,92,80,78.1204481792717
noncircular,181,3,4,6,A,1.3566479195861516,0.9022513566043407,0.8140575104943732,112,99,100.68231046931407
noncircular,181,3,4,6,C,1.271760357644228,0.903120344122676,0.8156263559682608,112,99,100.68231046931407
noncircular,182,3,5,0,A,1.3342016758379325,0.8487471465471059,0.7203717187718545,146,131,133.76699029126215
noncircular,182,3,5,0,C,1.2498466210820511,0.8345051712041124,0.6963988807664049,146,131,133.76699029126215
noncircular,183,3,5,1,A,1.3301037280161445,0.8643820309226832,0.7471562953820224,130,116,115.67213114754098
noncircular,183,3,5,1,C,1.2438128201001262,0.8600041278836963,0.739607099976997,130,116,115.67213114754098
noncircular,184,3,5,2,A,1.3629488561036225,0.8845063652324576,0.7823515101367338,112,99,100.46125461254613
noncircular,184,3,5,2,C,1.2698943038224182,0.8806568914474809,0.7755565604539403,112,99,100.46125461254613
noncircular,185,3,5,3,A,1.3417135467275512,0.8956661556650803,0.802217862403864,92,80,77.56410256410257
noncircular,185,3,5,3,C,1.2489514908232955,0.8962266701488889,0.8032222442861653,92,80,77.56410256410257
noncircular,186,3,5,4,A,1.3783795778595187,0.9045376703925534,0.8181883971591876,92,80,78.1204481792717
noncircular,186,3,5,4,C,1.2866674193332366,0.9055465763223184,0.8200146018890724,92,80,78.1204481792717
noncircular,187,3,5,5,A,1.3733948958951203,0.8849170558240961,0.7830781956883863,92,80,79.2439024390244
noncircular,187,3,5,5,C,1.2842551687141472,0.8841929312085702,0.7817971395992034,92,80,79.2439024390244
noncircular,188,3,5,6,A,1.3511554385284426,0.8832971225105858,0.7802138066354808,112,99,101.17993079584775
noncircular,188,3,5,6,C,1.2694024223431073,0.8824814818176555,0.778773565751085,112,99,101.17993079584775
noncircular,189,3,6,0,A,1.313738191223664,0.8493631613240371,0.7214177798143623,166,150,166.0
noncircular,189,3,6,0,C,1.2375080946428219,0.8350056427172541,0.6972344233696546,166,150,166.0
noncircular,190,3,6,1,A,1.3130592769751943,0.8656022818398198,0.7492673103263028,150,135,138.35294117647058
noncircular,190,3,6,1,C,1.2343179919696279,0.8611276440159575,0.7415408192884737,150,135,138.35294117647058
noncircular,191,3,6,2,A,1.3460727526267626,0.8835979996297265,0.7807454249496542,132,118,117.85714285714286
noncircular,191,3,6,2,C,1.2602140986101422,0.8796493289367139,0.773782941898811,132,118,117.85714285714286
noncircular,192,3,6,3,A,1.3235805439521375,0.8938674391850318,0.7989989988352064,112,99,100.46125461254613
noncircular,192,3,6,3,C,1.2371464714825307,0.8941046549602589,0.7994231340216037,112,99,100.46125461254613
noncircular,193,3,6,4,A,1.3566479195861516,0.9022513566043407,0.8140575104943732,112,99,100.68231046931407
noncircular,193,3,6,4,C,1.271760357644228,0.903120344122676,0.8156263559682608,112,99,100.68231046931407
noncircular,194,3,6,5,A,1.3511554385284426,0.8832971225105858,0.7802138066354808,112,99,101.17993079584775
noncircular,194,3,6,5,C,1.2694024223431073,0.8824814818176555,0.778773565751085,112,99,101.17993079584775
noncircular,195,3,6,6,A,1.333232504576304,0.8834551907425063,0.7804930740498782,112,99,101.17993079584775
noncircular,195,3,6,6,C,1.2588710069196152,0.8825761114146536,0.7789405924398111,112,99,101.17993079584775
noncircular,196,4,0,0,A,1.3405113235141686,0.8193457786235764,0.6713275049482746,109,96,98.04059040590406
noncircular,196,4,0,0,C,1.255062484682871,0.790864259460823,0.6254662768925159,109,96,98.04059040590406
noncircular,197,4,0,1,A,1.331807031668938,0.8390246590896916,0.7039623785605732,127,113,112.96680497925311
noncircular,197,4,0,1,C,1.2498891980366174,0.8212874560207408,0.6745130854170203,127,113,112.96680497925311
noncircular,198,4,0,2,A,1.366474322104927,0.8563139560965786,0.7332735914057731,127,113,113.12068965517241
noncircular,198,4,0,2,C,1.2768011369222267,0.8391767704388179,0.7042176520441245,127,113,113.12068965517241
noncircular,199,4,0,3,A,1.3543037153596613,0.8697407736459296,0.7564490133422201,127,113,113.12068965517241
noncircular,199,4,0,3,C,1.2659452638921702,0.8569124139903799,0.7342988852508202,127,113,113.12068965517241
noncircular,200,4,0,4,A,1.3848546755262874,0.8715639824202972,0.7596237754523282,109,96,98.16058394160584
noncircular,200,4,0,4,C,1.2931300225624904,0.858607398063167,0.7372066640088017,109,96,98.16058394160584
noncircular,201,4,0,5,A,1.3676247755045245,0.8507594125111867,0.7237915779763795,128,114,113.80645161290323
noncircular,201,4,0,5,C,1.2797584745429693,0.8365456014749151,0.6998085433470275,128,114,113.80645161290323
noncircular,202,4,0,6,A,1.3462801292887165,0.8520985304909394,0.7260719056648184,148,133,135.69230769230768
noncircular,202,4,0,6,C,1.267445852718399,0.8381460752775358,0.7024888435031368,148,133,135.69230769230768
noncircular,203,4,1,0,A,1.331807031668938,0.8390246590896916,0.7039623785605732,127,113,112.96680497925311
noncircular,203,4,1,0,C,1.2498891980366174,0.8212874560207408,0.6745130854170203,127,113,112.96680497925311
noncircular,204,4,1,1,A,1.3304630157675168,0.8564839699441616,0.7335647907713116,111,98,99.9605734767025
noncircular,204,4,1,1,C,1.2479460447951074,0.8493382006142527,0.7213753790226566,111,98,99.9605734767025
noncircular,205,4,1,2,A,1.3651594365687834,0.8728285288328912,0.7618296407445891,111,98,99.61481481481482
noncircular,205,4,1,2,C,1.2753298392233485,0.8663793936937312,0.7506132538171173,111,98,99.61481481481482
noncircular,206,4,1,3,A,1.3425456559305424,0.8832155624642207,0.7800697297789898,111,98,99.61481481481482
noncircular,206,4,1,3,C,1.2522901641414992,0.8807408536526542,0.7757044512928061,111,98,99.61481481481482
noncircular,207,4,1,4,A,1.3627871284571966,0.886466603012575,0.7858230382566542,111,98,99.84057971014492
noncircular,207,4,1,4,C,1.2728110856326273,0.884438043251225,0.7822306523500557,111,98,99.84057971014492
noncircular,208,4,1,5,A,1.3529389277994752,0.8676091629510579,0.7527456596366354,130,116,115.6
noncircular,208,4,1,5,C,1.2665675550923245,0.8638541375415776,0.7462439709477029,130,116,115.6
noncircular,209,4,1,6,A,1.3346430837498569,0.86904625990408,0.7552414018532698,150,135,137.61904761904762
noncircular,209,4,1,6,C,1.2563194776984645,0.8654180892510748,0.7489484692029812,150,135,137.61904761904762
noncircular,210,4,2,0,A,1.366474322104927,0.8563139560965786,0.7332735914057731,127,113,113.12068965517241
noncircular,210,4,2,0,C,1.2768011369222267,0.8391767704388179,0.7042176520441245,127,113,113.12068965517241
noncircular,211,4,2,1,A,1.3651594365687834,0.8728285288328912,0.7618296407445891,111,98,99.61481481481482
noncircular,211,4,2,1,C,1.2753298392233485,0.8663793936937312,0.7506132538171173,111,98,99.61481481481482
noncircular,212,4,2,2,A,1.3917004275264677,0.893589562009659,0.7985023053326142,93,81,79.2691131498471
noncircular,212,4,2,2,C,1.2965023407489376,0.8879578959561957,0.7884692249909541,93,81,79.2691131498471
noncircular,213,4,2,3,A,1.3707201964831084,0.9047735944944377,0.8186152572943852,93,81,79.2691131498471
noncircular,213,4,2,3,C,1.2755234474044392,0.9032475445006904,0.8158561266465267,93,81,79.2691131498471
noncircular,214,4,2,4,A,1.390027153402447,0.9110647497191326,0.8300389781807859,93,81,79.78678678678679
noncircular,214,4,2,4,C,1.2951153370607924,0.9101819713666222,0.8284312210008306,93,81,79.78678678678679
noncircular,215,4,2,5,A,1.3858218933176936,0.8899913206602127,0.7920845508505096,112,99,100.68231046931407
noncircular,215,4,2,5,C,1.2926879104280062,0.8867897922002054,0.7863961355504834,112,99,100.68231046931407
noncircular,216,4,2,6,A,1.3663271871375517,0.8889266181909877,0.790190532528466,132,118,117.67510548523207
noncircular,216,4,2,6,C,1.2809287014822648,0.8858267654065974,0.784689058310715,132,118,117.67510548523207
noncircular,217,4,3,0,A,1.3543037153596613,0.8697407736459296,0.7564490133422201,127,113,113.12068965517241
noncircular,217,4,3,0,C,1.2659452638921702,0.8569124139903799,0.7342988852508202,127,113,113.12068965517241
noncircular,218,4,3,1,A,1.3425456559305424,0.8832155624642207,0.7800697297789898,111,98,99.61481481481482
noncircular,218,4,3,1,C,1.2522901641414992,0.8807408536526542,0.7757044512928061,111,98,99.61481481481482
noncircular,219,4,3,2,A,1.3707201964831084,0.9047735944944377,0.8186152572943852,93,81,79.2691131498471
noncircular,219,4,3,2,C,1.2755234474044392,0.9032475445006904,0.8158561266465267,93,81,79.2691131498471
noncircular,220,4,3,3,A,1.3440211579051633,0.9149759929437827,0.8371810676634611,73,62,63.68796068796069
noncircular,220,4,3,3,C,1.2494778125501842,0.9184090750147832,0.8434752290695097,73,62,63.68796068796069
noncircular,221,4,3,4,A,1.3809234971284932,0.9255887947186856,0.8567146169087891,73,62,64.3317191283293
noncircular,221,4,3,4,C,1.2882988992455577,0.9293317931809681,0.8636575818169537,73,62,64.3317191283293
noncircular,222,4,3,5,A,1.3783795778595187,0.9045376703925534,0.8181883971591876,92,80,78.1204481792717
noncircular,222,4,3,5,C,1.2866674193332366,0.9055465763223184,0.8200146018890724,92,80,78.1204481792717
noncircular,223,4,3,6,A,1.3566479195861516,0.9022513566043407,0.8140575104943732,112,99,100.68231046931407
noncircular,223,4,3,6,C,1.271760357644228,0.903120344122676,0.8156263559682608,112,99,100.68231046931407
noncircular,224,4,4,0,A,1.3848546755262874,0.8715639824202972,0.7596237754523282,109,96,98.16058394160584
noncircular,224,4,4,0,C,1.2931300225624904,0.858607398063167,0.7372066640088017,109,96,98.16058394160584
noncircular,225,4,4,1,A,1.3627871284571966,0.886466603012575,0.7858230382566542,111,98,99.84057971014492
noncircular,225,4,4,1,C,1.2728110856326273,0.884438043251225,0.7822306523500557,111,98,99.84057971014492
noncircular,226,4,4,2,A,1.390027153402447,0.9110647497191326,0.8300389781807859,93,81,79.78678678678679
noncircular,226,4,4,2,C,1.2951153370607924,0.9101819713666222,0.8284312210008306,93,81,79.78678678678679
noncircular,227,4,4,3,A,1.3809234971284932,0.9255887947186856,0.8567146169087891,73,62,64.3317191283293
noncircular,227,4,4,3,C,1.2882988992455577,0.9293317931809681,0.8636575818169537,73,62,64.3317191283293
noncircular,228,4,4,4,A,1.436192329942125,0.9371884841988315,0.8783222549149035,55,45,55.0
noncircular,228,4,4,4,C,1.3407511168032362,0.9408098798597625,0.8851232300417408,55,45,55.0
noncircular,229,4,4,5,A,1.434980622648746,0.9148538318620242,0.8369575336726288,74,63,65.05922551252847
noncircular,229,4,4,5,C,1.3399368111968406,0.915649223877536,0.838413501187534,74,63,65.05922551252847
noncircular,230,4,4,6,A,1.4071070568079795,0.9116592828875342,0.831122648075013,94,82,79.55710306406685
noncircular,230,4,4,6,C,1.319787771119415,0.9125474407506386,0.8327428316205403,94,82,79.55710306406685
noncircular,231,4,5,0,A,1.3676247755045245,0.8507594125111867,0.7237915779763795,128,114,113.80645161290323
noncircular,231,4,5,0,C,1.2797584745429693,0.8365456014749151,0.6998085433470275,128,114,113.80645161290323
noncircular,232,4,5,1,A,1.3529389277994752,0.8676091629510579,0.7527456596366354,130,116,115.6
noncircular,232,4,5,1,C,1.2665675550923245,0.8638541375415776,0.7462439709477029,130,116,115.6
noncircular,233,4,5,2,A,1.3858218933176936,0.8899913206602127,0.7920845508505096,112,99,100.68231046931407
noncircular,233,4,5,2,C,1.2926879104280062,0.8867897922002054,0.7863961355504834,112,99,100.68231046931407
noncircular,234,4,5,3,A,1.3783795778595187,0.9045376703925534,0.8181883971591876,92,80,78.1204481792717
noncircular,234,4,5,3,C,1.2866674193332366,0.9055465763223184,0.8200146018890724,92,80,78.1204481792717
noncircular,235,4,5,4,A,1.434980622648746,0.9148538318620242,0.8369575336726288,74,63,65.05922551252847
noncircular,235,4,5,4,C,1.3399368111968406,0.915649223877536,0.838413501187534,74,63,65.05922551252847
noncircular,236,4,5,5,A,1.4325581602682353,0.8943469776809996,0.7998565164871384,74,63,66.36141906873614
noncircular,236,4,5,5,C,1.3394346153578616,0.8933840081716405,0.7981349860568259,74,63,66.36141906873614
noncircular,237,4,5,6,A,1.4054747826520422,0.8922750430816049,0.7961547525062799,94,82,80.6711590296496
noncircular,237,4,5,6,C,1.320801454033355,0.8915125476593381,0.7947946226340435,94,82,80.6711590296496
noncircular,238,4,6,0,A,1.3462801292887165,0.8520985304909394,0.7260719056648184,148,133,135.69230769230768
noncircular,238,4,6,0,C,1.267445852718399,0.8381460752775358,0.7024888435031368,148,133,135.69230769230768
noncircular,239,4,6,1,A,1.3346430837498569,0.86904625990408,0.7552414018532698,150,135,137.61904761904762
noncircular,239,4,6,1,C,1.2563194776984645,0.8654180892510748,0.7489484692029812,150,135,137.61904761904762
noncircular,240,4,6,2,A,1.3663271871375517,0.8889266181909877,0.790190532528466,132,118,117.67510548523207
noncircular,240,4,6,2,C,1.2809287014822648,0.8858267654065974,0.784689058310715,132,118,117.67510548523207
noncircular,241,4,6,3,A,1.3566479195861516,0.9022513566043407,0.8140575104943732,112,99,100.68231046931407
noncircular,241,4,6,3,C,1.271760357644228,0.903120344122676,0.8156263559682608,112,99,100.68231046931407
noncircular,242,4,6,4,A,1.4071070568079795,0.9116592828875342,0.831122648075013,94,82,79.55710306406685
noncircular,242,4,6,4,C,1.319787771119415,0.9125474407506386,0.8327428316205403,94,82,79.55710306406685
noncircular,243,4,6,5,A,1.4054747826520422,0.8922750430816049,0.7961547525062799,94,82,80.6711590296496
noncircular,243,4,6,5,C,1.320801454033355,0.8915125476593381,0.7947946226340435,94,82,80.6711590296496
noncircular,244,4,6,6,A,1.3846039755033326,0.8921432486357278,0.79591957608631,94,82,80.6711590296496
noncircular,244,4,6,6,C,1.3080650721837166,0.89154915743901,0.7948599001302086,94,82,80.6711590296496
noncircular,245,5,0,0,A,1.3062430938435703,0.7973648039695057,0.6357906306093283,113,100,101.41454545454546
noncircular,245,5,0,0,C,1.2290090119514112,0.7691805178134987,0.591638668983842,113,100,101.41454545454546
noncircular,246,5,0,1,A,1.3041443012347143,0.8190210268447289,0.6707954424137941,131,117,116.57551020408164
noncircular,246,5,0,1,C,1.2294188453173218,0.8007973577005691,0.6412764081002132,131,117,116.57551020408164
noncircular,247,5,0,2,A,1.3451018078190162,0.8368882537550595,0.7003819492731929,146,131,133.76699029126215
noncircular,247,5,0,2,C,1.2602938545437599,0.8187521647321399,0.6703551072535651,146,131,133.76699029126215
noncircular,248,5,0,3,A,1.3342016758379325,0.8487471465471059,0.7203717187718545,146,131,133.76699029126215
noncircular,248,5,0,3,C,1.2498466210820511,0.8345051712041124,0.6963988807664049,146,131,133.76699029126215
noncircular,249,5,0,4,A,1.3676247755045245,0.8507594125111867,0.7237915779763795,128,114,113.80645161290323
noncircular,249,5,0,4,C,1.2797584745429693,0.8365456014749151,0.6998085433470275,128,114,113.80645161290323
noncircular,250,5,0,5,A,1.3452399804918975,0.8301858993044112,0.689208627403874,113,100,102.01379310344828
noncircular,250,5,0,5,C,1.2631509919202888,0.8154761551484723,0.6650013596157353,113,100,102.01379310344828
noncircular,251,5,0,6,A,1.32505140349739,0.8345674270418133,0.6965027902791924,133,119,118.336
noncircular,251,5,0,6,C,1.2526097862475634,0.8199518225394822,0.6723209912858185,133,119,118.336
noncircular,252,5,1,0,A,1.3041443012347143,0.8190210268447289,0.6707954424137941,131,117,116.57551020408164
noncircular,252,5,1,0,C,1.2294188453173218,0.8007973577005691,0.6412764081002132,131,117,116.57551020408164
noncircular,253,5,1,1,A,1.3082754497169404,0.8380962858392296,0.7024053843375117,115,102,103.32508833922262
noncircular,253,5,1,1,C,1.2322968366329359,0.8297930719403351,0.6885565422401781,115,102,103.32508833922262
noncircular,254,5,1,2,A,1.349108153709058,0.8550922526727819,0.7311827605810126,130,116,115.67213114754098
noncircular,254,5,1,2,C,1.263672585477428,0.847106393024877,0.7175892411036174,130,116,115.67213114754098
noncircular,255,5,1,3,A,1.3301037280161445,0.8643820309226832,0.7471562953820224,130,116,115.67213114754098
noncircular,255,5,1,3,C,1.2438128201001262,0.8600041278836963,0.739607099976997,130,116,115.67213114754098
noncircular,256,5,1,4,A,1.3529389277994752,0.8676091629510579,0.7527456596366354,130,116,115.6
noncircular,256,5,1,4,C,1.2665675550923245,0.8638541375415776,0.7462439709477029,130,116,115.6
noncircular,257,5,1,5,A,1.3371047347872471,0.8487193032877024,0.720324455773163,115,102,103.68493150684931
noncircular,257,5,1,5,C,1.2560436367150922,0.8440023075272169,0.7123398951112668,115,102,103.68493150684931
noncircular,258,5,1,6,A,1.3169684776839068,0.8520628789620263,0.7260111497050566,135,121,120.14285714285714
noncircular,258,5,1,6,C,1.2445500456313505,0.8473169596000091,0.7179460300258034,135,121,120.14285714285714
noncircular,259,5,2,0,A,1.3451018078190162,0.8368882537550595,0.7003819492731929,146,131,133.76699029126215
noncircular,259,5,2,0,C,1.2602938545437599,0.8187521647321399,0.6703551072535651,146,131,133.76699029126215
noncircular,260,5,2,1,A,1.349108153709058,0.8550922526727819,0.7311827605810126,130,116,115.67213114754098
noncircular,260,5,2,1,C,1.263672585477428,0.847106393024877,0.7175892411036174,130,116,115.67213114754098
noncircular,261,5,2,2,A,1.3837118678459022,0.8748314100160473,0.7653299959506654,112,99,100.46125461254613
noncircular,261,5,2,2,C,1.2908572770178182,0.8673014756984485,0.7522118497487065,112,99,100.46125461254613
noncircular,262,5,2,3,A,1.3629488561036225,0.8845063652324576,0.7823515101367338,112,99,100.46125461254613
noncircular,262,5,2,3,C,1.2698943038224182,0.8806568914474809,0.7755565604539403,112,99,100.46125461254613
noncircular,263,5,2,4,A,1.3858218933176936,0.8899913206602127,0.7920845508505096,112,99,100.68231046931407
noncircular,263,5,2,4,C,1.2926879104280062,0.8867897922002054,0.7863961355504834,112,99,100.68231046931407
noncircular,264,5,2,5,A,1.3753307487064264,0.8703011022291319,0.7574240085412419,112,99,101.17993079584775
noncircular,264,5,2,5,C,1.2854488973496832,0.8656491809382846,0.7493485044591229,112,99,101.17993079584775
noncircular,265,5,2,6,A,1.354625055160714,0.870711668530612,0.7581388097153623,132,118,117.43373493975903
noncircular,265,5,2,6,C,1.2730623442209594,0.8661495407712043,0.7502150269781681,132,118,117.43373493975903
noncircular,266,5,3,0,A,1.3342016758379325,0.8487471465471059,0.7203717187718545,146,131,133.76699029126215
noncircular,266,5,3,0,C,1.2498466210820511,0.8345051712041124,0.6963988807664049,146,131,133.76699029126215
noncircular,267,5,3,1,A,1.3301037280161445,0.8643820309226832,0.7471562953820224,130,116,115.67213114754098
noncircular,267,5,3,1,C,1.2438128201001262,0.8600041278836963,0.739607099976997,130,116,115.67213114754098
noncircular,268,5,3,2,A,1.3629488561036225,0.8845063652324576,0.7823515101367338,112,99,100.46125461254613
noncircular,268,5,3,2,C,1.2698943038224182,0.8806568914474809,0.7755565604539403,112,99,100.46125461254613
noncircular,269,5,3,3,A,1.3417135467275512,0.8956661556650803,0.802217862403864,92,80,77.56410256410257
noncircular,269,5,3,3,C,1.2489514908232955,0.8962266701488889,0.8032222442861653,92,80,77.56410256410257
noncircular,270,5,3,4,A,1.3783795778595187,0.9045376703925534,0.8181883971591876,92,80,78.1204481792717
noncircular,270,5,3,4,C,1.2866674193332366,0.9055465763223184,0.8200146018890724,92,80,78.1204481792717
noncircular,271,5,3,5,A,1.3733948958951203,0.8849170558240961,0.7830781956883863,92,80,79.2439024390244
noncircular,271,5,3,5,C,1.2842551687141472,0.8841929312085702,0.7817971395992034,92,80,79.2439024390244
noncircular,272,5,3,6,A,1.3511554385284426,0.8832971225105858,0.7802138066354808,112,99,101.17993079584775
noncircular,272,5,3,6,C,1.2694024223431073,0.8824814818176555,0.778773565751085,112,99,101.17993079584775
noncircular,273,5,4,0,A,1.3676247755045245,0.8507594125111867,0.7237915779763795,128,114,113.80645161290323
noncircular,273,5,4,0,C,1.2797584745429693,0.8365456014749151,0.6998085433470275,128,114,113.80645161290323
noncircular,274,5,4,1,A,1.3529389277994752,0.8676091629510579,0.7527456596366354,130,116,115.6
noncircular,274,5,4,1,C,1.2665675550923245,0.8638541375415776,0.7462439709477029,130,116,115.6
noncircular,275,5,4,2,A,1.3858218933176936,0.8899913206602127,0.7920845508505096,112,99,100.68231046931407
noncircular,275,5,4,2,C,1.2926879104280062,0.8867897922002054,0.7863961355504834,112,99,100.68231046931407
noncircular,276,5,4,3,A,1.3783795778595187,0.9045376703925534,0.8181883971591876,92,80,78.1204481792717
noncircular,276,5,4,3,C,1.2866674193332366,0.9055465763223184,0.8200146018890724,92,80,78.1204481792717
noncircular,277,5,4,4,A,1.434980622648746,0.9148538318620242,0.8369575336726288,74,63,65.05922551252847
noncircular,277,5,4,4,C,1.3399368111968406,0.915649223877536,0.838413501187534,74,63,65.05922551252847
noncircular,278,5,4,5,A,1.4325581602682353,0.8943469776809996,0.7998565164871384,74,63,66.36141906873614
noncircular,278,5,4,5,C,1.3394346153578616,0.8933840081716405,0.7981349860568259,74,63,66.36141906873614
noncircular,279,5,4,6,A,1.4054747826520422,0.8922750430816049,0.7961547525062799,94,82,80.6711590296496
noncircular,279,5,4,6,C,1.320801454033355,0.8915125476593381,0.7947946226340435,94,82,80.6711590296496
noncircular,280,5,5,0,A,1.3452399804918975,0.8301858993044112,0.689208627403874,113,100,102.01379310344828
noncircular,280,5,5,0,C,1.2631509919202888,0.8154761551484723,0.6650013596157353,113,100,102.01379310344828
noncircular,281,5,5,1,A,1.3371047347872471,0.8487193032877024,0.720324455773163,115,102,103.68493150684931
noncircular,281,5,5,1,C,1.2560436367150922,0.8440023075272169,0.7123398951112668,115,102,103.68493150684931
noncircular,282,5,5,2,A,1.3753307487064264,0.8703011022291319,0.7574240085412419,112,99,101.17993079584775
noncircular,282,5,5,2,C,1.2854488973496832,0.8656491809382846,0.7493485044591229,112,99,101.17993079584775
noncircular,283,5,5,3,A,1.3733948958951203,0.8849170558240961,0.7830781956883863,92,80,79.2439024390244
noncircular,283,5,5,3,C,1.2842551687141472,0.8841929312085702,0.7817971395992034,92,80,79.2439024390244
noncircular,284,5,5,4,A,1.4325581602682353,0.8943469776809996,0.7998565164871384,74,63,66.36141906873614
noncircular,284,5,5,4,C,1.3394346153578616,0.8933840081716405,0.7981349860568259,74,63,66.36141906873614
noncircular,285,5,5,5,A,1.4266176242476403,0.8734102219000736,0.7628454157195357,59,49,59.0
noncircular,285,5,5,5,C,1.3371325639623413,0.8714926470700958,0.7594994338972425,59,49,59.0
noncircular,286,5,5,6,A,1.397361078008936,0.8723947426275198,0.7610725869641365,79,68,69.46563192904657
noncircular,286,5,5,6,C,1.3172608459280746,0.8707094462286171,0.7581349397517451,79,68,69.46563192904657
noncircular,287,5,6,0,A,1.32505140349739,0.8345674270418133,0.6965027902791924,133,119,118.336
noncircular,287,5,6,0,C,1.2526097862475634,0.8199518225394822,0.6723209912858185,133,119,118.336
noncircular,288,5,6,1,A,1.3169684776839068,0.8520628789620263,0.7260111497050566,135,121,120.14285714285714
noncircular,288,5,6,1,C,1.2445500456313505,0.8473169596000091,0.7179460300258034,135,121,120.14285714285714
noncircular,289,5,6,2,A,1.354625055160714,0.870711668530612,0.7581388097153623,132,118,117.43373493975903
noncircular,289,5,6,2,C,1.2730623442209594,0.8661495407712043,0.7502150269781681,132,118,117.43373493975903
noncircular,290,5,6,3,A,1.3511554385284426,0.8832971225105858,0.7802138066354808,112,99,101.17993079584775
noncircular,290,5,6,3,C,1.2694024223431073,0.8824814818176555,0.778773565751085,112,99,101.17993079584775
noncircular,291,5,6,4,A,1.4054747826520422,0.8922750430816049,0.7961547525062799,94,82,80.6711590296496
noncircular,291,5,6,4,C,1.320801454033355,0.8915125476593381,0.7947946226340435,94,82,80.6711590296496
noncircular,292,5,6,5,A,1.397361078008936,0.8723947426275198,0.7610725869641365,79,68,69.46563192904657
noncircular,292,5,6,5,C,1.3172608459280746,0.8707094462286171,0.7581349397517451,79,68,69.46563192904657
noncircular,293,5,6,6,A,1.3735395202666316,0.8743141525803619,0.7644252374023164,79,68,69.46563192904657
noncircular,293,5,6,6,C,1.3024742049793976,0.8727532175128503,0.7616981786790326,79,68,69.46563192904657
noncircular,294,6,0,0,A,1.303986119680346,0.8122732198941975,0.6597877837572874,113,100,101.41454545454546
noncircular,294,6,0,0,C,1.2368461202871208,0.7832223631632537,0.6134372701590316,113,100,101.41454545454546
noncircular,295,6,0,1,A,1.2934399678406838,0.8304768505857824,0.6896917993588799,131,117,116.57551020408164
noncircular,295,6,0,1,C,1.2281021460104278,0.8115738428504188,0.6586521023989962,131,117,116.57551020408164
noncircular,296,6,0,2,A,1.33285521188334,0.8429882021617638,0.7106291089839228,146,131,133.76699029126215
noncircular,296,6,0,2,C,1.2572556943505495,0.8247777983212603,0.6802584166036655,146,131,133.76699029126215
noncircular,297,6,0,3,A,1.313738191223664,0.8493631613240371,0.7214177798143623,166,150,166.0
noncircular,297,6,0,3,C,1.2375080946428219,0.8350056427172541,0.6972344233696546,166,150,166.0
noncircular,298,6,0,4,A,1.3462801292887165,0.8520985304909394,0.7260719056648184,148,133,135.69230769230768
noncircular,298,6,0,4,C,1.267445852718399,0.8381460752775358,0.7024888435031368,148,133,135.69230769230768
noncircular,299,6,0,5,A,1.32505140349739,0.8345674270418133,0.6965027902791924,133,119,118.336
noncircular,299,6,0,5,C,1.2526097862475634,0.8199518225394822,0.6723209912858185,133,119,118.336
noncircular,300,6,0,6,A,1.319920282080224,0.8474461596507575,0.7181649935068173,113,100,102.01379310344828
noncircular,300,6,0,6,C,1.2564375562022272,0.8323874203868321,0.6928688176182448,113,100,102.01379310344828
noncircular,301,6,1,0,A,1.2934399678406838,0.8304768505857824,0.6896917993588799,131,117,116.57551020408164
noncircular,301,6,1,0,C,1.2281021460104278,0.8115738428504188,0.6586521023989962,131,117,116.57551020408164
noncircular,302,6,1,1,A,1.2954690475596706,0.8482448408151753,0.719519309969562,115,102,103.32508833922262
noncircular,302,6,1,1,C,1.2284442118266252,0.8395568796213572,0.70485575411955,115,102,103.32508833922262
noncircular,303,6,1,2,A,1.3370707289550139,0.860664678751303,0.7407436892500836,130,116,115.67213114754098
noncircular,303,6,1,2,C,1.2604051022999232,0.8527653208116578,0.7272086923790096,130,116,115.67213114754098
noncircular,304,6,1,3,A,1.3130592769751943,0.8656022818398198,0.7492673103263028,150,135,138.35294117647058
noncircular,304,6,1,3,C,1.2343179919696279,0.8611276440159575,0.7415408192884737,150,135,138.35294117647058
noncircular,305,6,1,4,A,1.3346430837498569,0.86904625990408,0.7552414018532698,150,135,137.61904761904762
noncircular,305,6,1,4,C,1.2563194776984645,0.8654180892510748,0.7489484692029812,150,135,137.61904761904762
noncircular,306,6,1,5,A,1.3169684776839068,0.8520628789620263,0.7260111497050566,135,121,120.14285714285714
noncircular,306,6,1,5,C,1.2445500456313505,0.8473169596000091,0.7179460300258034,135,121,120.14285714285714
noncircular,307,6,1,6,A,1.3056848467575473,0.8615815086869004,0.7423226961111955,115,102,103.68493150684931
noncircular,307,6,1,6,C,1.2418243296980847,0.8565581025681759,0.7336917830751937,115,102,103.68493150684931
noncircular,308,6,2,0,A,1.33285521188334,0.8429882021617638,0.7106291089839228,146,131,133.76699029126215
noncircular,308,6,2,0,C,1.2572556943505495,0.8247777983212603,0.6802584166036655,146,131,133.76699029126215
noncircular,309,6,2,1,A,1.3370707289550139,0.860664678751303,0.7407436892500836,130,116,115.67213114754098
noncircular,309,6,2,1,C,1.2604051022999232,0.8527653208116578,0.7272086923790096,130,116,115.67213114754098
noncircular,310,6,2,2,A,1.3719069587239308,0.8763255555807925,0.7679464793639846,112,99,100.46125461254613
noncircular,310,6,2,2,C,1.2875294948800617,0.8690306352288379,0.7552142449662376,112,99,100.46125461254613
noncircular,311,6,2,3,A,1.3460727526267626,0.8835979996297265,0.7807454249496542,132,118,117.85714285714286
noncircular,311,6,2,3,C,1.2602140986101422,0.8796493289367139,0.773782941898811,132,118,117.85714285714286
noncircular,312,6,2,4,A,1.3663271871375517,0.8889266181909877,0.790190532528466,132,118,117.67510548523207
noncircular,312,6,2,4,C,1.2809287014822648,0.8858267654065974,0.784689058310715,132,118,117.67510548523207
noncircular,313,6,2,5,A,1.354625055160714,0.870711668530612,0.7581388097153623,132,118,117.43373493975903
noncircular,313,6,2,5,C,1.2730623442209594,0.8661495407712043,0.7502150269781681,132,118,117.43373493975903
noncircular,314,6,2,6,A,1.3410841380527263,0.875181926548032,0.7659434045563248,112,99,101.17993079584775
noncircular,314,6,2,6,C,1.2679551575133283,0.8707702870705227,0.7582408928448806,112,99,101.17993079584775
noncircular,315,6,3,0,A,1.313738191223664,0.8493631613240371,0.7214177798143623,166,150,166.0
noncircular,315,6,3,0,C,1.2375080946428219,0.8350056427172541,0.6972344233696546,166,150,166.0
noncircular,316,6,3,1,A,1.3130592769751943,0.8656022818398198,0.7492673103263028,150,135,138.35294117647058
noncircular,316,6,3,1,C,1.2343179919696279,0.8611276440159575,0.7415408192884737,150,135,138.35294117647058
noncircular,317,6,3,2,A,1.3460727526267626,0.8835979996297265,0.7807454249496542,132,118,117.85714285714286
noncircular,317,6,3,2,C,1.2602140986101422,0.8796493289367139,0.773782941898811,132,118,117.85714285714286
noncircular,318,6,3,3,A,1.3235805439521375,0.8938674391850318,0.7989989988352064,112,99,100.46125461254613
noncircular,318,6,3,3,C,1.2371464714825307,0.8941046549602589,0.7994231340216037,112,99,100.46125461254613
noncircular,319,6,3,4,A,1.3566479195861516,0.9022513566043407,0.8140575104943732,112,99,100.68231046931407
noncircular,319,6,3,4,C,1.271760357644228,0.903120344122676,0.8156263559682608,112,99,100.68231046931407
noncircular,320,6,3,5,A,1.3511554385284426,0.8832971225105858,0.7802138066354808,112,99,101.17993079584775
noncircular,320,6,3,5,C,1.2694024223431073,0.8824814818176555,0.778773565751085,112,99,101.17993079584775
noncircular,321,6,3,6,A,1.333232504576304,0.8834551907425063,0.7804930740498782,112,99,101.17993079584775
noncircular,321,6,3,6,C,1.2588710069196152,0.8825761114146536,0.7789405924398111,112,99,101.17993079584775
noncircular,322,6,4,0,A,1.3462801292887165,0.8520985304909394,0.7260719056648184,148,133,135.69230769230768
noncircular,322,6,4,0,C,1.267445852718399,0.8381460752775358,0.7024888435031368,148,133,135.69230769230768
noncircular,323,6,4,1,A,1.3346430837498569,0.86904625990408,0.7552414018532698,150,135,137.61904761904762
noncircular,323,6,4,1,C,1.2563194776984645,0.8654180892510748,0.7489484692029812,150,135,137.61904761904762
noncircular,324,6,4,2,A,1.3663271871375517,0.8889266181909877,0.790190532528466,132,118,117.67510548523207
noncircular,324,6,4,2,C,1.2809287014822648,0.8858267654065974,0.784689058310715,132,118,117.67510548523207
noncircular,325,6,4,3,A,1.3566479195861516,0.9022513566043407,0.8140575104943732,112,99,100.68231046931407
noncircular,325,6,4,3,C,1.271760357644228,0.903120344122676,0.8156263559682608,112,99,100.68231046931407
noncircular,326,6,4,4,A,1.4071070568079795,0.9116592828875342,0.831122648075013,94,82,79.55710306406685
noncircular,326,6,4,4,C,1.319787771119415,0.9125474407506386,0.8327428316205403,94,82,79.55710306406685
noncircular,327,6,4,5,A,1.4054747826520422,0.8922750430816049,0.7961547525062799,94,82,80.6711590296496
noncircular,327,6,4,5,C,1.320801454033355,0.8915125476593381,0.7947946226340435,94,82,80.6711590296496
noncircular,328,6,4,6,A,1.3846039755033326,0.8921432486357278,0.79591957608631,94,82,80.6711590296496
noncircular,328,6,4,6,C,1.3080650721837166,0.89154915743901,0.7948599001302086,94,82,80.6711590296496
noncircular,329,6,5,0,A,1.32505140349739,0.8345674270418133,0.6965027902791924,133,119,118.336
noncircular,329,6,5,0,C,1.2526097862475634,0.8199518225394822,0.6723209912858185,133,119,118.336
noncircular,330,6,5,1,A,1.3169684776839068,0.8520628789620263,0.7260111497050566,135,121,120.14285714285714
noncircular,330,6,5,1,C,1.2445500456313505,0.8473169596000091,0.7179460300258034,135,121,120.14285714285714
noncircular,331,6,5,2,A,1.354625055160714,0.870711668530612,0.7581388097153623,132,118,117.43373493975903
noncircular,331,6,5,2,C,1.2730623442209594,0.8661495407712043,0.7502150269781681,132,118,117.43373493975903
noncircular,332,6,5,3,A,1.3511554385284426,0.8832971225105858,0.7802138066354808,112,99,101.17993079584775
noncircular,332,6,5,3,C,1.2694024223431073,0.8824814818176555,0.778773565751085,112,99,101.17993079584775
noncircular,333,6,5,4,A,1.4054747826520422,0.8922750430816049,0.7961547525062799,94,82,80.6711590296496
noncircular,333,6,5,4,C,1.320801454033355,0.8915125476593381,0.7947946226340435,94,82,80.6711590296496
noncircular,334,6,5,5,A,1.397361078008936,0.8723947426275198,0.7610725869641365,79,68,69.46563192904657
noncircular,334,6,5,5,C,1.3172608459280746,0.8707094462286171,0.7581349397517451,79,68,69.46563192904657
noncircular,335,6,5,6,A,1.3735395202666316,0.8743141525803619,0.7644252374023164,79,68,69.46563192904657
noncircular,335,6,5,6,C,1.3024742049793976,0.8727532175128503,0.7616981786790326,79,68,69.46563192904657
noncircular,336,6,6,0,A,1.319920282080224,0.8474461596507575,0.7181649935068173,113,100,102.01379310344828
noncircular,336,6,6,0,C,1.2564375562022272,0.8323874203868321,0.6928688176182448,113,100,102.01379310344828
noncircular,337,6,6,1,A,1.3056848467575473,0.8615815086869004,0.7423226961111955,115,102,103.68493150684931
noncircular,337,6,6,1,C,1.2418243296980847,0.8565581025681759,0.7336917830751937,115,102,103.68493150684931
noncircular,338,6,6,2,A,1.3410841380527263,0.875181926548032,0.7659434045563248,112,99,101.17993079584775
noncircular,338,6,6,2,C,1.2679551575133283,0.8707702870705227,0.7582408928448806,112,99,101.17993079584775
noncircular,339,6,6,3,A,1.333232504576304,0.8834551907425063,0.7804930740498782,112,99,101.17993079584775
noncircular,339,6,6,3,C,1.2588710069196152,0.8825761114146536,0.7789405924398111,112,99,101.17993079584775
noncircular,340,6,6,4,A,1.3846039755033326,0.8921432486357278,0.79591957608631,94,82,80.6711590296496
noncircular,340,6,6,4,C,1.3080650721837166,0.89154915743901,0.7948599001302086,94,82,80.6711590296496
noncircular,341,6,6,5,A,1.3735395202666316,0.8743141525803619,0.7644252374023164,79,68,69.46563192904657
noncircular,341,6,6,5,C,1.3024742049793976,0.8727532175128503,0.7616981786790326,79,68,69.46563192904657
noncircular,342,6,6,6,A,1.3580150682289236,0.8824210400746473,0.7786668919664222,59,49,59.0
noncircular,342,6,6,6,C,1.2958873443464594,0.8807884886410234,0.7757883617225383,59,49,59.0
circular,0,0,0,0,A,1.2999538604519443,0.7668368061505061,0.5880386872671088,54,44,54.0
circular,0,0,0,0,C,1.2243547341077048,0.7210212941400053,0.519871706603328,54,44,54.0
circular,1,0,0,1,A,1.2921510882257399,0.7921300537733952,0.627470022091042,72,61,63.43396226415094
circular,1,0,0,1,C,1.2228645347829903,0.7576258917951318,0.5739969919183688,72,61,63.43396226415094
circular,2,0,0,2,A,1.3507866246497466,0.8094309045524453,0.6551783892445897,87,75,74.27220630372493
circular,2,0,0,2,C,1.2687872843468362,0.7757339571760845,0.6017631723160674,87,75,74.27220630372493
circular,3,0,0,3,A,1.3234240923450895,0.825375762397003,0.6812451491524341,107,94,96.36059479553903
circular,3,0,0,3,C,1.2414228020837306,0.7966501644122068,0.6346514844579961,107,94,96.36059479553903
circular,4,0,0,4,A,1.3405113235141686,0.8193457786235764,0.6713275049482746,109,96,98.04059040590406
circular,4,0,0,4,C,1.255062484682871,0.790864259460823,0.6254662768925159,109,96,98.04059040590406
circular,5,0,0,5,A,1.3062430938435703,0.7973648039695057,0.6357906306093283,113,100,101.41454545454546
circular,5,0,0,5,C,1.2290090119514112,0.7691805178134987,0.591638668983842,113,100,101.41454545454546
circular,6,0,0,6,A,1.303986119680346,0.8122732198941975,0.6597877837572874,113,100,101.41454545454546
circular,6,0,0,6,C,1.2368461202871208,0.7832223631632537,0.6134372701590316,113,100,101.41454545454546
circular,7,0,0,7,A,1.258683759842416,0.7876689885515503,0.6204224355258223,93,81,79.31044776119403
circular,7,0,0,7,C,1.1941952017923008,0.7478010292986318,0.5592063794200932,93,81,79.31044776119403
circular,8,0,0,8,A,1.2694878193539358,0.793326401159333,0.6293667787764189,74,63,64.64039408866995
circular,8,0,0,8,C,1.205164668702123,0.7524470554210433,0.5661765712117985,74,63,64.64039408866995
circular,9,0,1,0,A,1.2921510882257399,0.7921300537733952,0.627470022091042,72,61,63.43396226415094
circular,9,0,1,0,C,1.2228645347829903,0.7576258917951318,0.5739969919183688,72,61,63.43396226415094
circular,10,0,1,1,A,1.3046228744738377,0.8157532243209691,0.6654533229900573,72,61,64.08372093023256
circular,10,0,1,1,C,1.2354380921302868,0.791414308884664,0.6263366083073904,72,61,64.08372093023256
circular,11,0,1,2,A,1.3690353535641233,0.8330864130311613,0.6940329715771266,87,75,74.84225352112676
circular,11,0,1,2,C,1.2876989012422688,0.8097385974448037,0.6556765961918779,87,75,74.84225352112676
circular,12,0,1,3,A,1.3301321478053478,0.8429943991169964,0.7106395569426257,107,94,96.61454545454545
circular,12,0,1,3,C,1.2475248848751899,0.8239594290215304,0.6789091406734864,107,94,96.61454545454545
circular,13,0,1,4,A,1.331807031668938,0.8390246590896916,0.7039623785605732,127,113,112.96680497925311
circular,13,0,1,4,C,1.2498891980366174,0.8212874560207408,0.6745130854170203,127,113,112.96680497925311
circular,14,0,1,5,A,1.3041443012347143,0.8190210268447289,0.6707954424137941,131,117,116.57551020408164
circular,14,0,1,5,C,1.2294188453173218,0.8007973577005691,0.6412764081002132,131,117,116.57551020408164
circular,15,0,1,6,A,1.2934399678406838,0.8304768505857824,0.6896917993588799,131,117,116.57551020408164
circular,15,0,1,6,C,1.2281021460104278,0.8115738428504188,0.6586521023989962,131,117,116.57551020408164
circular,16,0,1,7,A,1.2566551058494486,0.80637314983404,0.650237656773271,111,98,99.72527472527473
circular,16,0,1,7,C,1.1933246876037737,0.7761101365918712,0.602346944120653,111,98,99.72527472527473
circular,17,0,1,8,A,1.256983036927603,0.8125995853650373,0.6603180861354305,92,80,78.18604651162791
circular,17,0,1,8,C,1.195792271945267,0.7823228746556288,0.6120290802094467,92,80,78.18604651162791
circular,18,0,2,0,A,1.3507866246497466,0.8094309045524453,0.6551783892445897,87,75,74.27220630372493
circular,18,0,2,0,C,1.2687872843468362,0.7757339571760845,0.6017631723160674,87,75,74.27220630372493
circular,19,0,2,1,A,1.3690353535641233,0.8330864130311613,0.6940329715771266,87,75,74.84225352112676
circular,19,0,2,1,C,1.2876989012422688,0.8097385974448037,0.6556765961918779,87,75,74.84225352112676
circular,20,0,2,2,A,1.422641353787581,0.8517803529957491,0.7255297697495628,87,75,73.98843930635839
circular,20,0,2,2,C,1.3325085782011272,0.8291883573805708,0.6875533320154893,87,75,73.98843930635839
circular,21,0,2,3,A,1.3755315522798903,0.85991757830521,0.739458241478297,107,94,96.2406015037594
circular,21,0,2,3,C,1.2845832455130821,0.8415397839800695,0.708189208021222,107,94,96.2406015037594
circular,22,0,2,4,A,1.366474322104927,0.8563139560965786,0.7332735914057731,127,113,113.12068965517241
circular,22,0,2,4,C,1.2768011369222267,0.8391767704388179,0.7042176520441245,127,113,113.12068965517241
circular,23,0,2,5,A,1.3451018078190162,0.8368882537550595,0.7003819492731929,146,131,133.76699029126215
circular,23,0,2,5,C,1.2602938545437599,0.8187521647321399,0.6703551072535651,146,131,133.76699029126215
circular,24,0,2,6,A,1.33285521188334,0.8429882021617638,0.7106291089839228,146,131,133.76699029126215
circular,24,0,2,6,C,1.2572556943505495,0.8247777983212603,0.6802584166036655,146,131,133.76699029126215
circular,25,0,2,7,A,1.307961397518516,0.8205577813584916,0.6733150725479701,126,112,112.15384615384616
circular,25,0,2,7,C,1.2321881066457852,0.7907768108067375,0.6253279645096746,126,112,112.15384615384616
circular,26,0,2,8,A,1.3038477808479707,0.8236179935392777,0.6783465992816656,107,94,96.36059479553903
circular,26,0,2,8,C,1.231358442963288,0.7944690175057848,0.631181019776607,107,94,96.36059479553903
circular,27,0,3,0,A,1.3234240923450895,0.825375762397003,0.6812451491524341,107,94,96.36059479553903
circular,27,0,3,0,C,1.2414228020837306,0.7966501644122068,0.6346514844579961,107,94,96.36059479553903
circular,28,0,3,1,A,1.3301321478053478,0.8429943991169964,0.7106395569426257,107,94,96.61454545454545
circular,28,0,3,1,C,1.2475248848751899,0.8239594290215304,0.6789091406734864,107,94,96.61454545454545
circular,29,0,3,2,A,1.3755315522798903,0.85991757830521,0.739458241478297,107,94,96.2406015037594
circular,29,0,3,2,C,1.2845832455130821,0.8415397839800695,0.708189208021222,107,94,96.2406015037594
circular,30,0,3,3,A,1.3476938468467135,0.8697043918213733,0.7563857291533848,107,94,96.2406015037594
circular,30,0,3,3,C,1.257349956866443,0.855685898885024,0.7321983575506715,107,94,96.2406015037594
circular,31,0,3,4,A,1.3543037153596613,0.8697407736459296,0.7564490133422201,127,113,113.12068965517241
circular,31,0,3,4,C,1.2659452638921702,0.8569124139903799,0.7342988852508202,127,113,113.12068965517241
circular,32,0,3,5,A,1.3342016758379325,0.8487471465471059,0.7203717187718545,146,131,133.76699029126215
circular,32,0,3,5,C,1.2498466210820511,0.8345051712041124,0.6963988807664049,146,131,133.76699029126215
circular,33,0,3,6,A,1.313738191223664,0.8493631613240371,0.7214177798143623,166,150,166.0
circular,33,0,3,6,C,1.2375080946428219,0.8350056427172541,0.6972344233696546,166,150,166.0
circular,34,0,3,7,A,1.2926813059146358,0.8295268570220223,0.6881148065208347,146,131,135.27835051546393
circular,34,0,3,7,C,1.2166773526462422,0.8045468284424471,0.6472955991568003,146,131,135.27835051546393
circular,35,0,3,8,A,1.2794710942514056,0.834323100317603,0.6960950357235771,127,113,113.19213973799127
circular,35,0,3,8,C,1.2069398713035613,0.8099103308399171,0.655954744001224,127,113,113.19213973799127
circular,36,0,4,0,A,1.3405113235141686,0.8193457786235764,0.6713275049482746,109,96,98.04059040590406
circular,36,0,4,0,C,1.255062484682871,0.790864259460823,0.6254662768925159,109,96,98.04059040590406
circular,37,0,4,1,A,1.331807031668938,0.8390246590896916,0.7039623785605732,127,113,112.96680497925311
circular,37,0,4,1,C,1.2498891980366174,0.8212874560207408,0.6745130854170203,127,113,112.96680497925311
circular,38,0,4,2,A,1.366474322104927,0.8563139560965786,0.7332735914057731,127,113,113.12068965517241
circular,38,0,4,2,C,1.2768011369222267,0.8391767704388179,0.7042176520441245,127,113,113.12068965517241
circular,39,0,4,3,A,1.3543037153596613,0.8697407736459296,0.7564490133422201,127,113,113.12068965517241
circular,39,0,4,3,C,1.2659452638921702,0.8569124139903799,0.7342988852508202,127,113,113.12068965517241
circular,40,0,4,4,A,1.3848546755262874,0.8715639824202972,0.7596237754523282,109,96,98.16058394160584
circular,40,0,4,4,C,1.2931300225624904,0.858607398063167,0.7372066640088017,109,96,98.16058394160584
circular,41,0,4,5,A,1.3676247755045245,0.8507594125111867,0.7237915779763795,128,114,113.80645161290323
circular,41,0,4,5,C,1.2797584745429693,0.8365456014749151,0.6998085433470275,128,114,113.80645161290323
circular,42,0,4,6,A,1.3462801292887165,0.8520985304909394,0.7260719056648184,148,133,135.69230769230768
circular,42,0,4,6,C,1.267445852718399,0.8381460752775358,0.7024888435031368,148,133,135.69230769230768
circular,43,0,4,7,A,1.3164136446969381,0.8313240775023902,0.6910997218352001,148,133,137.22448979591837
circular,43,0,4,7,C,1.2397145573333572,0.807569314489442,0.6521681977049473,148,133,137.22448979591837
circular,44,0,4,8,A,1.3029907065745734,0.8336138822295568,0.6949121046458334,129,115,115.01731601731602
circular,44,0,4,8,C,1.2291303759890977,0.8101107765111627,0.656279470219519,129,115,115.01731601731602
circular,45,0,5,0,A,1.3062430938435703,0.7973648039695057,0.6357906306093283,113,100,101.41454545454546
circular,45,0,5,0,C,1.2290090119514112,0.7691805178134987,0.591638668983842,113,100,101.41454545454546
circular,46,0,5,1,A,1.3041443012347143,0.8190210268447289,0.6707954424137941,131,117,116.57551020408164
circular,46,0,5,1,C,1.2294188453173218,0.8007973577005691,0.6412764081002132,131,117,116.57551020408164
circular,47,0,5,2,A,1.3451018078190162,0.8368882537550595,0.7003819492731929,146,131,133.76699029126215
circular,47,0,5,2,C,1.2602938545437599,0.8187521647321399,0.6703551072535651,146,131,133.76699029126215
circular,48,0,5,3,A,1.3342016758379325,0.8487471465471059,0.7203717187718545,146,131,133.76699029126215
circular,48,0,5,3,C,1.2498466210820511,0.8345051712041124,0.6963988807664049,146,131,133.76699029126215
circular,49,0,5,4,A,1.3676247755045245,0.8507594125111867,0.7237915779763795,128,114,113.80645161290323
circular,49,0,5,4,C,1.2797584745429693,0.8365456014749151,0.6998085433470275,128,114,113.80645161290323
circular,50,0,5,5,A,1.3452399804918975,0.8301858993044112,0.689208627403874,113,100,102.01379310344828
circular,50,0,5,5,C,1.2631509919202888,0.8154761551484723,0.6650013596157353,113,100,102.01379310344828
circular,51,0,5,6,A,1.32505140349739,0.8345674270418133,0.6965027902791924,133,119,118.336
circular,51,0,5,6,C,1.2526097862475634,0.8199518225394822,0.6723209912858185,133,119,118.336
circular,52,0,5,7,A,1.2862022209072657,0.8121583938729029,0.6596012567382132,133,119,118.58823529411765
circular,52,0,5,7,C,1.2168268458708043,0.7880238672203869,0.6209816153089739,133,119,118.58823529411765
circular,53,0,5,8,A,1.2795020528528283,0.8158194973015812,0.6655614521774047,133,119,118.67659574468085
circular,53,0,5,8,C,1.212696416953891,0.7919844483466478,0.6272393664229441,133,119,118.67659574468085
circular,54,0,6,0,A,1.303986119680346,0.8122732198941975,0.6597877837572874,113,100,101.41454545454546
circular,54,0,6,0,C,1.2368461202871208,0.7832223631632537,0.6134372701590316,113,100,101.41454545454546
circular,55,0,6,1,A,1.2934399678406838,0.8304768505857824,0.6896917993588799,131,117,116.57551020408164
circular,55,0,6,1,C,1.2281021460104278,0.8115738428504188,0.6586521023989962,131,117,116.57551020408164
circular,56,0,6,2,A,1.33285521188334,0.8429882021617638,0.7106291089839228,146,131,133.76699029126215
circular,56,0,6,2,C,1.2572556943505495,0.8247777983212603,0.6802584166036655,146,131,133.76699029126215
circular,57,0,6,3,A,1.313738191223664,0.8493631613240371,0.7214177798143623,166,150,166.0
circular,57,0,6,3,C,1.2375080946428219,0.8350056427172541,0.6972344233696546,166,150,166.0
circular,58,0,6,4,A,1.3462801292887165,0.8520985304909394,0.7260719056648184,148,133,135.69230769230768
circular,58,0,6,4,C,1.267445852718399,0.8381460752775358,0.7024888435031368,148,133,135.69230769230768
circular,59,0,6,5,A,1.32505140349739,0.8345674270418133,0.6965027902791924,133,119,118.336
circular,59,0,6,5,C,1.2526097862475634,0.8199518225394822,0.6723209912858185,133,119,118.336
circular,60,0,6,6,A,1.319920282080224,0.8474461596507575,0.7181649935068173,113,100,102.01379310344828
circular,60,0,6,6,C,1.2564375562022272,0.8323874203868321,0.6928688176182448,113,100,102.01379310344828
circular,61,0,6,7,A,1.2790112441941415,0.8268776470155298,0.683726643133939,113,100,101.5251798561151
circular,61,0,6,7,C,1.2189274376762744,0.8017153068281591,0.6427474332025692,113,100,101.5251798561151
circular,62,0,6,8,A,1.2836323491137982,0.8307351972349859,0.690120967925051,113,100,101.41454545454546
circular,62,0,6,8,C,1.2250955210155625,0.8057399082370903,0.6492167997259147,113,100,101.41454545454546
circular,63,0,7,0,A,1.258683759842416,0.7876689885515503,0.6204224355258223,93,81,79.31044776119403
circular,63,0,7,0,C,1.1941952017923008,0.7478010292986318,0.5592063794200932,93,81,79.31044776119403
circular,64,0,7,1,A,1.2566551058494486,0.80637314983404,0.650237656773271,111,98,99.72527472527473
circular,64,0,7,1,C,1.1933246876037737,0.7761101365918712,0.602346944120653,111,98,99.72527472527473
circular,65,0,7,2,A,1.307961397518516,0.8205577813584916,0.6733150725479701,126,112,112.15384615384616
circular,65,0,7,2,C,1.2321881066457852,0.7907768108067375,0.6253279645096746,126,112,112.15384615384616
circular,66,0,7,3,A,1.2926813059146358,0.8295268570220223,0.6881148065208347,146,131,135.27835051546393
circular,66,0,7,3,C,1.2166773526462422,0.8045468284424471,0.6472955991568003,146,131,135.27835051546393
circular,67,0,7,4,A,1.3164136446969381,0.8313240775023902,0.6910997218352001,148,133,137.22448979591837
circular,67,0,7,4,C,1.2397145573333572,0.807569314489442,0.6521681977049473,148,133,137.22448979591837
circular,68,0,7,5,A,1.2862022209072657,0.8121583938729029,0.6596012567382132,133,119,118.58823529411765
circular,68,0,7,5,C,1.2168268458708043,0.7880238672203869,0.6209816153089739,133,119,118.58823529411765
circular,69,0,7,6,A,1.2790112441941415,0.8268776470155298,0.683726643133939,113,100,101.5251798561151
circular,69,0,7,6,C,1.2189274376762744,0.8017153068281591,0.6427474332025692,113,100,101.5251798561151
circular,70,0,7,7,A,1.2238145908125373,0.8020966751631573,0.6433590763077914,93,81,79.57396449704142
circular,70,0,7,7,C,1.1664053375563512,0.7661720425107573,0.5870195987251057,93,81,79.57396449704142
circular,71,0,7,8,A,1.2374711534028435,0.8087355459493691,0.6540531832820241,93,81,79.31044776119403
circular,71,0,7,8,C,1.1819055694699816,0.773132850082265,0.5977344038763259,93,81,79.31044776119403
circular,72,0,8,0,A,1.2694878193539358,0.793326401159333,0.6293667787764189,74,63,64.64039408866995
circular,72,0,8,0,C,1.205164668702123,0.7524470554210433,0.5661765712117985,74,63,64.64039408866995
circular,73,0,8,1,A,1.256983036927603,0.8125995853650373,0.6603180861354305,92,80,78.18604651162791
circular,73,0,8,1,C,1.195792271945267,0.7823228746556288,0.6120290802094467,92,80,78.18604651162791
circular,74,0,8,2,A,1.3038477808479707,0.8236179935392777,0.6783465992816656,107,94,96.36059479553903
circular,74,0,8,2,C,1.231358442963288,0.7944690175057848,0.631181019776607,107,94,96.36059479553903
circular,75,0,8,3,A,1.2794710942514056,0.834323100317603,0.6960950357235771,127,113,113.19213973799127
circular,75,0,8,3,C,1.2069398713035613,0.8099103308399171,0.655954744001224,127,113,113.19213973799127
circular,76,0,8,4,A,1.3029907065745734,0.8336138822295568,0.6949121046458334,129,115,115.01731601731602
circular,76,0,8,4,C,1.2291303759890977,0.8101107765111627,0.656279470219519,129,115,115.01731601731602
circular,77,0,8,5,A,1.2795020528528283,0.8158194973015812,0.6655614521774047,133,119,118.67659574468085
circular,77,0,8,5,C,1.212696416953891,0.7919844483466478,0.6272393664229441,133,119,118.67659574468085
circular,78,0,8,6,A,1.2836323491137982,0.8307351972349859,0.690120967925051,113,100,101.41454545454546
circular,78,0,8,6,C,1.2250955210155625,0.8057399082370903,0.6492167997259147,113,100,101.41454545454546
circular,79,0,8,7,A,1.2374711534028435,0.8087355459493691,0.6540531832820241,93,81,79.31044776119403
circular,79,0,8,7,C,1.1819055694699816,0.773132850082265,0.5977344038763259,93,81,79.31044776119403
circular,80,0,8,8,A,1.2507342708029752,0.8162184546897662,0.6662125657761498,74,63,64.64039408866995
circular,80,0,8,8,C,1.1953845401652075,0.779503568353708,0.607625813076164,74,63,64.64039408866995
circular,81,1,0,0,A,1.2921510882257399,0.7921300537733952,0.627470022091042,72,61,63.43396226415094
circular,81,1,0,0,C,1.2228645347829903,0.7576258917951318,0.5739969919183688,72,61,63.43396226415094
circular,82,1,0,1,A,1.3046228744738377,0.8157532243209691,0.6654533229900573,72,61,64.08372093023256
circular,82,1,0,1,C,1.2354380921302868,0.791414308884664,0.6263366083073904,72,61,64.08372093023256
circular,83,1,0,2,A,1.3690353535641233,0.8330864130311613,0.6940329715771266,87,75,74.84225352112676
circular,83,1,0,2,C,1.2876989012422688,0.8097385974448037,0.6556765961918779,87,75,74.84225352112676
circular,84,1,0,3,A,1.3301321478053478,0.8429943991169964,0.7106395569426257,107,94,96.61454545454545
circular,84,1,0,3,C,1.2475248848751899,0.8239594290215304,0.6789091406734864,107,94,96.61454545454545
circular,85,1,0,4,A,1.331807031668938,0.8390246590896916,0.7039623785605732,127,113,112.96680497925311
circular,85,1,0,4,C,1.2498891980366174,0.8212874560207408,0.6745130854170203,127,113,112.96680497925311
circular,86,1,0,5,A,1.3041443012347143,0.8190210268447289,0.6707954424137941,131,117,116.57551020408164
circular,86,1,0,5,C,1.2294188453173218,0.8007973577005691,0.6412764081002132,131,117,116.57551020408164
circular,87,1,0,6,A,1.2934399678406838,0.8304768505857824,0.6896917993588799,131,117,116.57551020408164
circular,87,1,0,6,C,1.2281021460104278,0.8115738428504188,0.6586521023989962,131,117,116.57551020408164
circular,88,1,0,7,A,1.2566551058494486,0.80637314983404,0.650237656773271,111,98,99.72527472527473
circular,88,1,0,7,C,1.1933246876037737,0.7761101365918712,0.602346944120653,111,98,99.72527472527473
circular,89,1,0,8,A,1.256983036927603,0.8125995853650373,0.6603180861354305,92,80,78.18604651162791
circular,89,1,0,8,C,1.195792271945267,0.7823228746556288,0.6120290802094467,92,80,78.18604651162791
circular,90,1,1,0,A,1.3046228744738377,0.8157532243209691,0.6654533229900573,72,61,64.08372093023256
circular,90,1,1,0,C,1.2354380921302868,0.791414308884664,0.6263366083073904,72,61,64.08372093023256
circular,91,1,1,1,A,1.3267042987162188,0.8393374729202784,0.704487393448199,56,46,56.0
circular,91,1,1,1,C,1.2536226853284118,0.8254817656734911,0.6814201454594244,56,46,56.0
circular,92,1,1,2,A,1.3945703842594257,0.8558230218414855,0.7324330447138918,71,60,63.46153846153846
circular,92,1,1,2,C,1.310124875005979,0.8431260656359852,0.7108615625548157,71,60,63.46153846153846
circular,93,1,1,3,A,1.3405927194877332,0.8592821860665837,0.738365875291367,91,79,78.00859598853869
circular,93,1,1,3,C,1.253624118663873,0.8503425042690115,0.7230823745664938,91,79,78.00859598853869
circular,94,1,1,4,A,1.3304630157675168,0.8564839699441616,0.7335647907713116,111,98,99.9605734767025
circular,94,1,1,4,C,1.2479460447951074,0.8493382006142527,0.7213753790226566,111,98,99.9605734767025
circular,95,1,1,5,A,1.3082754497169404,0.8380962858392296,0.7024053843375117,115,102,103.32508833922262
circular,95,1,1,5,C,1.2322968366329359,0.8297930719403351,0.6885565422401781,115,102,103.32508833922262
circular,96,1,1,6,A,1.2954690475596706,0.8482448408151753,0.719519309969562,115,102,103.32508833922262
circular,96,1,1,6,C,1.2284442118266252,0.8395568796213572,0.70485575411955,115,102,103.32508833922262
circular,97,1,1,7,A,1.2711027343132095,0.8249284395948312,0.6805069304523631,111,98,99.9605734767025
circular,97,1,1,7,C,1.2054604533552766,0.8039210013415986,0.6462889763980786,111,98,99.9605734767025
circular,98,1,1,8,A,1.2661392136235257,0.8316698210904797,0.6916746913126706,92,80,78.73142857142857
circular,98,1,1,8,C,1.2032196322979951,0.8111444845715173,0.6579553748507925,92,80,78.73142857142857
circular,99,1,2,0,A,1.3690353535641233,0.8330864130311613,0.6940329715771266,87,75,74.84225352112676
circular,99,1,2,0,C,1.2876989012422688,0.8097385974448037,0.6556765961918779,87,75,74.84225352112676
circular,100,1,2,1,A,1.3945703842594257,0.8558230218414855,0.7324330447138918,71,60,63.46153846153846
circular,100,1,2,1,C,1.310124875005979,0.8431260656359852,0.7108615625548157,71,60,63.46153846153846
circular,101,1,2,2,A,1.4506916979955615,0.8732183841381072,0.7625103463967668,71,60,62.48571428571429
circular,101,1,2,2,C,1.3583157862647706,0.861536252938987,0.74224471512815,71,60,62.48571428571429
circular,102,1,2,3,A,1.386491803989291,0.8753891035410967,0.7663060825984849,91,79,77.18823529411765
circular,102,1,2,3,C,1.2915958805312129,0.867165430706133,0.7519758842117531,91,79,77.18823529411765
circular,103,1,2,4,A,1.3651594365687834,0.8728285288328912,0.7618296407445891,111,98,99.61481481481482
circular,103,1,2,4,C,1.2753298392233485,0.8663793936937312,0.7506132538171173,111,98,99.61481481481482
circular,104,1,2,5,A,1.349108153709058,0.8550922526727819,0.7311827605810126,130,116,115.67213114754098
circular,104,1,2,5,C,1.263672585477428,0.847106393024877,0.7175892411036174,130,116,115.67213114754098
circular,105,1,2,6,A,1.3370707289550139,0.860664678751303,0.7407436892500836,130,116,115.67213114754098
circular,105,1,2,6,C,1.2604051022999232,0.8527653208116578,0.7272086923790096,130,116,115.67213114754098
circular,106,1,2,7,A,1.3262551332408947,0.8395786761961355,0.7048923535232553,126,112,112.06666666666666
circular,106,1,2,7,C,1.2488836549078937,0.8191647572609867,0.6710308995384513,126,112,112.06666666666666
circular,107,1,2,8,A,1.3193971125094934,0.8438659260675877,0.7121097011779074,107,94,96.61454545454545
circular,107,1,2,8,C,1.2454773420802994,0.8244173625493152,0.679663987672769,107,94,96.61454545454545
circular,108,1,3,0,A,1.3301321478053478,0.8429943991169964,0.7106395569426257,107,94,96.61454545454545
circular,108,1,3,0,C,1.2475248848751899,0.8239594290215304,0.6789091406734864,107,94,96.61454545454545
circular,109,1,3,1,A,1.3405927194877332,0.8592821860665837,0.738365875291367,91,79,78.00859598853869
circular,109,1,3,1,C,1.253624118663873,0.8503425042690115,0.7230823745664938,91,79,78.00859598853869
circular,110,1,3,2,A,1.386491803989291,0.8753891035410967,0.7663060825984849,91,79,77.18823529411765
circular,110,1,3,2,C,1.2915958805312129,0.867165430706133,0.7519758842117531,91,79,77.18823529411765
circular,111,1,3,3,A,1.3431264767301956,0.881002966690461,0.7761662273173935,91,79,77.18823529411765
circular,111,1,3,3,C,1.2467552015278138,0.8770092737210617,0.7691452661927441,91,79,77.18823529411765
circular,112,1,3,4,A,1.3425456559305424,0.8832155624642207,0.7800697297789898,111,98,99.61481481481482
circular,112,1,3,4,C,1.2522901641414992,0.8807408536526542,0.7757044512928061,111,98,99.61481481481482
circular,113,1,3,5,A,1.3301037280161445,0.8643820309226832,0.7471562953820224,130,116,115.67213114754098
circular,113,1,3,5,C,1.2438128201001262,0.8600041278836963,0.739607099976997,130,116,115.67213114754098
circular,114,1,3,6,A,1.3130592769751943,0.8656022818398198,0.7492673103263028,150,135,138.35294117647058
circular,114,1,3,6,C,1.2343179919696279,0.8611276440159575,0.7415408192884737,150,135,138.35294117647058
circular,115,1,3,7,A,1.3039247219367633,0.8467421426097937,0.7169722560714243,146,131,134.48
circular,115,1,3,7,C,1.2253591910913562,0.830532243353788,0.6897838072502757,146,131,134.48
circular,116,1,3,8,A,1.287982658966339,0.851472770357355,0.7250058786600291,127,113,113.0595744680851
circular,116,1,3,8,C,1.2126986560300144,0.8362378286911988,0.6992937061341707,127,113,113.0595744680851
circular,117,1,4,0,A,1.331807031668938,0.8390246590896916,0.7039623785605732,127,113,112.96680497925311
circular,117,1,4,0,C,1.2498891980366174,0.8212874560207408,0.6745130854170203,127,113,112.96680497925311
circular,118,1,4,1,A,1.3304630157675168,0.8564839699441616,0.7335647907713116,111,98,99.9605734767025
circular,118,1,4,1,C,1.2479460447951074,0.8493382006142527,0.7213753790226566,111,98,99.9605734767025
circular,119,1,4,2,A,1.3651594365687834,0.8728285288328912,0.7618296407445891,111,98,99.61481481481482
circular,119,1,4,2,C,1.2753298392233485,0.8663793936937312,0.7506132538171173,111,98,99.61481481481482
circular,120,1,4,3,A,1.3425456559305424,0.8832155624642207,0.7800697297789898,111,98,99.61481481481482
circular,120,1,4,3,C,1.2522901641414992,0.8807408536526542,0.7757044512928061,111,98,99.61481481481482
circular,121,1,4,4,A,1.3627871284571966,0.886466603012575,0.7858230382566542,111,98,99.84057971014492
circular,121,1,4,4,C,1.2728110856326273,0.884438043251225,0.7822306523500557,111,98,99.84057971014492
circular,122,1,4,5,A,1.3529389277994752,0.8676091629510579,0.7527456596366354,130,116,115.6
circular,122,1,4,5,C,1.2665675550923245,0.8638541375415776,0.7462439709477029,130,116,115.6
circular,123,1,4,6,A,1.3346430837498569,0.86904625990408,0.7552414018532698,150,135,137.61904761904762
circular,123,1,4,6,C,1.2563194776984645,0.8654180892510748,0.7489484692029812,150,135,137.61904761904762
circular,124,1,4,7,A,1.313738191223664,0.8493631613240371,0.7214177798143623,166,150,166.0
circular,124,1,4,7,C,1.2375080946428219,0.8350056427172541,0.6972344233696546,166,150,166.0
circular,125,1,4,8,A,1.2982835533187038,0.8520771612455211,0.7260354887162258,147,132,135.44776119402985
circular,125,1,4,8,C,1.2249473845478478,0.8384305618507462,0.7029658070453578,147,132,135.44776119402985
circular,126,1,5,0,A,1.3041443012347143,0.8190210268447289,0.6707954424137941,131,117,116.57551020408164
circular,126,1,5,0,C,1.2294188453173218,0.8007973577005691,0.6412764081002132,131,117,116.57551020408164
circular,127,1,5,1,A,1.3082754497169404,0.8380962858392296,0.7024053843375117,115,102,103.32508833922262
circular,127,1,5,1,C,1.2322968366329359,0.8297930719403351,0.6885565422401781,115,102,103.32508833922262
circular,128,1,5,2,A,1.349108153709058,0.8550922526727819,0.7311827605810126,130,116,115.67213114754098
circular,128,1,5,2,C,1.263672585477428,0.847106393024877,0.7175892411036174,130,116,115.67213114754098
circular,129,1,5,3,A,1.3301037280161445,0.8643820309226832,0.7471562953820224,130,116,115.67213114754098
circular,129,1,5,3,C,1.2438128201001262,0.8600041278836963,0.739607099976997,130,116,115.67213114754098
circular,130,1,5,4,A,1.3529389277994752,0.8676091629510579,0.7527456596366354,130,116,115.6
circular,130,1,5,4,C,1.2665675550923245,0.8638541375415776,0.7462439709477029,130,116,115.6
circular,131,1,5,5,A,1.3371047347872471,0.8487193032877024,0.720324455773163,115,102,103.68493150684931
circular,131,1,5,5,C,1.2560436367150922,0.8440023075272169,0.7123398951112668,115,102,103.68493150684931
circular,132,1,5,6,A,1.3169684776839068,0.8520628789620263,0.7260111497050566,135,121,120.14285714285714
circular,132,1,5,6,C,1.2445500456313505,0.8473169596000091,0.7179460300258034,135,121,120.14285714285714
circular,133,1,5,7,A,1.2860932777929028,0.8309707141521339,0.6905123277785074,151,136,138.94230769230768
circular,133,1,5,7,C,1.2165135141637933,0.815784689744009,0.6655046600207289,151,136,138.94230769230768
circular,134,1,5,8,A,1.2766477283720339,0.834648395343343,0.6966379438492174,151,136,139.3219512195122
circular,134,1,5,8,C,1.2097359070749318,0.8200445168671897,0.6724730096439426,151,136,139.3219512195122
circular,135,1,6,0,A,1.2934399678406838,0.8304768505857824,0.6896917993588799,131,117,116.57551020408164
circular,135,1,6,0,C,1.2281021460104278,0.8115738428504188,0.6586521023989962,131,117,116.57551020408164
circular,136,1,6,1,A,1.2954690475596706,0.8482448408151753,0.719519309969562,115,102,103.32508833922262
circular,136,1,6,1,C,1.2284442118266252,0.8395568796213572,0.70485575411955,115,102,103.32508833922262
circular,137,1,6,2,A,1.3370707289550139,0.860664678751303,0.7407436892500836,130,116,115.67213114754098
circular,137,1,6,2,C,1.2604051022999232,0.8527653208116578,0.7272086923790096,130,116,115.67213114754098
circular,138,1,6,3,A,1.3130592769751943,0.8656022818398198,0.7492673103263028,150,135,138.35294117647058
circular,138,1,6,3,C,1.2343179919696279,0.8611276440159575,0.7415408192884737,150,135,138.35294117647058
circular,139,1,6,4,A,1.3346430837498569,0.86904625990408,0.7552414018532698,150,135,137.61904761904762
circular,139,1,6,4,C,1.2563194776984645,0.8654180892510748,0.7489484692029812,150,135,137.61904761904762
circular,140,1,6,5,A,1.3169684776839068,0.8520628789620263,0.7260111497050566,135,121,120.14285714285714
circular,140,1,6,5,C,1.2445500456313505,0.8473169596000091,0.7179460300258034,135,121,120.14285714285714
circular,141,1,6,6,A,1.3056848467575473,0.8615815086869004,0.7423226961111955,115,102,103.68493150684931
circular,141,1,6,6,C,1.2418243296980847,0.8565581025681759,0.7336917830751937,115,102,103.68493150684931
circular,142,1,6,7,A,1.269980224383281,0.8408530602771543,0.7070338689774558,131,117,116.53225806451613
circular,142,1,6,7,C,1.2092169272138367,0.8248840685062048,0.6804337264753492,131,117,116.53225806451613
circular,143,1,6,8,A,1.269491957202482,0.8453045154262152,0.7145397237999485,131,117,116.57551020408164
circular,143,1,6,8,C,1.2106418934961087,0.8298254363351488,0.6886102547888201,131,117,116.57551020408164
circular,144,1,7,0,A,1.2566551058494486,0.80637314983404,0.650237656773271,111,98,99.72527472527473
circular,144,1,7,0,C,1.1933246876037737,0.7761101365918712,0.602346944120653,111,98,99.72527472527473
circular,145,1,7,1,A,1.2711027343132095,0.8249284395948312,0.6805069304523631,111,98,99.9605734767025
circular,145,1,7,1,C,1.2054604533552766,0.8039210013415986,0.6462889763980786,111,98,99.9605734767025
circular,146,1,7,2,A,1.3262551332408947,0.8395786761961355,0.7048923535232553,126,112,112.06666666666666
circular,146,1,7,2,C,1.2488836549078937,0.8191647572609867,0.6710308995384513,126,112,112.06666666666666
circular,147,1,7,3,A,1.3039247219367633,0.8467421426097937,0.7169722560714243,146,131,134.48
circular,147,1,7,3,C,1.2253591910913562,0.830532243353788,0.6897838072502757,146,131,134.48
circular,148,1,7,4,A,1.313738191223664,0.8493631613240371,0.7214177798143623,166,150,166.0
circular,148,1,7,4,C,1.2375080946428219,0.8350056427172541,0.6972344233696546,166,150,166.0
circular,149,1,7,5,A,1.2860932777929028,0.8309707141521339,0.6905123277785074,151,136,138.94230769230768
circular,149,1,7,5,C,1.2165135141637933,0.815784689744009,0.6655046600207289,151,136,138.94230769230768
circular,150,1,7,6,A,1.269980224383281,0.8408530602771543,0.7070338689774558,131,117,116.53225806451613
circular,150,1,7,6,C,1.2092169272138367,0.8248840685062048,0.6804337264753492,131,117,116.53225806451613
circular,151,1,7,7,A,1.2215397764130738,0.8153055620470968,0.6647231595049324,111,98,99.84057971014492
circular,151,1,7,7,C,1.1624327166180137,0.7879610521217774,0.6208826196608583,111,98,99.84057971014492
circular,152,1,7,8,A,1.228246076034283,0.8220660826680888,0.675792644273257,111,98,99.72527472527473
circular,152,1,7,8,C,1.171643283117959,0.7954106961264571,0.632678175512375,111,98,99.72527472527473
circular,153,1,8,0,A,1.256983036927603,0.8125995853650373,0.6603180861354305,92,80,78.18604651162791
circular,153,1,8,0,C,1.195792271945267,0.7823228746556288,0.6120290802094467,92,80,78.18604651162791
circular,154,1,8,1,A,1.2661392136235257,0.8316698210904797,0.6916746913126706,92,80,78.73142857142857
circular,154,1,8,1,C,1.2032196322979951,0.8111444845715173,0.6579553748507925,92,80,78.73142857142857
circular,155,1,8,2,A,1.3193971125094934,0.8438659260675877,0.7121097011779074,107,94,96.61454545454545
circular,155,1,8,2,C,1.2454773420802994,0.8244173625493152,0.679663987672769,107,94,96.61454545454545
circular,156,1,8,3,A,1.287982658966339,0.851472770357355,0.7250058786600291,127,113,113.0595744680851
circular,156,1,8,3,C,1.2126986560300144,0.8362378286911988,0.6992937061341707,127,113,113.0595744680851
circular,157,1,8,4,A,1.2982835533187038,0.8520771612455211,0.7260354887162258,147,132,135.44776119402985
circular,157,1,8,4,C,1.2249473845478478,0.8384305618507462,0.7029658070453578,147,132,135.44776119402985
circular,158,1,8,5,A,1.2766477283720339,0.834648395343343,0.6966379438492174,151,136,139.3219512195122
circular,158,1,8,5,C,1.2097359070749318,0.8200445168671897,0.6724730096439426,151,136,139.3219512195122
circular,159,1,8,6,A,1.269491957202482,0.8453045154262152,0.7145397237999485,131,117,116.57551020408164
circular,159,1,8,6,C,1.2106418934961087,0.8298254363351488,0.6886102547888201,131,117,116.57551020408164
circular,160,1,8,7,A,1.228246076034283,0.8220660826680888,0.675792644273257,111,98,99.72527472527473
circular,160,1,8,7,C,1.171643283117959,0.7954106961264571,0.632678175512375,111,98,99.72527472527473
circular,161,1,8,8,A,1.228521793232344,0.82947644678456,0.688031175770339,92,80,78.18604651162791
circular,161,1,8,8,C,1.1738252620843472,0.8027482040038164,0.6444046790313529,92,80,78.18604651162791
circular,162,2,0,0,A,1.3507866246497466,0.8094309045524453,0.6551783892445897,87,75,74.27220630372493
circular,162,2,0,0,C,1.2687872843468362,0.7757339571760845,0.6017631723160674,87,75,74.27220630372493
circular,163,2,0,1,A,1.3690353535641233,0.8330864130311613,0.6940329715771266,87,75,74.84225352112676
circular,163,2,0,1,C,1.2876989012422688,0.8097385974448037,0.6556765961918779,87,75,74.84225352112676
circular,164,2,0,2,A,1.422641353787581,0.8517803529957491,0.7255297697495628,87,75,73.98843930635839
circular,164,2,0,2,C,1.3325085782011272,0.8291883573805708,0.6875533320154893,87,75,73.98843930635839
circular,165,2,0,3,A,1.3755315522798903,0.85991757830521,0.739458241478297,107,94,96.2406015037594
circular,165,2,0,3,C,1.2845832455130821,0.8415397839800695,0.708189208021222,107,94,96.2406015037594
circular,166,2,0,4,A,1.366474322104927,0.8563139560965786,0.7332735914057731,127,113,113.12068965517241
circular,166,2,0,4,C,1.2768011369222267,0.8391767704388179,0.7042176520441245,127,113,113.12068965517241
circular,167,2,0,5,A,1.3451018078190162,0.8368882537550595,0.7003819492731929,146,131,133.76699029126215
circular,167,2,0,5,C,1.2602938545437599,0.8187521647321399,0.6703551072535651,146,131,133.76699029126215
circular,168,2,0,6,A,1.33285521188334,0.8429882021617638,0.7106291089839228,146,131,133.76699029126215
circular,168,2,0,6,C,1.2572556943505495,0.8247777983212603,0.6802584166036655,146,131,133.76699029126215
circular,169,2,0,7,A,1.307961397518516,0.8205577813584916,0.6733150725479701,126,112,112.15384615384616
circular,169,2,0,7,C,1.2321881066457852,0.7907768108067375,0.6253279645096746,126,112,112.15384615384616
circular,170,2,0,8,A,1.3038477808479707,0.8236179935392777,0.6783465992816656,107,94,96.36059479553903
circular,170,2,0,8,C,1.231358442963288,0.7944690175057848,0.631181019776607,107,94,96.36059479553903
circular,171,2,1,0,A,1.3690353535641233,0.8330864130311613,0.6940329715771266,87,75,74.84225352112676
circular,171,2,1,0,C,1.2876989012422688,0.8097385974448037,0.6556765961918779,87,75,74.84225352112676
circular,172,2,1,1,A,1.3945703842594257,0.8558230218414855,0.7324330447138918,71,60,63.46153846153846
circular,172,2,1,1,C,1.310124875005979,0.8431260656359852,0.7108615625548157,71,60,63.46153846153846
circular,173,2,1,2,A,1.4506916979955615,0.8732183841381072,0.7625103463967668,71,60,62.48571428571429
circular,173,2,1,2,C,1.3583157862647706,0.861536252938987,0.74224471512815,71,60,62.48571428571429
circular,174,2,1,3,A,1.386491803989291,0.8753891035410967,0.7663060825984849,91,79,77.18823529411765
circular,174,2,1,3,C,1.2915958805312129,0.867165430706133,0.7519758842117531,91,79,77.18823529411765
circular,175,2,1,4,A,1.3651594365687834,0.8728285288328912,0.7618296407445891,111,98,99.61481481481482
circular,175,2,1,4,C,1.2753298392233485,0.8663793936937312,0.7506132538171173,111,98,99.61481481481482
circular,176,2,1,5,A,1.349108153709058,0.8550922526727819,0.7311827605810126,130,116,115.67213114754098
circular,176,2,1,5,C,1.263672585477428,0.847106393024877,0.7175892411036174,130,116,115.67213114754098
circular,177,2,1,6,A,1.3370707289550139,0.860664678751303,0.7407436892500836,130,116,115.67213114754098
circular,177,2,1,6,C,1.2604051022999232,0.8527653208116578,0.7272086923790096,130,116,115.67213114754098
circular,178,2,1,7,A,1.3262551332408947,0.8395786761961355,0.7048923535232553,126,112,112.06666666666666
circular,178,2,1,7,C,1.2488836549078937,0.8191647572609867,0.6710308995384513,126,112,112.06666666666666
circular,179,2,1,8,A,1.3193971125094934,0.8438659260675877,0.7121097011779074,107,94,96.61454545454545
circular,179,2,1,8,C,1.2454773420802994,0.8244173625493152,0.679663987672769,107,94,96.61454545454545
circular,180,2,2,0,A,1.422641353787581,0.8517803529957491,0.7255297697495628,87,75,73.98843930635839
circular,180,2,2,0,C,1.3325085782011272,0.8291883573805708,0.6875533320154893,87,75,73.98843930635839
circular,181,2,2,1,A,1.4506916979955615,0.8732183841381072,0.7625103463967668,71,60,62.48571428571429
circular,181,2,2,1,C,1.3583157862647706,0.861536252938987,0.74224471512815,71,60,62.48571428571429
circular,182,2,2,2,A,1.4908142384381273,0.8915701990724488,0.794897419874086,53,43,53.0
circular,182,2,2,2,C,1.3939923977359974,0.8807731086828436,0.7757612689788403,53,43,53.0
circular,183,2,2,3,A,1.4221346252121698,0.8945850475486621,0.800282407297642,73,62,63.6801007556675
circular,183,2,2,3,C,1.3219374813425762,0.8871464102536231,0.7870287532258897,73,62,63.6801007556675
circular,184,2,2,4,A,1.3917004275264677,0.893589562009659,0.7985023053326142,93,81,79.2691131498471
circular,184,2,2,4,C,1.2965023407489376,0.8879578959561957,0.7884692249909541,93,81,79.2691131498471
circular,185,2,2,5,A,1.3837118678459022,0.8748314100160473,0.7653299959506654,112,99,100.46125461254613
circular,185,2,2,5,C,1.2908572770178182,0.8673014756984485,0.7522118497487065,112,99,100.46125461254613
circular,186,2,2,6,A,1.3719069587239308,0.8763255555807925,0.7679464793639846,112,99,100.46125461254613
circular,186,2,2,6,C,1.2875294948800617,0.8690306352288379,0.7552142449662376,112,99,100.46125461254613
circular,187,2,2,7,A,1.3739333030775485,0.8571833880692163,0.7347633607818207,108,95,97.08239700374531
circular,187,2,2,7,C,1.287218706857647,0.837128279965541,0.7007837571180651,108,95,97.08239700374531
circular,188,2,2,8,A,1.3657351468593266,0.8594817800378984,0.7387089302171145,107,94,96.2406015037594
circular,188,2,2,8,C,1.283257136777478,0.840712459094372,0.706797438876506,107,94,96.2406015037594
circular,189,2,3,0,A,1.3755315522798903,0.85991757830521,0.739458241478297,107,94,96.2406015037594
circular,189,2,3,0,C,1.2845832455130821,0.8415397839800695,0.708189208021222,107,94,96.2406015037594
circular,190,2,3,1,A,1.386491803989291,0.8753891035410967,0.7663060825984849,91,79,77.18823529411765
circular,190,2,3,1,C,1.2915958805312129,0.867165430706133,0.7519758842117531,91,79,77.18823529411765
circular,191,2,3,2,A,1.4221346252121698,0.8945850475486621,0.800282407297642,73,62,63.6801007556675
circular,191,2,3,2,C,1.3219374813425762,0.8871464102536231,0.7870287532258897,73,62,63.6801007556675
circular,192,2,3,3,A,1.377247003402548,0.9000010337015484,0.8100018606638556,73,62,63.6801007556675
circular,192,2,3,3,C,1.2755274533613978,0.896735652972652,0.8041348313122886,73,62,63.6801007556675
circular,193,2,3,4,A,1.3707201964831084,0.9047735944944377,0.8186152572943852,93,81,79.2691131498471
circular,193,2,3,4,C,1.2755234474044392,0.9032475445006904,0.8158561266465267,93,81,79.2691131498471
circular,194,2,3,5,A,1.3629488561036225,0.8845063652324576,0.7823515101367338,112,99,100.46125461254613
circular,194,2,3,5,C,1.2698943038224182,0.8806568914474809,0.7755565604539403,112,99,100.46125461254613
circular,195,2,3,6,A,1.3460727526267626,0.8835979996297265,0.7807454249496542,132,118,117.85714285714286
circular,195,2,3,6,C,1.2602140986101422,0.8796493289367139,0.773782941898811,132,118,117.85714285714286
circular,196,2,3,7,A,1.3463296502998674,0.8652992631609828,0.7487428148269398,128,114,114.18942731277534
circular,196,2,3,7,C,1.2595565710939967,0.8493920179986956,0.7214668002398964,128,114,114.18942731277534
circular,197,2,3,8,A,1.3291739035406254,0.867143239264847,0.7519373974027318,127,113,113.27433628318585
circular,197,2,3,8,C,1.2460374112779316,0.8524416060384218,0.7266566917053638,127,113,113.27433628318585
circular,198,2,4,0,A,1.366474322104927,0.8563139560965786,0.7332735914057731,127,113,113.12068965517241
circular,198,2,4,0,C,1.2768011369222267,0.8391767704388179,0.7042176520441245,127,113,113.12068965517241
circular,199,2,4,1,A,1.3651594365687834,0.8728285288328912,0.7618296407445891,111,98,99.61481481481482
circular,199,2,4,1,C,1.2753298392233485,0.8663793936937312,0.7506132538171173,111,98,99.61481481481482
circular,200,2,4,2,A,1.3917004275264677,0.893589562009659,0.7985023053326142,93,81,79.2691131498471
circular,200,2,4,2,C,1.2965023407489376,0.8879578959561957,0.7884692249909541,93,81,79.2691131498471
circular,201,2,4,3,A,1.3707201964831084,0.9047735944944377,0.8186152572943852,93,81,79.2691131498471
circular,201,2,4,3,C,1.2755234474044392,0.9032475445006904,0.8158561266465267,93,81,79.2691131498471
circular,202,2,4,4,A,1.390027153402447,0.9110647497191326,0.8300389781807859,93,81,79.78678678678679
circular,202,2,4,4,C,1.2951153370607924,0.9101819713666222,0.8284312210008306,93,81,79.78678678678679
circular,203,2,4,5,A,1.3858218933176936,0.8899913206602127,0.7920845508505096,112,99,100.68231046931407
circular,203,2,4,5,C,1.2926879104280062,0.8867897922002054,0.7863961355504834,112,99,100.68231046931407
circular,204,2,4,6,A,1.3663271871375517,0.8889266181909877,0.790190532528466,132,118,117.67510548523207
circular,204,2,4,6,C,1.2809287014822648,0.8858267654065974,0.784689058310715,132,118,117.67510548523207
circular,205,2,4,7,A,1.3505049989569033,0.8684881431248639,0.754271654748474,148,133,137.66321243523316
circular,205,2,4,7,C,1.2663235094644298,0.8544593830629902,0.7301008373043858,148,133,137.66321243523316
circular,206,2,4,8,A,1.3308915142302142,0.8676621714168756,0.7528376437078477,147,132,136.6875
circular,206,2,4,8,C,1.2502509344166395,0.8546196483739615,0.7303747433868336,147,132,136.6875
circular,207,2,5,0,A,1.3451018078190162,0.8368882537550595,0.7003819492731929,146,131,133.76699029126215
circular,207,2,5,0,C,1.2602938545437599,0.8187521647321399,0.6703551072535651,146,131,133.76699029126215
circular,208,2,5,1,A,1.349108153709058,0.8550922526727819,0.7311827605810126,130,116,115.67213114754098
circular,208,2,5,1,C,1.263672585477428,0.847106393024877,0.7175892411036174,130,116,115.67213114754098
circular,209,2,5,2,A,1.3837118678459022,0.8748314100160473,0.7653299959506654,112,99,100.46125461254613
circular,209,2,5,2,C,1.2908572770178182,0.8673014756984485,0.7522118497487065,112,99,100.46125461254613
circular,210,2,5,3,A,1.3629488561036225,0.8845063652324576,0.7823515101367338,112,99,100.46125461254613
circular,210,2,5,3,C,1.2698943038224182,0.8806568914474809,0.7755565604539403,112,99,100.46125461254613
circular,211,2,5,4,A,1.3858218933176936,0.8899913206602127,0.7920845508505096,112,99,100.68231046931407
circular,211,2,5,4,C,1.2926879104280062,0.8867897922002054,0.7863961355504834,112,99,100.68231046931407
circular,212,2,5,5,A,1.3753307487064264,0.8703011022291319,0.7574240085412419,112,99,101.17993079584775
circular,212,2,5,5,C,1.2854488973496832,0.8656491809382846,0.7493485044591229,112,99,101.17993079584775
circular,213,2,5,6,A,1.354625055160714,0.870711668530612,0.7581388097153623,132,118,117.43373493975903
circular,213,2,5,6,C,1.2730623442209594,0.8661495407712043,0.7502150269781681,132,118,117.43373493975903
circular,214,2,5,7,A,1.3273563672879078,0.8490139572918574,0.7208246996763797,148,133,136.04390243902438
circular,214,2,5,7,C,1.2476229571530735,0.8337655913468272,0.6951650613139244,148,133,136.04390243902438
circular,215,2,5,8,A,1.313738191223664,0.8493631613240371,0.7214177798143623,166,150,166.0
circular,215,2,5,8,C,1.2375080946428219,0.8350056427172541,0.6972344233696546,166,150,166.0
circular,216,2,6,0,A,1.33285521188334,0.8429882021617638,0.7106291089839228,146,131,133.76699029126215
circular,216,2,6,0,C,1.2572556943505495,0.8247777983212603,0.6802584166036655,146,131,133.76699029126215
circular,217,2,6,1,A,1.3370707289550139,0.860664678751303,0.7407436892500836,130,116,115.67213114754098
circular,217,2,6,1,C,1.2604051022999232,0.8527653208116578,0.7272086923790096,130,116,115.67213114754098
circular,218,2,6,2,A,1.3719069587239308,0.8763255555807925,0.7679464793639846,112,99,100.46125461254613
circular,218,2,6,2,C,1.2875294948800617,0.8690306352288379,0.7552142449662376,112,99,100.46125461254613
circular,219,2,6,3,A,1.3460727526267626,0.8835979996297265,0.7807454249496542,132,118,117.85714285714286
circular,219,2,6,3,C,1.2602140986101422,0.8796493289367139,0.773782941898811,132,118,117.85714285714286
circular,220,2,6,4,A,1.3663271871375517,0.8889266181909877,0.790190532528466,132,118,117.67510548523207
circular,220,2,6,4,C,1.2809287014822648,0.8858267654065974,0.784689058310715,132,118,117.67510548523207
circular,221,2,6,5,A,1.354625055160714,0.870711668530612,0.7581388097153623,132,118,117.43373493975903
circular,221,2,6,5,C,1.2730623442209594,0.8661495407712043,0.7502150269781681,132,118,117.43373493975903
circular,222,2,6,6,A,1.3410841380527263,0.875181926548032,0.7659434045563248,112,99,101.17993079584775
circular,222,2,6,6,C,1.2679551575133283,0.8707702870705227,0.7582408928448806,112,99,101.17993079584775
circular,223,2,6,7,A,1.3096020594218556,0.8534745442680334,0.7284187977135272,128,114,113.83265306122449
circular,223,2,6,7,C,1.238230066588267,0.8380166599925433,0.7022719224250579,128,114,113.83265306122449
circular,224,2,6,8,A,1.3038258660167612,0.854581148722444,0.7303089397517719,146,131,133.76699029126215
circular,224,2,6,8,C,1.2356112207693504,0.8399831958143711,0.7055717692505241,146,131,133.76699029126215
circular,225,2,7,0,A,1.307961397518516,0.8205577813584916,0.6733150725479701,126,112,112.15384615384616
circular,225,2,7,0,C,1.2321881066457852,0.7907768108067375,0.6253279645096746,126,112,112.15384615384616
circular,226,2,7,1,A,1.3262551332408947,0.8395786761961355,0.7048923535232553,126,112,112.06666666666666
circular,226,2,7,1,C,1.2488836549078937,0.8191647572609867,0.6710308995384513,126,112,112.06666666666666
circular,227,2,7,2,A,1.3739333030775485,0.8571833880692163,0.7347633607818207,108,95,97.08239700374531
circular,227,2,7,2,C,1.287218706857647,0.837128279965541,0.7007837571180651,108,95,97.08239700374531
circular,228,2,7,3,A,1.3463296502998674,0.8652992631609828,0.7487428148269398,128,114,114.18942731277534
circular,228,2,7,3,C,1.2595565710939967,0.8493920179986956,0.7214668002398964,128,114,114.18942731277534
circular,229,2,7,4,A,1.3505049989569033,0.8684881431248639,0.754271654748474,148,133,137.66321243523316
circular,229,2,7,4,C,1.2663235094644298,0.8544593830629902,0.7301008373043858,148,133,137.66321243523316
circular,230,2,7,5,A,1.3273563672879078,0.8490139572918574,0.7208246996763797,148,133,136.04390243902438
circular,230,2,7,5,C,1.2476229571530735,0.8337655913468272,0.6951650613139244,148,133,136.04390243902438
circular,231,2,7,6,A,1.3096020594218556,0.8534745442680334,0.7284187977135272,128,114,113.83265306122449
circular,231,2,7,6,C,1.238230066588267,0.8380166599925433,0.7022719224250579,128,114,113.83265306122449
circular,232,2,7,7,A,1.2713041620898045,0.8286456558150053,0.6866536229010801,108,95,97.32234432234432
circular,232,2,7,7,C,1.1992604616762272,0.8016060069262855,0.642572190340304,108,95,97.32234432234432
circular,233,2,7,8,A,1.2732830095303,0.8318537797726867,0.6919807109221056,126,112,112.15384615384616
circular,233,2,7,8,C,1.2052164622584876,0.8059899089421498,0.649619733316575,126,112,112.15384615384616
circular,234,2,8,0,A,1.3038477808479707,0.8236179935392777,0.6783465992816656,107,94,96.36059479553903
circular,234,2,8,0,C,1.231358442963288,0.7944690175057848,0.631181019776607,107,94,96.36059479553903
circular,235,2,8,1,A,1.3193971125094934,0.8438659260675877,0.7121097011779074,107,94,96.61454545454545
circular,235,2,8,1,C,1.2454773420802994,0.8244173625493152,0.679663987672769,107,94,96.61454545454545
circular,236,2,8,2,A,1.3657351468593266,0.8594817800378984,0.7387089302171145,107,94,96.2406015037594
circular,236,2,8,2,C,1.283257136777478,0.840712459094372,0.706797438876506,107,94,96.2406015037594
circular,237,2,8,3,A,1.3291739035406254,0.867143239264847,0.7519373974027318,127,113,113.27433628318585
circular,237,2,8,3,C,1.2460374112779316,0.8524416060384218,0.7266566917053638,127,113,113.27433628318585
circular,238,2,8,4,A,1.3308915142302142,0.8676621714168756,0.7528376437078477,147,132,136.6875
circular,238,2,8,4,C,1.2502509344166395,0.8546196483739615,0.7303747433868336,147,132,136.6875
circular,239,2,8,5,A,1.313738191223664,0.8493631613240371,0.7214177798143623,166,150,166.0
circular,239,2,8,5,C,1.2375080946428219,0.8350056427172541,0.6972344233696546,166,150,166.0
circular,240,2,8,6,A,1.3038258660167612,0.854581148722444,0.7303089397517719,146,131,133.76699029126215
circular,240,2,8,6,C,1.2356112207693504,0.8399831958143711,0.7055717692505241,146,131,133.76699029126215
circular,241,2,8,7,A,1.2732830095303,0.8318537797726867,0.6919807109221056,126,112,112.15384615384616
circular,241,2,8,7,C,1.2052164622584876,0.8059899089421498,0.649619733316575,126,112,112.15384615384616
circular,242,2,8,8,A,1.2672866799133333,0.8356560161233689,0.6983209772831802,107,94,96.36059479553903
circular,242,2,8,8,C,1.2024169843650285,0.8103235223642312,0.6566242108967747,107,94,96.36059479553903
circular,243,3,0,0,A,1.3234240923450895,0.825375762397003,0.6812451491524341,107,94,96.36059479553903
circular,243,3,0,0,C,1.2414228020837306,0.7966501644122068,0.6346514844579961,107,94,96.36059479553903
circular,244,3,0,1,A,1.3301321478053478,0.8429943991169964,0.7106395569426257,107,94,96.61454545454545
circular,244,3,0,1,C,1.2475248848751899,0.8239594290215304,0.6789091406734864,107,94,96.61454545454545
circular,245,3,0,2,A,1.3755315522798903,0.85991757830521,0.739458241478297,107,94,96.2406015037594
circular,245,3,0,2,C,1.2845832455130821,0.8415397839800695,0.708189208021222,107,94,96.2406015037594
circular,246,3,0,3,A,1.3476938468467135,0.8697043918213733,0.7563857291533848,107,94,96.2406015037594
circular,246,3,0,3,C,1.257349956866443,0.855685898885024,0.7321983575506715,107,94,96.2406015037594
circular,247,3,0,4,A,1.3543037153596613,0.8697407736459296,0.7564490133422201,127,113,113.12068965517241
circular,247,3,0,4,C,1.2659452638921702,0.8569124139903799,0.7342988852508202,127,113,113.12068965517241
circular,248,3,0,5,A,1.3342016758379325,0.8487471465471059,0.7203717187718545,146,131,133.76699029126215
circular,248,3,0,5,C,1.2498466210820511,0.8345051712041124,0.6963988807664049,146,131,133.76699029126215
circular,249,3,0,6,A,1.313738191223664,0.8493631613240371,0.7214177798143623,166,150,166.0
circular,249,3,0,6,C,1.2375080946428219,0.8350056427172541,0.6972344233696546,166,150,166.0
circular,250,3,0,7,A,1.2926813059146358,0.8295268570220223,0.6881148065208347,146,131,135.27835051546393
circular,250,3,0,7,C,1.2166773526462422,0.8045468284424471,0.6472955991568003,146,131,135.27835051546393
circular,251,3,0,8,A,1.2794710942514056,0.834323100317603,0.6960950357235771,127,113,113.19213973799127
circular,251,3,0,8,C,1.2069398713035613,0.8099103308399171,0.655954744001224,127,113,113.19213973799127
circular,252,3,1,0,A,1.3301321478053478,0.8429943991169964,0.7106395569426257,107,94,96.61454545454545
circular,252,3,1,0,C,1.2475248848751899,0.8239594290215304,0.6789091406734864,107,94,96.61454545454545
circular,253,3,1,1,A,1.3405927194877332,0.8592821860665837,0.738365875291367,91,79,78.00859598853869
circular,253,3,1,1,C,1.253624118663873,0.8503425042690115,0.7230823745664938,91,79,78.00859598853869
circular,254,3,1,2,A,1.386491803989291,0.8753891035410967,0.7663060825984849,91,79,77.18823529411765
circular,254,3,1,2,C,1.2915958805312129,0.867165430706133,0.7519758842117531,91,79,77.18823529411765
circular,255,3,1,3,A,1.3431264767301956,0.881002966690461,0.7761662273173935,91,79,77.18823529411765
circular,255,3,1,3,C,1.2467552015278138,0.8770092737210617,0.7691452661927441,91,79,77.18823529411765
circular,256,3,1,4,A,1.3425456559305424,0.8832155624642207,0.7800697297789898,111,98,99.61481481481482
circular,256,3,1,4,C,1.2522901641414992,0.8807408536526542,0.7757044512928061,111,98,99.61481481481482
circular,257,3,1,5,A,1.3301037280161445,0.8643820309226832,0.7471562953820224,130,116,115.67213114754098
circular,257,3,1,5,C,1.2438128201001262,0.8600041278836963,0.739607099976997,130,116,115.67213114754098
circular,258,3,1,6,A,1.3130592769751943,0.8656022818398198,0.7492673103263028,150,135,138.35294117647058
circular,258,3,1,6,C,1.2343179919696279,0.8611276440159575,0.7415408192884737,150,135,138.35294117647058
circular,259,3,1,7,A,1.3039247219367633,0.8467421426097937,0.7169722560714243,146,131,134.48
circular,259,3,1,7,C,1.2253591910913562,0.830532243353788,0.6897838072502757,146,131,134.48
circular,260,3,1,8,A,1.287982658966339,0.851472770357355,0.7250058786600291,127,113,113.0595744680851
circular,260,3,1,8,C,1.2126986560300144,0.8362378286911988,0.6992937061341707,127,113,113.0595744680851
circular,261,3,2,0,A,1.3755315522798903,0.85991757830521,0.739458241478297,107,94,96.2406015037594
circular,261,3,2,0,C,1.2845832455130821,0.8415397839800695,0.708189208021222,107,94,96.2406015037594
circular,262,3,2,1,A,1.386491803989291,0.8753891035410967,0.7663060825984849,91,79,77.18823529411765
circular,262,3,2,1,C,1.2915958805312129,0.867165430706133,0.7519758842117531,91,79,77.18823529411765
circular,263,3,2,2,A,1.4221346252121698,0.8945850475486621,0.800282407297642,73,62,63.6801007556675
circular,263,3,2,2,C,1.3219374813425762,0.8871464102536231,0.7870287532258897,73,62,63.6801007556675
circular,264,3,2,3,A,1.377247003402548,0.9000010337015484,0.8100018606638556,73,62,63.6801007556675
circular,264,3,2,3,C,1.2755274533613978,0.896735652972652,0.8041348313122886,73,62,63.6801007556675
circular,265,3,2,4,A,1.3707201964831084,0.9047735944944377,0.8186152572943852,93,81,79.2691131498471
circular,265,3,2,4,C,1.2755234474044392,0.9032475445006904,0.8158561266465267,93,81,79.2691131498471
circular,266,3,2,5,A,1.3629488561036225,0.8845063652324576,0.7823515101367338,112,99,100.46125461254613
circular,266,3,2,5,C,1.2698943038224182,0.8806568914474809,0.7755565604539403,112,99,100.46125461254613
circular,267,3,2,6,A,1.3460727526267626,0.8835979996297265,0.7807454249496542,132,118,117.85714285714286
circular,267,3,2,6,C,1.2602140986101422,0.8796493289367139,0.773782941898811,132,118,117.85714285714286
circular,268,3,2,7,A,1.3463296502998674,0.8652992631609828,0.7487428148269398,128,114,114.18942731277534
circular,268,3,2,7,C,1.2595565710939967,0.8493920179986956,0.7214668002398964,128,114,114.18942731277534
circular,269,3,2,8,A,1.3291739035406254,0.867143239264847,0.7519373974027318,127,113,113.27433628318585
circular,269,3,2,8,C,1.2460374112779316,0.8524416060384218,0.7266566917053638,127,113,113.27433628318585
circular,270,3,3,0,A,1.3476938468467135,0.8697043918213733,0.7563857291533848,107,94,96.2406015037594
circular,270,3,3,0,C,1.257349956866443,0.855685898885024,0.7321983575506715,107,94,96.2406015037594
circular,271,3,3,1,A,1.3431264767301956,0.881002966690461,0.7761662273173935,91,79,77.18823529411765
circular,271,3,3,1,C,1.2467552015278138,0.8770092737210617,0.7691452661927441,91,79,77.18823529411765
circular,272,3,3,2,A,1.377247003402548,0.9000010337015484,0.8100018606638556,73,62,63.6801007556675
circular,272,3,3,2,C,1.2755274533613978,0.896735652972652,0.8041348313122886,73,62,63.6801007556675
circular,273,3,3,3,A,1.3226075843421519,0.9024813876815087,0.8144726551115415,53,43,53.0
circular,273,3,3,3,C,1.2182981162374684,0.9048223813407761,0.8187035417751928,53,43,53.0
circular,274,3,3,4,A,1.3440211579051633,0.9149759929437827,0.8371810676634611,73,62,63.68796068796069
circular,274,3,3,4,C,1.2494778125501842,0.9184090750147832,0.8434752290695097,73,62,63.68796068796069
circular,275,3,3,5,A,1.3417135467275512,0.8956661556650803,0.802217862403864,92,80,77.56410256410257
circular,275,3,3,5,C,1.2489514908232955,0.8962266701488889,0.8032222442861653,92,80,77.56410256410257
circular,276,3,3,6,A,1.3235805439521375,0.8938674391850318,0.7989989988352064,112,99,100.46125461254613
circular,276,3,3,6,C,1.2371464714825307,0.8941046549602589,0.7994231340216037,112,99,100.46125461254613
circular,277,3,3,7,A,1.3260764573822883,0.8744116446870339,0.7645957243642837,108,95,97.08239700374531
circular,277,3,3,7,C,1.24009246200429,0.8625916409313735,0.7440643390046796,108,95,97.08239700374531
circular,278,3,3,8,A,1.3031457593948532,0.8758438259074537,0.7671024073802061,107,94,96.2406015037594
circular,278,3,3,8,C,1.2203793006932304,0.8653702937435169,0.7488657452937407,107,94,96.2406015037594
circular,279,3,4,0,A,1.3543037153596613,0.8697407736459296,0.7564490133422201,127,113,113.12068965517241
circular,279,3,4,0,C,1.2659452638921702,0.8569124139903799,0.7342988852508202,127,113,113.12068965517241
circular,280,3,4,1,A,1.3425456559305424,0.8832155624642207,0.7800697297789898,111,98,99.61481481481482
circular,280,3,4,1,C,1.2522901641414992,0.8807408536526542,0.7757044512928061,111,98,99.61481481481482
circular,281,3,4,2,A,1.3707201964831084,0.9047735944944377,0.8186152572943852,93,81,79.2691131498471
circular,281,3,4,2,C,1.2755234474044392,0.9032475445006904,0.8158561266465267,93,81,79.2691131498471
circular,282,3,4,3,A,1.3440211579051633,0.9149759929437827,0.8371810676634611,73,62,63.68796068796069
circular,282,3,4,3,C,1.2494778125501842,0.9184090750147832,0.8434752290695097,73,62,63.68796068796069
circular,283,3,4,4,A,1.3809234971284932,0.9255887947186856,0.8567146169087891,73,62,64.3317191283293
circular,283,3,4,4,C,1.2882988992455577,0.9293317931809681,0.8636575818169537,73,62,64.3317191283293
circular,284,3,4,5,A,1.3783795778595187,0.9045376703925534,0.8181883971591876,92,80,78.1204481792717
circular,284,3,4,5,C,1.2866674193332366,0.9055465763223184,0.8200146018890724,92,80,78.1204481792717
circular,285,3,4,6,A,1.3566479195861516,0.9022513566043407,0.8140575104943732,112,99,100.68231046931407
circular,285,3,4,6,C,1.271760357644228,0.903120344122676,0.8156263559682608,112,99,100.68231046931407
circular,286,3,4,7,A,1.3428396602358763,0.8801513573260548,0.7746664118028965,128,114,114.03004291845494
circular,286,3,4,7,C,1.2596570843328154,0.8700383535319729,0.7569667366166263,128,114,114.03004291845494
circular,287,3,4,8,A,1.3180813623160499,0.8793568664859571,0.7732684986360014,127,113,113.12068965517241
circular,287,3,4,8,C,1.2383439667303315,0.870384248589169,0.7575687401921323,127,113,113.12068965517241
circular,288,3,5,0,A,1.3342016758379325,0.8487471465471059,0.7203717187718545,146,131,133.76699029126215
circular,288,3,5,0,C,1.2498466210820511,0.8345051712041124,0.6963988807664049,146,131,133.76699029126215
circular,289,3,5,1,A,1.3301037280161445,0.8643820309226832,0.7471562953820224,130,116,115.67213114754098
circular,289,3,5,1,C,1.2438128201001262,0.8600041278836963,0.739607099976997,130,116,115.67213114754098
circular,290,3,5,2,A,1.3629488561036225,0.8845063652324576,0.7823515101367338,112,99,100.46125461254613
circular,290,3,5,2,C,1.2698943038224182,0.8806568914474809,0.7755565604539403,112,99,100.46125461254613
circular,291,3,5,3,A,1.3417135467275512,0.8956661556650803,0.802217862403864,92,80,77.56410256410257
circular,291,3,5,3,C,1.2489514908232955,0.8962266701488889,0.8032222442861653,92,80,77.56410256410257
circular,292,3,5,4,A,1.3783795778595187,0.9045376703925534,0.8181883971591876,92,80,78.1204481792717
circular,292,3,5,4,C,1.2866674193332366,0.9055465763223184,0.8200146018890724,92,80,78.1204481792717
circular,293,3,5,5,A,1.3733948958951203,0.8849170558240961,0.7830781956883863,92,80,79.2439024390244
circular,293,3,5,5,C,1.2842551687141472,0.8841929312085702,0.7817971395992034,92,80,79.2439024390244
circular,294,3,5,6,A,1.3511554385284426,0.8832971225105858,0.7802138066354808,112,99,101.17993079584775
circular,294,3,5,6,C,1.2694024223431073,0.8824814818176555,0.778773565751085,112,99,101.17993079584775
circular,295,3,5,7,A,1.32447184428347,0.8600973405829512,0.7397674352778651,128,114,113.83265306122449
circular,295,3,5,7,C,1.2448449973009874,0.8486027351970321,0.7201266021838842,128,114,113.83265306122449
circular,296,3,5,8,A,1.3035619058569614,0.8602550018596894,0.7400386682246142,146,131,133.76699029126215
circular,296,3,5,8,C,1.2273683779236455,0.8497055080325435,0.7219994503808429,146,131,133.76699029126215
circular,297,3,6,0,A,1.313738191223664,0.8493631613240371,0.7214177798143623,166,150,166.0
circular,297,3,6,0,C,1.2375080946428219,0.8350056427172541,0.6972344233696546,166,150,166.0
circular,298,3,6,1,A,1.3130592769751943,0.8656022818398198,0.7492673103263028,150,135,138.35294117647058
circular,298,3,6,1,C,1.2343179919696279,0.8611276440159575,0.7415408192884737,150,135,138.35294117647058
circular,299,3,6,2,A,1.3460727526267626,0.8835979996297265,0.7807454249496542,132,118,117.85714285714286
circular,299,3,6,2,C,1.2602140986101422,0.8796493289367139,0.773782941898811,132,118,117.85714285714286
circular,300,3,6,3,A,1.3235805439521375,0.8938674391850318,0.7989989988352064,112,99,100.46125461254613
circular,300,3,6,3,C,1.2371464714825307,0.8941046549602589,0.7994231340216037,112,99,100.46125461254613
circular,301,3,6,4,A,1.3566479195861516,0.9022513566043407,0.8140575104943732,112,99,100.68231046931407
circular,301,3,6,4,C,1.271760357644228,0.903120344122676,0.8156263559682608,112,99,100.68231046931407
circular,302,3,6,5,A,1.3511554385284426,0.8832971225105858,0.7802138066354808,112,99,101.17993079584775
circular,302,3,6,5,C,1.2694024223431073,0.8824814818176555,0.778773565751085,112,99,101.17993079584775
circular,303,3,6,6,A,1.333232504576304,0.8834551907425063,0.7804930740498782,112,99,101.17993079584775
circular,303,3,6,6,C,1.2588710069196152,0.8825761114146536,0.7789405924398111,112,99,101.17993079584775
circular,304,3,6,7,A,1.3044010492690963,0.860291408087424,0.7401013068290427,128,114,113.83265306122449
circular,304,3,6,7,C,1.2320521713278807,0.8485618746901,0.720057255177577,128,114,113.83265306122449
circular,305,3,6,8,A,1.2865635028943803,0.8608308216552935,0.7410297035117277,146,131,133.76699029126215
circular,305,3,6,8,C,1.217423352338821,0.8499496463592341,0.7224144013461871,146,131,133.76699029126215
circular,306,3,7,0,A,1.2926813059146358,0.8295268570220223,0.6881148065208347,146,131,135.27835051546393
circular,306,3,7,0,C,1.2166773526462422,0.8045468284424471,0.6472955991568003,146,131,135.27835051546393
circular,307,3,7,1,A,1.3039247219367633,0.8467421426097937,0.7169722560714243,146,131,134.48
circular,307,3,7,1,C,1.2253591910913562,0.830532243353788,0.6897838072502757,146,131,134.48
circular,308,3,7,2,A,1.3463296502998674,0.8652992631609828,0.7487428148269398,128,114,114.18942731277534
circular,308,3,7,2,C,1.2595565710939967,0.8493920179986956,0.7214668002398964,128,114,114.18942731277534
circular,309,3,7,3,A,1.3260764573822883,0.8744116446870339,0.7645957243642837,108,95,97.08239700374531
circular,309,3,7,3,C,1.24009246200429,0.8625916409313735,0.7440643390046796,108,95,97.08239700374531
circular,310,3,7,4,A,1.3428396602358763,0.8801513573260548,0.7746664118028965,128,114,114.03004291845494
circular,310,3,7,4,C,1.2596570843328154,0.8700383535319729,0.7569667366166263,128,114,114.03004291845494
circular,311,3,7,5,A,1.32447184428347,0.8600973405829512,0.7397674352778651,128,114,113.83265306122449
circular,311,3,7,5,C,1.2448449973009874,0.8486027351970321,0.7201266021838842,128,114,113.83265306122449
circular,312,3,7,6,A,1.3044010492690963,0.860291408087424,0.7401013068290427,128,114,113.83265306122449
circular,312,3,7,6,C,1.2320521713278807,0.8485618746901,0.720057255177577,128,114,113.83265306122449
circular,313,3,7,7,A,1.274100723582215,0.8377246617652183,0.7017826089296494,108,95,97.32234432234432
circular,313,3,7,7,C,1.2019677690663408,0.8155007247415945,0.665041432054066,108,95,97.32234432234432
circular,314,3,7,8,A,1.2611379081323633,0.840055439911207,0.7056931421244116,126,112,112.15384615384616
circular,314,3,7,8,C,1.1927563599933264,0.818651764669121,0.670190711795866,126,112,112.15384615384616
circular,315,3,8,0,A,1.2794710942514056,0.834323100317603,0.6960950357235771,127,113,113.19213973799127
circular,315,3,8,0,C,1.2069398713035613,0.8099103308399171,0.655954744001224,127,113,113.19213973799127
circular,316,3,8,1,A,1.287982658966339,0.851472770357355,0.7250058786600291,127,113,113.0595744680851
circular,316,3,8,1,C,1.2126986560300144,0.8362378286911988,0.6992937061341707,127,113,113.0595744680851
circular,317,3,8,2,A,1.3291739035406254,0.867143239264847,0.7519373974027318,127,113,113.27433628318585
circular,317,3,8,2,C,1.2460374112779316,0.8524416060384218,0.7266566917053638,127,113,113.27433628318585
circular,318,3,8,3,A,1.3031457593948532,0.8758438259074537,0.7671024073802061,107,94,96.2406015037594
circular,318,3,8,3,C,1.2203793006932304,0.8653702937435169,0.7488657452937407,107,94,96.2406015037594
circular,319,3,8,4,A,1.3180813623160499,0.8793568664859571,0.7732684986360014,127,113,113.12068965517241
circular,319,3,8,4,C,1.2383439667303315,0.870384248589169,0.7575687401921323,127,113,113.12068965517241
circular,320,3,8,5,A,1.3035619058569614,0.8602550018596894,0.7400386682246142,146,131,133.76699029126215
circular,320,3,8,5,C,1.2273683779236455,0.8497055080325435,0.7219994503808429,146,131,133.76699029126215
circular,321,3,8,6,A,1.2865635028943803,0.8608308216552935,0.7410297035117277,146,131,133.76699029126215
circular,321,3,8,6,C,1.217423352338821,0.8499496463592341,0.7224144013461871,146,131,133.76699029126215
circular,322,3,8,7,A,1.2611379081323633,0.840055439911207,0.7056931421244116,126,112,112.15384615384616
circular,322,3,8,7,C,1.1927563599933264,0.818651764669121,0.670190711795866,126,112,112.15384615384616
circular,323,3,8,8,A,1.2447062672687463,0.8444976442321801,0.7131762711137019,107,94,96.36059479553903
circular,323,3,8,8,C,1.1795741019014168,0.8236262374793341,0.6783601790643644,107,94,96.36059479553903
circular,324,4,0,0,A,1.3405113235141686,0.8193457786235764,0.6713275049482746,109,96,98.04059040590406
circular,324,4,0,0,C,1.255062484682871,0.790864259460823,0.6254662768925159,109,96,98.04059040590406
circular,325,4,0,1,A,1.331807031668938,0.8390246590896916,0.7039623785605732,127,113,112.96680497925311
circular,325,4,0,1,C,1.2498891980366174,0.8212874560207408,0.6745130854170203,127,113,112.96680497925311
circular,326,4,0,2,A,1.366474322104927,0.8563139560965786,0.7332735914057731,127,113,113.12068965517241
circular,326,4,0,2,C,1.2768011369222267,0.8391767704388179,0.7042176520441245,127,113,113.12068965517241
circular,327,4,0,3,A,1.3543037153596613,0.8697407736459296,0.7564490133422201,127,113,113.12068965517241
circular,327,4,0,3,C,1.2659452638921702,0.8569124139903799,0.7342988852508202,127,113,113.12068965517241
circular,328,4,0,4,A,1.3848546755262874,0.8715639824202972,0.7596237754523282,109,96,98.16058394160584
circular,328,4,0,4,C,1.2931300225624904,0.858607398063167,0.7372066640088017,109,96,98.16058394160584
circular,329,4,0,5,A,1.3676247755045245,0.8507594125111867,0.7237915779763795,128,114,113.80645161290323
circular,329,4,0,5,C,1.2797584745429693,0.8365456014749151,0.6998085433470275,128,114,113.80645161290323
circular,330,4,0,6,A,1.3462801292887165,0.8520985304909394,0.7260719056648184,148,133,135.69230769230768
circular,330,4,0,6,C,1.267445852718399,0.8381460752775358,0.7024888435031368,148,133,135.69230769230768
circular,331,4,0,7,A,1.3164136446969381,0.8313240775023902,0.6910997218352001,148,133,137.22448979591837
circular,331,4,0,7,C,1.2397145573333572,0.807569314489442,0.6521681977049473,148,133,137.22448979591837
circular,332,4,0,8,A,1.3029907065745734,0.8336138822295568,0.6949121046458334,129,115,115.01731601731602
circular,332,4,0,8,C,1.2291303759890977,0.8101107765111627,0.656279470219519,129,115,115.01731601731602
circular,333,4,1,0,A,1.331807031668938,0.8390246590896916,0.7039623785605732,127,113,112.96680497925311
circular,333,4,1,0,C,1.2498891980366174,0.8212874560207408,0.6745130854170203,127,113,112.96680497925311
circular,334,4,1,1,A,1.3304630157675168,0.8564839699441616,0.7335647907713116,111,98,99.9605734767025
circular,334,4,1,1,C,1.2479460447951074,0.8493382006142527,0.7213753790226566,111,98,99.9605734767025
circular,335,4,1,2,A,1.3651594365687834,0.8728285288328912,0.7618296407445891,111,98,99.61481481481482
circular,335,4,1,2,C,1.2753298392233485,0.8663793936937312,0.7506132538171173,111,98,99.61481481481482
circular,336,4,1,3,A,1.3425456559305424,0.8832155624642207,0.7800697297789898,111,98,99.61481481481482
circular,336,4,1,3,C,1.2522901641414992,0.8807408536526542,0.7757044512928061,111,98,99.61481481481482
circular,337,4,1,4,A,1.3627871284571966,0.886466603012575,0.7858230382566542,111,98,99.84057971014492
circular,337,4,1,4,C,1.2728110856326273,0.884438043251225,0.7822306523500557,111,98,99.84057971014492
circular,338,4,1,5,A,1.3529389277994752,0.8676091629510579,0.7527456596366354,130,116,115.6
circular,338,4,1,5,C,1.2665675550923245,0.8638541375415776,0.7462439709477029,130,116,115.6
circular,339,4,1,6,A,1.3346430837498569,0.86904625990408,0.7552414018532698,150,135,137.61904761904762
circular,339,4,1,6,C,1.2563194776984645,0.8654180892510748,0.7489484692029812,150,135,137.61904761904762
circular,340,4,1,7,A,1.313738191223664,0.8493631613240371,0.7214177798143623,166,150,166.0
circular,340,4,1,7,C,1.2375080946428219,0.8350056427172541,0.6972344233696546,166,150,166.0
circular,341,4,1,8,A,1.2982835533187038,0.8520771612455211,0.7260354887162258,147,132,135.44776119402985
circular,341,4,1,8,C,1.2249473845478478,0.8384305618507462,0.7029658070453578,147,132,135.44776119402985
circular,342,4,2,0,A,1.366474322104927,0.8563139560965786,0.7332735914057731,127,113,113.12068965517241
circular,342,4,2,0,C,1.2768011369222267,0.8391767704388179,0.7042176520441245,127,113,113.12068965517241
circular,343,4,2,1,A,1.3651594365687834,0.8728285288328912,0.7618296407445891,111,98,99.61481481481482
circular,343,4,2,1,C,1.2753298392233485,0.8663793936937312,0.7506132538171173,111,98,99.61481481481482
circular,344,4,2,2,A,1.3917004275264677,0.893589562009659,0.7985023053326142,93,81,79.2691131498471
circular,344,4,2,2,C,1.2965023407489376,0.8879578959561957,0.7884692249909541,93,81,79.2691131498471
circular,345,4,2,3,A,1.3707201964831084,0.9047735944944377,0.8186152572943852,93,81,79.2691131498471
circular,345,4,2,3,C,1.2755234474044392,0.9032475445006904,0.8158561266465267,93,81,79.2691131498471
circular,346,4,2,4,A,1.390027153402447,0.9110647497191326,0.8300389781807859,93,81,79.78678678678679
circular,346,4,2,4,C,1.2951153370607924,0.9101819713666222,0.8284312210008306,93,81,79.78678678678679
circular,347,4,2,5,A,1.3858218933176936,0.8899913206602127,0.7920845508505096,112,99,100.68231046931407
circular,347,4,2,5,C,1.2926879104280062,0.8867897922002054,0.7863961355504834,112,99,100.68231046931407
circular,348,4,2,6,A,1.3663271871375517,0.8889266181909877,0.790190532528466,132,118,117.67510548523207
circular,348,4,2,6,C,1.2809287014822648,0.8858267654065974,0.784689058310715,132,118,117.67510548523207
circular,349,4,2,7,A,1.3505049989569033,0.8684881431248639,0.754271654748474,148,133,137.66321243523316
circular,349,4,2,7,C,1.2663235094644298,0.8544593830629902,0.7301008373043858,148,133,137.66321243523316
circular,350,4,2,8,A,1.3308915142302142,0.8676621714168756,0.7528376437078477,147,132,136.6875
circular,350,4,2,8,C,1.2502509344166395,0.8546196483739615,0.7303747433868336,147,132,136.6875
circular,351,4,3,0,A,1.3543037153596613,0.8697407736459296,0.7564490133422201,127,113,113.12068965517241
circular,351,4,3,0,C,1.2659452638921702,0.8569124139903799,0.7342988852508202,127,113,113.12068965517241
circular,352,4,3,1,A,1.3425456559305424,0.8832155624642207,0.7800697297789898,111,98,99.61481481481482
circular,352,4,3,1,C,1.2522901641414992,0.8807408536526542,0.7757044512928061,111,98,99.61481481481482
circular,353,4,3,2,A,1.3707201964831084,0.9047735944944377,0.8186152572943852,93,81,79.2691131498471
circular,353,4,3,2,C,1.2755234474044392,0.9032475445006904,0.8158561266465267,93,81,79.2691131498471
circular,354,4,3,3,A,1.3440211579051633,0.9149759929437827,0.8371810676634611,73,62,63.68796068796069
circular,354,4,3,3,C,1.2494778125501842,0.9184090750147832,0.8434752290695097,73,62,63.68796068796069
circular,355,4,3,4,A,1.3809234971284932,0.9255887947186856,0.8567146169087891,73,62,64.3317191283293
circular,355,4,3,4,C,1.2882988992455577,0.9293317931809681,0.8636575818169537,73,62,64.3317191283293
circular,356,4,3,5,A,1.3783795778595187,0.9045376703925534,0.8181883971591876,92,80,78.1204481792717
circular,356,4,3,5,C,1.2866674193332366,0.9055465763223184,0.8200146018890724,92,80,78.1204481792717
circular,357,4,3,6,A,1.3566479195861516,0.9022513566043407,0.8140575104943732,112,99,100.68231046931407
circular,357,4,3,6,C,1.271760357644228,0.903120344122676,0.8156263559682608,112,99,100.68231046931407
circular,358,4,3,7,A,1.3428396602358763,0.8801513573260548,0.7746664118028965,128,114,114.03004291845494
circular,358,4,3,7,C,1.2596570843328154,0.8700383535319729,0.7569667366166263,128,114,114.03004291845494
circular,359,4,3,8,A,1.3180813623160499,0.8793568664859571,0.7732684986360014,127,113,113.12068965517241
circular,359,4,3,8,C,1.2383439667303315,0.870384248589169,0.7575687401921323,127,113,113.12068965517241
circular,360,4,4,0,A,1.3848546755262874,0.8715639824202972,0.7596237754523282,109,96,98.16058394160584
circular,360,4,4,0,C,1.2931300225624904,0.858607398063167,0.7372066640088017,109,96,98.16058394160584
circular,361,4,4,1,A,1.3627871284571966,0.886466603012575,0.7858230382566542,111,98,99.84057971014492
circular,361,4,4,1,C,1.2728110856326273,0.884438043251225,0.7822306523500557,111,98,99.84057971014492
circular,362,4,4,2,A,1.390027153402447,0.9110647497191326,0.8300389781807859,93,81,79.78678678678679
circular,362,4,4,2,C,1.2951153370607924,0.9101819713666222,0.8284312210008306,93,81,79.78678678678679
circular,363,4,4,3,A,1.3809234971284932,0.9255887947186856,0.8567146169087891,73,62,64.3317191283293
circular,363,4,4,3,C,1.2882988992455577,0.9293317931809681,0.8636575818169537,73,62,64.3317191283293
circular,364,4,4,4,A,1.436192329942125,0.9371884841988315,0.8783222549149035,55,45,55.0
circular,364,4,4,4,C,1.3407511168032362,0.9408098798597625,0.8851232300417408,55,45,55.0
circular,365,4,4,5,A,1.434980622648746,0.9148538318620242,0.8369575336726288,74,63,65.05922551252847
circular,365,4,4,5,C,1.3399368111968406,0.915649223877536,0.838413501187534,74,63,65.05922551252847
circular,366,4,4,6,A,1.4071070568079795,0.9116592828875342,0.831122648075013,94,82,79.55710306406685
circular,366,4,4,6,C,1.319787771119415,0.9125474407506386,0.8327428316205403,94,82,79.55710306406685
circular,367,4,4,7,A,1.3816269234038336,0.8871097362591895,0.7869636841658488,110,97,99.0
circular,367,4,4,7,C,1.296742927504066,0.877574196466514,0.7701364703038478,110,97,99.0
circular,368,4,4,8,A,1.3513023480964759,0.8834754622891227,0.780528892466979,109,96,98.16058394160584
circular,368,4,4,8,C,1.2701560291045138,0.8749243457408354,0.765492610770029,109,96,98.16058394160584
circular,369,4,5,0,A,1.3676247755045245,0.8507594125111867,0.7237915779763795,128,114,113.80645161290323
circular,369,4,5,0,C,1.2797584745429693,0.8365456014749151,0.6998085433470275,128,114,113.80645161290323
circular,370,4,5,1,A,1.3529389277994752,0.8676091629510579,0.7527456596366354,130,116,115.6
circular,370,4,5,1,C,1.2665675550923245,0.8638541375415776,0.7462439709477029,130,116,115.6
circular,371,4,5,2,A,1.3858218933176936,0.8899913206602127,0.7920845508505096,112,99,100.68231046931407
circular,371,4,5,2,C,1.2926879104280062,0.8867897922002054,0.7863961355504834,112,99,100.68231046931407
circular,372,4,5,3,A,1.3783795778595187,0.9045376703925534,0.8181883971591876,92,80,78.1204481792717
circular,372,4,5,3,C,1.2866674193332366,0.9055465763223184,0.8200146018890724,92,80,78.1204481792717
circular,373,4,5,4,A,1.434980622648746,0.9148538318620242,0.8369575336726288,74,63,65.05922551252847
circular,373,4,5,4,C,1.3399368111968406,0.915649223877536,0.838413501187534,74,63,65.05922551252847
circular,374,4,5,5,A,1.4325581602682353,0.8943469776809996,0.7998565164871384,74,63,66.36141906873614
circular,374,4,5,5,C,1.3394346153578616,0.8933840081716405,0.7981349860568259,74,63,66.36141906873614
circular,375,4,5,6,A,1.4054747826520422,0.8922750430816049,0.7961547525062799,94,82,80.6711590296496
circular,375,4,5,6,C,1.320801454033355,0.8915125476593381,0.7947946226340435,94,82,80.6711590296496
circular,376,4,5,7,A,1.3679553741894397,0.8667566133932066,0.7512670268608607,110,97,99.51567944250871
circular,376,4,5,7,C,1.2862919446375705,0.8558426351367592,0.7324666161178319,110,97,99.51567944250871
circular,377,4,5,8,A,1.340497939708838,0.8645845779715704,0.7475064924662785,128,114,113.80645161290323
circular,377,4,5,8,C,1.262702604147901,0.8545395307950555,0.7302378096914336,128,114,113.80645161290323
circular,378,4,6,0,A,1.3462801292887165,0.8520985304909394,0.7260719056648184,148,133,135.69230769230768
circular,378,4,6,0,C,1.267445852718399,0.8381460752775358,0.7024888435031368,148,133,135.69230769230768
circular,379,4,6,1,A,1.3346430837498569,0.86904625990408,0.7552414018532698,150,135,137.61904761904762
circular,379,4,6,1,C,1.2563194776984645,0.8654180892510748,0.7489484692029812,150,135,137.61904761904762
circular,380,4,6,2,A,1.3663271871375517,0.8889266181909877,0.790190532528466,132,118,117.67510548523207
circular,380,4,6,2,C,1.2809287014822648,0.8858267654065974,0.784689058310715,132,118,117.67510548523207
circular,381,4,6,3,A,1.3566479195861516,0.9022513566043407,0.8140575104943732,112,99,100.68231046931407
circular,381,4,6,3,C,1.271760357644228,0.903120344122676,0.8156263559682608,112,99,100.68231046931407
circular,382,4,6,4,A,1.4071070568079795,0.9116592828875342,0.831122648075013,94,82,79.55710306406685
circular,382,4,6,4,C,1.319787771119415,0.9125474407506386,0.8327428316205403,94,82,79.55710306406685
circular,383,4,6,5,A,1.4054747826520422,0.8922750430816049,0.7961547525062799,94,82,80.6711590296496
circular,383,4,6,5,C,1.320801454033355,0.8915125476593381,0.7947946226340435,94,82,80.6711590296496
circular,384,4,6,6,A,1.3846039755033326,0.8921432486357278,0.79591957608631,94,82,80.6711590296496
circular,384,4,6,6,C,1.3080650721837166,0.89154915743901,0.7948599001302086,94,82,80.6711590296496
circular,385,4,6,7,A,1.347547968393212,0.8676294762352506,0.7527809080322552,110,97,99.51567944250871
circular,385,4,6,7,C,1.2739346096136122,0.856781549861912,0.73407462418378,110,97,99.51567944250871
circular,386,4,6,8,A,1.3235304766292544,0.8657150423983296,0.7494625346347417,128,114,113.80645161290323
circular,386,4,6,8,C,1.2533526348649469,0.8556120611750317,0.7320719992281862,128,114,113.80645161290323
circular,387,4,7,0,A,1.3164136446969381,0.8313240775023902,0.6910997218352001,148,133,137.22448979591837
circular,387,4,7,0,C,1.2397145573333572,0.807569314489442,0.6521681977049473,148,133,137.22448979591837
circular,388,4,7,1,A,1.313738191223664,0.8493631613240371,0.7214177798143623,166,150,166.0
circular,388,4,7,1,C,1.2375080946428219,0.8350056427172541,0.6972344233696546,166,150,166.0
circular,389,4,7,2,A,1.3505049989569033,0.8684881431248639,0.754271654748474,148,133,137.66321243523316
circular,389,4,7,2,C,1.2663235094644298,0.8544593830629902,0.7301008373043858,148,133,137.66321243523316
circular,390,4,7,3,A,1.3428396602358763,0.8801513573260548,0.7746664118028965,128,114,114.03004291845494
circular,390,4,7,3,C,1.2596570843328154,0.8700383535319729,0.7569667366166263,128,114,114.03004291845494
circular,391,4,7,4,A,1.3816269234038336,0.8871097362591895,0.7869636841658488,110,97,99.0
circular,391,4,7,4,C,1.296742927504066,0.877574196466514,0.7701364703038478,110,97,99.0
circular,392,4,7,5,A,1.3679553741894397,0.8667566133932066,0.7512670268608607,110,97,99.51567944250871
circular,392,4,7,5,C,1.2862919446375705,0.8558426351367592,0.7324666161178319,110,97,99.51567944250871
circular,393,4,7,6,A,1.347547968393212,0.8676294762352506,0.7527809080322552,110,97,99.51567944250871
circular,393,4,7,6,C,1.2739346096136122,0.856781549861912,0.73407462418378,110,97,99.51567944250871
circular,394,4,7,7,A,1.3102153760576358,0.8445904254630185,0.7133329867838026,110,97,99.0
circular,394,4,7,7,C,1.2387755787399242,0.8241532550867402,0.6792285878700695,110,97,99.0
circular,395,4,7,8,A,1.2919714514413914,0.8445118007366241,0.7132001815834156,128,114,113.96610169491525
circular,395,4,7,8,C,1.2241741045577048,0.8247244234257237,0.6801703745948924,128,114,113.96610169491525
circular,396,4,8,0,A,1.3029907065745734,0.8336138822295568,0.6949121046458334,129,115,115.01731601731602
circular,396,4,8,0,C,1.2291303759890977,0.8101107765111627,0.656279470219519,129,115,115.01731601731602
circular,397,4,8,1,A,1.2982835533187038,0.8520771612455211,0.7260354887162258,147,132,135.44776119402985
circular,397,4,8,1,C,1.2249473845478478,0.8384305618507462,0.7029658070453578,147,132,135.44776119402985
circular,398,4,8,2,A,1.3308915142302142,0.8676621714168756,0.7528376437078477,147,132,136.6875
circular,398,4,8,2,C,1.2502509344166395,0.8546196483739615,0.7303747433868336,147,132,136.6875
circular,399,4,8,3,A,1.3180813623160499,0.8793568664859571,0.7732684986360014,127,113,113.12068965517241
circular,399,4,8,3,C,1.2383439667303315,0.870384248589169,0.7575687401921323,127,113,113.12068965517241
circular,400,4,8,4,A,1.3513023480964759,0.8834754622891227,0.780528892466979,109,96,98.16058394160584
circular,400,4,8,4,C,1.2701560291045138,0.8749243457408354,0.765492610770029,109,96,98.16058394160584
circular,401,4,8,5,A,1.340497939708838,0.8645845779715704,0.7475064924662785,128,114,113.80645161290323
circular,401,4,8,5,C,1.262702604147901,0.8545395307950555,0.7302378096914336,128,114,113.80645161290323
circular,402,4,8,6,A,1.3235304766292544,0.8657150423983296,0.7494625346347417,128,114,113.80645161290323
circular,402,4,8,6,C,1.2533526348649469,0.8556120611750317,0.7320719992281862,128,114,113.80645161290323
circular,403,4,8,7,A,1.2919714514413914,0.8445118007366241,0.7132001815834156,128,114,113.96610169491525
circular,403,4,8,7,C,1.2241741045577048,0.8247244234257237,0.6801703745948924,128,114,113.96610169491525
circular,404,4,8,8,A,1.2742471395593684,0.8465916809115482,0.7167174741886407,109,96,98.04059040590406
circular,404,4,8,8,C,1.2092118407347052,0.8270884167747146,0.684075249162904,109,96,98.04059040590406
circular,405,5,0,0,A,1.3062430938435703,0.7973648039695057,0.6357906306093283,113,100,101.41454545454546
circular,405,5,0,0,C,1.2290090119514112,0.7691805178134987,0.591638668983842,113,100,101.41454545454546
circular,406,5,0,1,A,1.3041443012347143,0.8190210268447289,0.6707954424137941,131,117,116.57551020408164
circular,406,5,0,1,C,1.2294188453173218,0.8007973577005691,0.6412764081002132,131,117,116.57551020408164
circular,407,5,0,2,A,1.3451018078190162,0.8368882537550595,0.7003819492731929,146,131,133.76699029126215
circular,407,5,0,2,C,1.2602938545437599,0.8187521647321399,0.6703551072535651,146,131,133.76699029126215
circular,408,5,0,3,A,1.3342016758379325,0.8487471465471059,0.7203717187718545,146,131,133.76699029126215
circular,408,5,0,3,C,1.2498466210820511,0.8345051712041124,0.6963988807664049,146,131,133.76699029126215
circular,409,5,0,4,A,1.3676247755045245,0.8507594125111867,0.7237915779763795,128,114,113.80645161290323
circular,409,5,0,4,C,1.2797584745429693,0.8365456014749151,0.6998085433470275,128,114,113.80645161290323
circular,410,5,0,5,A,1.3452399804918975,0.8301858993044112,0.689208627403874,113,100,102.01379310344828
circular,410,5,0,5,C,1.2631509919202888,0.8154761551484723,0.6650013596157353,113,100,102.01379310344828
circular,411,5,0,6,A,1.32505140349739,0.8345674270418133,0.6965027902791924,133,119,118.336
circular,411,5,0,6,C,1.2526097862475634,0.8199518225394822,0.6723209912858185,133,119,118.336
circular,412,5,0,7,A,1.2862022209072657,0.8121583938729029,0.6596012567382132,133,119,118.58823529411765
circular,412,5,0,7,C,1.2168268458708043,0.7880238672203869,0.6209816153089739,133,119,118.58823529411765
circular,413,5,0,8,A,1.2795020528528283,0.8158194973015812,0.6655614521774047,133,119,118.67659574468085
circular,413,5,0,8,C,1.212696416953891,0.7919844483466478,0.6272393664229441,133,119,118.67659574468085
circular,414,5,1,0,A,1.3041443012347143,0.8190210268447289,0.6707954424137941,131,117,116.57551020408164
circular,414,5,1,0,C,1.2294188453173218,0.8007973577005691,0.6412764081002132,131,117,116.57551020408164
circular,415,5,1,1,A,1.3082754497169404,0.8380962858392296,0.7024053843375117,115,102,103.32508833922262
circular,415,5,1,1,C,1.2322968366329359,0.8297930719403351,0.6885565422401781,115,102,103.32508833922262
circular,416,5,1,2,A,1.349108153709058,0.8550922526727819,0.7311827605810126,130,116,115.67213114754098
circular,416,5,1,2,C,1.263672585477428,0.847106393024877,0.7175892411036174,130,116,115.67213114754098
circular,417,5,1,3,A,1.3301037280161445,0.8643820309226832,0.7471562953820224,130,116,115.67213114754098
circular,417,5,1,3,C,1.2438128201001262,0.8600041278836963,0.739607099976997,130,116,115.67213114754098
circular,418,5,1,4,A,1.3529389277994752,0.8676091629510579,0.7527456596366354,130,116,115.6
circular,418,5,1,4,C,1.2665675550923245,0.8638541375415776,0.7462439709477029,130,116,115.6
circular,419,5,1,5,A,1.3371047347872471,0.8487193032877024,0.720324455773163,115,102,103.68493150684931
circular,419,5,1,5,C,1.2560436367150922,0.8440023075272169,0.7123398951112668,115,102,103.68493150684931
circular,420,5,1,6,A,1.3169684776839068,0.8520628789620263,0.7260111497050566,135,121,120.14285714285714
circular,420,5,1,6,C,1.2445500456313505,0.8473169596000091,0.7179460300258034,135,121,120.14285714285714
circular,421,5,1,7,A,1.2860932777929028,0.8309707141521339,0.6905123277785074,151,136,138.94230769230768
circular,421,5,1,7,C,1.2165135141637933,0.815784689744009,0.6655046600207289,151,136,138.94230769230768
circular,422,5,1,8,A,1.2766477283720339,0.834648395343343,0.6966379438492174,151,136,139.3219512195122
circular,422,5,1,8,C,1.2097359070749318,0.8200445168671897,0.6724730096439426,151,136,139.3219512195122
circular,423,5,2,0,A,1.3451018078190162,0.8368882537550595,0.7003819492731929,146,131,133.76699029126215
circular,423,5,2,0,C,1.2602938545437599,0.8187521647321399,0.6703551072535651,146,131,133.76699029126215
circular,424,5,2,1,A,1.349108153709058,0.8550922526727819,0.7311827605810126,130,116,115.67213114754098
circular,424,5,2,1,C,1.263672585477428,0.847106393024877,0.7175892411036174,130,116,115.67213114754098
circular,425,5,2,2,A,1.3837118678459022,0.8748314100160473,0.7653299959506654,112,99,100.46125461254613
circular,425,5,2,2,C,1.2908572770178182,0.8673014756984485,0.7522118497487065,112,99,100.46125461254613
circular,426,5,2,3,A,1.3629488561036225,0.8845063652324576,0.7823515101367338,112,99,100.46125461254613
circular,426,5,2,3,C,1.2698943038224182,0.8806568914474809,0.7755565604539403,112,99,100.46125461254613
circular,427,5,2,4,A,1.3858218933176936,0.8899913206602127,0.7920845508505096,112,99,100.68231046931407
circular,427,5,2,4,C,1.2926879104280062,0.8867897922002054,0.7863961355504834,112,99,100.68231046931407
circular,428,5,2,5,A,1.3753307487064264,0.8703011022291319,0.7574240085412419,112,99,101.17993079584775
circular,428,5,2,5,C,1.2854488973496832,0.8656491809382846,0.7493485044591229,112,99,101.17993079584775
circular,429,5,2,6,A,1.354625055160714,0.870711668530612,0.7581388097153623,132,118,117.43373493975903
circular,429,5,2,6,C,1.2730623442209594,0.8661495407712043,0.7502150269781681,132,118,117.43373493975903
circular,430,5,2,7,A,1.3273563672879078,0.8490139572918574,0.7208246996763797,148,133,136.04390243902438
circular,430,5,2,7,C,1.2476229571530735,0.8337655913468272,0.6951650613139244,148,133,136.04390243902438
circular,431,5,2,8,A,1.313738191223664,0.8493631613240371,0.7214177798143623,166,150,166.0
circular,431,5,2,8,C,1.2375080946428219,0.8350056427172541,0.6972344233696546,166,150,166.0
circular,432,5,3,0,A,1.3342016758379325,0.8487471465471059,0.7203717187718545,146,131,133.76699029126215
circular,432,5,3,0,C,1.2498466210820511,0.8345051712041124,0.6963988807664049,146,131,133.76699029126215
circular,433,5,3,1,A,1.3301037280161445,0.8643820309226832,0.7471562953820224,130,116,115.67213114754098
circular,433,5,3,1,C,1.2438128201001262,0.8600041278836963,0.739607099976997,130,116,115.67213114754098
circular,434,5,3,2,A,1.3629488561036225,0.8845063652324576,0.7823515101367338,112,99,100.46125461254613
circular,434,5,3,2,C,1.2698943038224182,0.8806568914474809,0.7755565604539403,112,99,100.46125461254613
circular,435,5,3,3,A,1.3417135467275512,0.8956661556650803,0.802217862403864,92,80,77.56410256410257
circular,435,5,3,3,C,1.2489514908232955,0.8962266701488889,0.8032222442861653,92,80,77.56410256410257
circular,436,5,3,4,A,1.3783795778595187,0.9045376703925534,0.8181883971591876,92,80,78.1204481792717
circular,436,5,3,4,C,1.2866674193332366,0.9055465763223184,0.8200146018890724,92,80,78.1204481792717
circular,437,5,3,5,A,1.3733948958951203,0.8849170558240961,0.7830781956883863,92,80,79.2439024390244
circular,437,5,3,5,C,1.2842551687141472,0.8841929312085702,0.7817971395992034,92,80,79.2439024390244
circular,438,5,3,6,A,1.3511554385284426,0.8832971225105858,0.7802138066354808,112,99,101.17993079584775
circular,438,5,3,6,C,1.2694024223431073,0.8824814818176555,0.778773565751085,112,99,101.17993079584775
circular,439,5,3,7,A,1.32447184428347,0.8600973405829512,0.7397674352778651,128,114,113.83265306122449
circular,439,5,3,7,C,1.2448449973009874,0.8486027351970321,0.7201266021838842,128,114,113.83265306122449
circular,440,5,3,8,A,1.3035619058569614,0.8602550018596894,0.7400386682246142,146,131,133.76699029126215
circular,440,5,3,8,C,1.2273683779236455,0.8497055080325435,0.7219994503808429,146,131,133.76699029126215
circular,441,5,4,0,A,1.3676247755045245,0.8507594125111867,0.7237915779763795,128,114,113.80645161290323
circular,441,5,4,0,C,1.2797584745429693,0.8365456014749151,0.6998085433470275,128,114,113.80645161290323
circular,442,5,4,1,A,1.3529389277994752,0.8676091629510579,0.7527456596366354,130,116,115.6
circular,442,5,4,1,C,1.2665675550923245,0.8638541375415776,0.7462439709477029,130,116,115.6
circular,443,5,4,2,A,1.3858218933176936,0.8899913206602127,0.7920845508505096,112,99,100.68231046931407
circular,443,5,4,2,C,1.2926879104280062,0.8867897922002054,0.7863961355504834,112,99,100.68231046931407
circular,444,5,4,3,A,1.3783795778595187,0.9045376703925534,0.8181883971591876,92,80,78.1204481792717
circular,444,5,4,3,C,1.2866674193332366,0.9055465763223184,0.8200146018890724,92,80,78.1204481792717
circular,445,5,4,4,A,1.434980622648746,0.9148538318620242,0.8369575336726288,74,63,65.05922551252847
circular,445,5,4,4,C,1.3399368111968406,0.915649223877536,0.838413501187534,74,63,65.05922551252847
circular,446,5,4,5,A,1.4325581602682353,0.8943469776809996,0.7998565164871384,74,63,66.36141906873614
circular,446,5,4,5,C,1.3394346153578616,0.8933840081716405,0.7981349860568259,74,63,66.36141906873614
circular,447,5,4,6,A,1.4054747826520422,0.8922750430816049,0.7961547525062799,94,82,80.6711590296496
circular,447,5,4,6,C,1.320801454033355,0.8915125476593381,0.7947946226340435,94,82,80.6711590296496
circular,448,5,4,7,A,1.3679553741894397,0.8667566133932066,0.7512670268608607,110,97,99.51567944250871
circular,448,5,4,7,C,1.2862919446375705,0.8558426351367592,0.7324666161178319,110,97,99.51567944250871
circular,449,5,4,8,A,1.340497939708838,0.8645845779715704,0.7475064924662785,128,114,113.80645161290323
circular,449,5,4,8,C,1.262702604147901,0.8545395307950555,0.7302378096914336,128,114,113.80645161290323
circular,450,5,5,0,A,1.3452399804918975,0.8301858993044112,0.689208627403874,113,100,102.01379310344828
circular,450,5,5,0,C,1.2631509919202888,0.8154761551484723,0.6650013596157353,113,100,102.01379310344828
circular,451,5,5,1,A,1.3371047347872471,0.8487193032877024,0.720324455773163,115,102,103.68493150684931
circular,451,5,5,1,C,1.2560436367150922,0.8440023075272169,0.7123398951112668,115,102,103.68493150684931
circular,452,5,5,2,A,1.3753307487064264,0.8703011022291319,0.7574240085412419,112,99,101.17993079584775
circular,452,5,5,2,C,1.2854488973496832,0.8656491809382846,0.7493485044591229,112,99,101.17993079584775
circular,453,5,5,3,A,1.3733948958951203,0.8849170558240961,0.7830781956883863,92,80,79.2439024390244
circular,453,5,5,3,C,1.2842551687141472,0.8841929312085702,0.7817971395992034,92,80,79.2439024390244
circular,454,5,5,4,A,1.4325581602682353,0.8943469776809996,0.7998565164871384,74,63,66.36141906873614
circular,454,5,5,4,C,1.3394346153578616,0.8933840081716405,0.7981349860568259,74,63,66.36141906873614
circular,455,5,5,5,A,1.4266176242476403,0.8734102219000736,0.7628454157195357,59,49,59.0
circular,455,5,5,5,C,1.3371325639623413,0.8714926470700958,0.7594994338972425,59,49,59.0
circular,456,5,5,6,A,1.397361078008936,0.8723947426275198,0.7610725869641365,79,68,69.46563192904657
circular,456,5,5,6,C,1.3172608459280746,0.8707094462286171,0.7581349397517451,79,68,69.46563192904657
circular,457,5,5,7,A,1.3475817045690874,0.8458376400073673,0.7154413132532327,95,83,81.55040871934605
circular,457,5,5,7,C,1.271335552230368,0.8342198317275118,0.6959227276474781,95,83,81.55040871934605
circular,458,5,5,8,A,1.3242373951174684,0.846040560833364,0.7157846305752331,113,100,102.01379310344828
circular,458,5,5,8,C,1.2517019620314291,0.8351987445539899,0.6975569429045608,113,100,102.01379310344828
circular,459,5,6,0,A,1.32505140349739,0.8345674270418133,0.6965027902791924,133,119,118.336
circular,459,5,6,0,C,1.2526097862475634,0.8199518225394822,0.6723209912858185,133,119,118.336
circular,460,5,6,1,A,1.3169684776839068,0.8520628789620263,0.7260111497050566,135,121,120.14285714285714
circular,460,5,6,1,C,1.2445500456313505,0.8473169596000091,0.7179460300258034,135,121,120.14285714285714
circular,461,5,6,2,A,1.354625055160714,0.870711668530612,0.7581388097153623,132,118,117.43373493975903
circular,461,5,6,2,C,1.2730623442209594,0.8661495407712043,0.7502150269781681,132,118,117.43373493975903
circular,462,5,6,3,A,1.3511554385284426,0.8832971225105858,0.7802138066354808,112,99,101.17993079584775
circular,462,5,6,3,C,1.2694024223431073,0.8824814818176555,0.778773565751085,112,99,101.17993079584775
circular,463,5,6,4,A,1.4054747826520422,0.8922750430816049,0.7961547525062799,94,82,80.6711590296496
circular,463,5,6,4,C,1.320801454033355,0.8915125476593381,0.7947946226340435,94,82,80.6711590296496
circular,464,5,6,5,A,1.397361078008936,0.8723947426275198,0.7610725869641365,79,68,69.46563192904657
circular,464,5,6,5,C,1.3172608459280746,0.8707094462286171,0.7581349397517451,79,68,69.46563192904657
circular,465,5,6,6,A,1.3735395202666316,0.8743141525803619,0.7644252374023164,79,68,69.46563192904657
circular,465,5,6,6,C,1.3024742049793976,0.8727532175128503,0.7616981786790326,79,68,69.46563192904657
circular,466,5,6,7,A,1.3252354141644778,0.8493199548999413,0.7213443857912383,95,83,81.55040871934605
circular,466,5,6,7,C,1.2578563073139855,0.8376545976040474,0.7016652248871985,95,83,81.55040871934605
circular,467,5,6,8,A,1.3078018552102852,0.8501311147053014,0.7227229121900784,113,100,102.01379310344828
circular,467,5,6,8,C,1.243458542398794,0.8391358057866967,0.7041489005532887,113,100,102.01379310344828
circular,468,5,7,0,A,1.2862022209072657,0.8121583938729029,0.6596012567382132,133,119,118.58823529411765
circular,468,5,7,0,C,1.2168268458708043,0.7880238672203869,0.6209816153089739,133,119,118.58823529411765
circular,469,5,7,1,A,1.2860932777929028,0.8309707141521339,0.6905123277785074,151,136,138.94230769230768
circular,469,5,7,1,C,1.2165135141637933,0.815784689744009,0.6655046600207289,151,136,138.94230769230768
circular,470,5,7,2,A,1.3273563672879078,0.8490139572918574,0.7208246996763797,148,133,136.04390243902438
circular,470,5,7,2,C,1.2476229571530735,0.8337655913468272,0.6951650613139244,148,133,136.04390243902438
circular,471,5,7,3,A,1.32447184428347,0.8600973405829512,0.7397674352778651,128,114,113.83265306122449
circular,471,5,7,3,C,1.2448449973009874,0.8486027351970321,0.7201266021838842,128,114,113.83265306122449
circular,472,5,7,4,A,1.3679553741894397,0.8667566133932066,0.7512670268608607,110,97,99.51567944250871
circular,472,5,7,4,C,1.2862919446375705,0.8558426351367592,0.7324666161178319,110,97,99.51567944250871
circular,473,5,7,5,A,1.3475817045690874,0.8458376400073673,0.7154413132532327,95,83,81.55040871934605
circular,473,5,7,5,C,1.271335552230368,0.8342198317275118,0.6959227276474781,95,83,81.55040871934605
circular,474,5,7,6,A,1.3252354141644778,0.8493199548999413,0.7213443857912383,95,83,81.55040871934605
circular,474,5,7,6,C,1.2578563073139855,0.8376545976040474,0.7016652248871985,95,83,81.55040871934605
circular,475,5,7,7,A,1.2776106675822996,0.8250822394991573,0.6807607019369447,95,83,80.45352112676056
circular,475,5,7,7,C,1.2133510697883612,0.8039234603155394,0.6462929300457106,95,83,80.45352112676056
circular,476,5,7,8,A,1.2679809756779463,0.8278268946638708,0.6852973675288275,113,100,101.5251798561151
circular,476,5,7,8,C,1.206777873053062,0.8073992390394488,0.651893531201481,113,100,101.5251798561151
circular,477,5,8,0,A,1.2795020528528283,0.8158194973015812,0.6655614521774047,133,119,118.67659574468085
circular,477,5,8,0,C,1.212696416953891,0.7919844483466478,0.6272393664229441,133,119,118.67659574468085
circular,478,5,8,1,A,1.2766477283720339,0.834648395343343,0.6966379438492174,151,136,139.3219512195122
circular,478,5,8,1,C,1.2097359070749318,0.8200445168671897,0.6724730096439426,151,136,139.3219512195122
circular,479,5,8,2,A,1.313738191223664,0.8493631613240371,0.7214177798143623,166,150,166.0
circular,479,5,8,2,C,1.2375080946428219,0.8350056427172541,0.6972344233696546,166,150,166.0
circular,480,5,8,3,A,1.3035619058569614,0.8602550018596894,0.7400386682246142,146,131,133.76699029126215
circular,480,5,8,3,C,1.2273683779236455,0.8497055080325435,0.7219994503808429,146,131,133.76699029126215
circular,481,5,8,4,A,1.340497939708838,0.8645845779715704,0.7475064924662785,128,114,113.80645161290323
circular,481,5,8,4,C,1.262702604147901,0.8545395307950555,0.7302378096914336,128,114,113.80645161290323
circular,482,5,8,5,A,1.3242373951174684,0.846040560833364,0.7157846305752331,113,100,102.01379310344828
circular,482,5,8,5,C,1.2517019620314291,0.8351987445539899,0.6975569429045608,113,100,102.01379310344828
circular,483,5,8,6,A,1.3078018552102852,0.8501311147053014,0.7227229121900784,113,100,102.01379310344828
circular,483,5,8,6,C,1.243458542398794,0.8391358057866967,0.7041489005532887,113,100,102.01379310344828
circular,484,5,8,7,A,1.2679809756779463,0.8278268946638708,0.6852973675288275,113,100,101.5251798561151
circular,484,5,8,7,C,1.206777873053062,0.8073992390394488,0.651893531201481,113,100,101.5251798561151
circular,485,5,8,8,A,1.2575913176972118,0.8315396627881544,0.6914582107898375,113,100,101.41454545454546
circular,485,5,8,8,C,1.198797750420676,0.8114057416071353,0.6583792775130252,113,100,101.41454545454546
circular,486,6,0,0,A,1.303986119680346,0.8122732198941975,0.6597877837572874,113,100,101.41454545454546
circular,486,6,0,0,C,1.2368461202871208,0.7832223631632537,0.6134372701590316,113,100,101.41454545454546
circular,487,6,0,1,A,1.2934399678406838,0.8304768505857824,0.6896917993588799,131,117,116.57551020408164
circular,487,6,0,1,C,1.2281021460104278,0.8115738428504188,0.6586521023989962,131,117,116.57551020408164
circular,488,6,0,2,A,1.33285521188334,0.8429882021617638,0.7106291089839228,146,131,133.76699029126215
circular,488,6,0,2,C,1.2572556943505495,0.8247777983212603,0.6802584166036655,146,131,133.76699029126215
circular,489,6,0,3,A,1.313738191223664,0.8493631613240371,0.7214177798143623,166,150,166.0
circular,489,6,0,3,C,1.2375080946428219,0.8350056427172541,0.6972344233696546,166,150,166.0
circular,490,6,0,4,A,1.3462801292887165,0.8520985304909394,0.7260719056648184,148,133,135.69230769230768
circular,490,6,0,4,C,1.267445852718399,0.8381460752775358,0.7024888435031368,148,133,135.69230769230768
circular,491,6,0,5,A,1.32505140349739,0.8345674270418133,0.6965027902791924,133,119,118.336
circular,491,6,0,5,C,1.2526097862475634,0.8199518225394822,0.6723209912858185,133,119,118.336
circular,492,6,0,6,A,1.319920282080224,0.8474461596507575,0.7181649935068173,113,100,102.01379310344828
circular,492,6,0,6,C,1.2564375562022272,0.8323874203868321,0.6928688176182448,113,100,102.01379310344828
circular,493,6,0,7,A,1.2790112441941415,0.8268776470155298,0.683726643133939,113,100,101.5251798561151
circular,493,6,0,7,C,1.2189274376762744,0.8017153068281591,0.6427474332025692,113,100,101.5251798561151
circular,494,6,0,8,A,1.2836323491137982,0.8307351972349859,0.690120967925051,113,100,101.41454545454546
circular,494,6,0,8,C,1.2250955210155625,0.8057399082370903,0.6492167997259147,113,100,101.41454545454546
circular,495,6,1,0,A,1.2934399678406838,0.8304768505857824,0.6896917993588799,131,117,116.57551020408164
circular,495,6,1,0,C,1.2281021460104278,0.8115738428504188,0.6586521023989962,131,117,116.57551020408164
circular,496,6,1,1,A,1.2954690475596706,0.8482448408151753,0.719519309969562,115,102,103.32508833922262
circular,496,6,1,1,C,1.2284442118266252,0.8395568796213572,0.70485575411955,115,102,103.32508833922262
circular,497,6,1,2,A,1.3370707289550139,0.860664678751303,0.7407436892500836,130,116,115.67213114754098
circular,497,6,1,2,C,1.2604051022999232,0.8527653208116578,0.7272086923790096,130,116,115.67213114754098
circular,498,6,1,3,A,1.3130592769751943,0.8656022818398198,0.7492673103263028,150,135,138.35294117647058
circular,498,6,1,3,C,1.2343179919696279,0.8611276440159575,0.7415408192884737,150,135,138.35294117647058
circular,499,6,1,4,A,1.3346430837498569,0.86904625990408,0.7552414018532698,150,135,137.61904761904762
circular,499,6,1,4,C,1.2563194776984645,0.8654180892510748,0.7489484692029812,150,135,137.61904761904762
circular,500,6,1,5,A,1.3169684776839068,0.8520628789620263,0.7260111497050566,135,121,120.14285714285714
circular,500,6,1,5,C,1.2445500456313505,0.8473169596000091,0.7179460300258034,135,121,120.14285714285714
circular,501,6,1,6,A,1.3056848467575473,0.8615815086869004,0.7423226961111955,115,102,103.68493150684931
circular,501,6,1,6,C,1.2418243296980847,0.8565581025681759,0.7336917830751937,115,102,103.68493150684931
circular,502,6,1,7,A,1.269980224383281,0.8408530602771543,0.7070338689774558,131,117,116.53225806451613
circular,502,6,1,7,C,1.2092169272138367,0.8248840685062048,0.6804337264753492,131,117,116.53225806451613
circular,503,6,1,8,A,1.269491957202482,0.8453045154262152,0.7145397237999485,131,117,116.57551020408164
circular,503,6,1,8,C,1.2106418934961087,0.8298254363351488,0.6886102547888201,131,117,116.57551020408164
circular,504,6,2,0,A,1.33285521188334,0.8429882021617638,0.7106291089839228,146,131,133.76699029126215
circular,504,6,2,0,C,1.2572556943505495,0.8247777983212603,0.6802584166036655,146,131,133.76699029126215
circular,505,6,2,1,A,1.3370707289550139,0.860664678751303,0.7407436892500836,130,116,115.67213114754098
circular,505,6,2,1,C,1.2604051022999232,0.8527653208116578,0.7272086923790096,130,116,115.67213114754098
circular,506,6,2,2,A,1.3719069587239308,0.8763255555807925,0.7679464793639846,112,99,100.46125461254613
circular,506,6,2,2,C,1.2875294948800617,0.8690306352288379,0.7552142449662376,112,99,100.46125461254613
circular,507,6,2,3,A,1.3460727526267626,0.8835979996297265,0.7807454249496542,132,118,117.85714285714286
circular,507,6,2,3,C,1.2602140986101422,0.8796493289367139,0.773782941898811,132,118,117.85714285714286
circular,508,6,2,4,A,1.3663271871375517,0.8889266181909877,0.790190532528466,132,118,117.67510548523207
circular,508,6,2,4,C,1.2809287014822648,0.8858267654065974,0.784689058310715,132,118,117.67510548523207
circular,509,6,2,5,A,1.354625055160714,0.870711668530612,0.7581388097153623,132,118,117.43373493975903
circular,509,6,2,5,C,1.2730623442209594,0.8661495407712043,0.7502150269781681,132,118,117.43373493975903
circular,510,6,2,6,A,1.3410841380527263,0.875181926548032,0.7659434045563248,112,99,101.17993079584775
circular,510,6,2,6,C,1.2679551575133283,0.8707702870705227,0.7582408928448806,112,99,101.17993079584775
circular,511,6,2,7,A,1.3096020594218556,0.8534745442680334,0.7284187977135272,128,114,113.83265306122449
circular,511,6,2,7,C,1.238230066588267,0.8380166599925433,0.7022719224250579,128,114,113.83265306122449
circular,512,6,2,8,A,1.3038258660167612,0.854581148722444,0.7303089397517719,146,131,133.76699029126215
circular,512,6,2,8,C,1.2356112207693504,0.8399831958143711,0.7055717692505241,146,131,133.76699029126215
circular,513,6,3,0,A,1.313738191223664,0.8493631613240371,0.7214177798143623,166,150,166.0
circular,513,6,3,0,C,1.2375080946428219,0.8350056427172541,0.6972344233696546,166,150,166.0
circular,514,6,3,1,A,1.3130592769751943,0.8656022818398198,0.7492673103263028,150,135,138.35294117647058
circular,514,6,3,1,C,1.2343179919696279,0.8611276440159575,0.7415408192884737,150,135,138.35294117647058
circular,515,6,3,2,A,1.3460727526267626,0.8835979996297265,0.7807454249496542,132,118,117.85714285714286
circular,515,6,3,2,C,1.2602140986101422,0.8796493289367139,0.773782941898811,132,118,117.85714285714286
circular,516,6,3,3,A,1.3235805439521375,0.8938674391850318,0.7989989988352064,112,99,100.46125461254613
circular,516,6,3,3,C,1.2371464714825307,0.8941046549602589,0.7994231340216037,112,99,100.46125461254613
circular,517,6,3,4,A,1.3566479195861516,0.9022513566043407,0.8140575104943732,112,99,100.68231046931407
circular,517,6,3,4,C,1.271760357644228,0.903120344122676,0.8156263559682608,112,99,100.68231046931407
circular,518,6,3,5,A,1.3511554385284426,0.8832971225105858,0.7802138066354808,112,99,101.17993079584775
circular,518,6,3,5,C,1.2694024223431073,0.8824814818176555,0.778773565751085,112,99,101.17993079584775
circular,519,6,3,6,A,1.333232504576304,0.8834551907425063,0.7804930740498782,112,99,101.17993079584775
circular,519,6,3,6,C,1.2588710069196152,0.8825761114146536,0.7789405924398111,112,99,101.17993079584775
circular,520,6,3,7,A,1.3044010492690963,0.860291408087424,0.7401013068290427,128,114,113.83265306122449
circular,520,6,3,7,C,1.2320521713278807,0.8485618746901,0.720057255177577,128,114,113.83265306122449
circular,521,6,3,8,A,1.2865635028943803,0.8608308216552935,0.7410297035117277,146,131,133.76699029126215
circular,521,6,3,8,C,1.217423352338821,0.8499496463592341,0.7224144013461871,146,131,133.76699029126215
circular,522,6,4,0,A,1.3462801292887165,0.8520985304909394,0.7260719056648184,148,133,135.69230769230768
circular,522,6,4,0,C,1.267445852718399,0.8381460752775358,0.7024888435031368,148,133,135.69230769230768
circular,523,6,4,1,A,1.3346430837498569,0.86904625990408,0.7552414018532698,150,135,137.61904761904762
circular,523,6,4,1,C,1.2563194776984645,0.8654180892510748,0.7489484692029812,150,135,137.61904761904762
circular,524,6,4,2,A,1.3663271871375517,0.8889266181909877,0.790190532528466,132,118,117.67510548523207
circular,524,6,4,2,C,1.2809287014822648,0.8858267654065974,0.784689058310715,132,118,117.67510548523207
circular,525,6,4,3,A,1.3566479195861516,0.9022513566043407,0.8140575104943732,112,99,100.68231046931407
circular,525,6,4,3,C,1.271760357644228,0.903120344122676,0.8156263559682608,112,99,100.68231046931407
circular,526,6,4,4,A,1.4071070568079795,0.9116592828875342,0.831122648075013,94,82,79.55710306406685
circular,526,6,4,4,C,1.319787771119415,0.9125474407506386,0.8327428316205403,94,82,79.55710306406685
circular,527,6,4,5,A,1.4054747826520422,0.8922750430816049,0.7961547525062799,94,82,80.6711590296496
circular,527,6,4,5,C,1.320801454033355,0.8915125476593381,0.7947946226340435,94,82,80.6711590296496
circular,528,6,4,6,A,1.3846039755033326,0.8921432486357278,0.79591957608631,94,82,80.6711590296496
circular,528,6,4,6,C,1.3080650721837166,0.89154915743901,0.7948599001302086,94,82,80.6711590296496
circular,529,6,4,7,A,1.347547968393212,0.8676294762352506,0.7527809080322552,110,97,99.51567944250871
circular,529,6,4,7,C,1.2739346096136122,0.856781549861912,0.73407462418378,110,97,99.51567944250871
circular,530,6,4,8,A,1.3235304766292544,0.8657150423983296,0.7494625346347417,128,114,113.80645161290323
circular,530,6,4,8,C,1.2533526348649469,0.8556120611750317,0.7320719992281862,128,114,113.80645161290323
circular,531,6,5,0,A,1.32505140349739,0.8345674270418133,0.6965027902791924,133,119,118.336
circular,531,6,5,0,C,1.2526097862475634,0.8199518225394822,0.6723209912858185,133,119,118.336
circular,532,6,5,1,A,1.3169684776839068,0.8520628789620263,0.7260111497050566,135,121,120.14285714285714
circular,532,6,5,1,C,1.2445500456313505,0.8473169596000091,0.7179460300258034,135,121,120.14285714285714
circular,533,6,5,2,A,1.354625055160714,0.870711668530612,0.7581388097153623,132,118,117.43373493975903
circular,533,6,5,2,C,1.2730623442209594,0.8661495407712043,0.7502150269781681,132,118,117.43373493975903
circular,534,6,5,3,A,1.3511554385284426,0.8832971225105858,0.7802138066354808,112,99,101.17993079584775
circular,534,6,5,3,C,1.2694024223431073,0.8824814818176555,0.778773565751085,112,99,101.17993079584775
circular,535,6,5,4,A,1.4054747826520422,0.8922750430816049,0.7961547525062799,94,82,80.6711590296496
circular,535,6,5,4,C,1.320801454033355,0.8915125476593381,0.7947946226340435,94,82,80.6711590296496
circular,536,6,5,5,A,1.397361078008936,0.8723947426275198,0.7610725869641365,79,68,69.46563192904657
circular,536,6,5,5,C,1.3172608459280746,0.8707094462286171,0.7581349397517451,79,68,69.46563192904657
circular,537,6,5,6,A,1.3735395202666316,0.8743141525803619,0.7644252374023164,79,68,69.46563192904657
circular,537,6,5,6,C,1.3024742049793976,0.8727532175128503,0.7616981786790326,79,68,69.46563192904657
circular,538,6,5,7,A,1.3252354141644778,0.8493199548999413,0.7213443857912383,95,83,81.55040871934605
circular,538,6,5,7,C,1.2578563073139855,0.8376545976040474,0.7016652248871985,95,83,81.55040871934605
circular,539,6,5,8,A,1.3078018552102852,0.8501311147053014,0.7227229121900784,113,100,102.01379310344828
circular,539,6,5,8,C,1.243458542398794,0.8391358057866967,0.7041489005532887,113,100,102.01379310344828
circular,540,6,6,0,A,1.319920282080224,0.8474461596507575,0.7181649935068173,113,100,102.01379310344828
circular,540,6,6,0,C,1.2564375562022272,0.8323874203868321,0.6928688176182448,113,100,102.01379310344828
circular,541,6,6,1,A,1.3056848467575473,0.8615815086869004,0.7423226961111955,115,102,103.68493150684931
circular,541,6,6,1,C,1.2418243296980847,0.8565581025681759,0.7336917830751937,115,102,103.68493150684931
circular,542,6,6,2,A,1.3410841380527263,0.875181926548032,0.7659434045563248,112,99,101.17993079584775
circular,542,6,6,2,C,1.2679551575133283,0.8707702870705227,0.7582408928448806,112,99,101.17993079584775
circular,543,6,6,3,A,1.333232504576304,0.8834551907425063,0.7804930740498782,112,99,101.17993079584775
circular,543,6,6,3,C,1.2588710069196152,0.8825761114146536,0.7789405924398111,112,99,101.17993079584775
circular,544,6,6,4,A,1.3846039755033326,0.8921432486357278,0.79591957608631,94,82,80.6711590296496
circular,544,6,6,4,C,1.3080650721837166,0.89154915743901,0.7948599001302086,94,82,80.6711590296496
circular,545,6,6,5,A,1.3735395202666316,0.8743141525803619,0.7644252374023164,79,68,69.46563192904657
circular,545,6,6,5,C,1.3024742049793976,0.8727532175128503,0.7616981786790326,79,68,69.46563192904657
circular,546,6,6,6,A,1.3580150682289236,0.8824210400746473,0.7786668919664222,59,49,59.0
circular,546,6,6,6,C,1.2958873443464594,0.8807884886410234,0.7757883617225383,59,49,59.0
circular,547,6,6,7,A,1.3112217485102398,0.8611015237279523,0.7414958341666013,75,64,66.95525727069351
circular,547,6,6,7,C,1.2527239841659077,0.8490925977610247,0.7209582395725653,75,64,66.95525727069351
circular,548,6,6,8,A,1.306210374160792,0.8627517296692471,0.7443405470472776,93,81,79.95675675675676
circular,548,6,6,8,C,1.2498268994392678,0.8512684866232567,0.7246580363178498,93,81,79.95675675675676
circular,549,6,7,0,A,1.2790112441941415,0.8268776470155298,0.683726643133939,113,100,101.5251798561151
circular,549,6,7,0,C,1.2189274376762744,0.8017153068281591,0.6427474332025692,113,100,101.5251798561151
circular,550,6,7,1,A,1.269980224383281,0.8408530602771543,0.7070338689774558,131,117,116.53225806451613
circular,550,6,7,1,C,1.2092169272138367,0.8248840685062048,0.6804337264753492,131,117,116.53225806451613
circular,551,6,7,2,A,1.3096020594218556,0.8534745442680334,0.7284187977135272,128,114,113.83265306122449
circular,551,6,7,2,C,1.238230066588267,0.8380166599925433,0.7022719224250579,128,114,113.83265306122449
circular,552,6,7,3,A,1.3044010492690963,0.860291408087424,0.7401013068290427,128,114,113.83265306122449
circular,552,6,7,3,C,1.2320521713278807,0.8485618746901,0.720057255177577,128,114,113.83265306122449
circular,553,6,7,4,A,1.347547968393212,0.8676294762352506,0.7527809080322552,110,97,99.51567944250871
circular,553,6,7,4,C,1.2739346096136122,0.856781549861912,0.73407462418378,110,97,99.51567944250871
circular,554,6,7,5,A,1.3252354141644778,0.8493199548999413,0.7213443857912383,95,83,81.55040871934605
circular,554,6,7,5,C,1.2578563073139855,0.8376545976040474,0.7016652248871985,95,83,81.55040871934605
circular,555,6,7,6,A,1.3112217485102398,0.8611015237279523,0.7414958341666013,75,64,66.95525727069351
circular,555,6,7,6,C,1.2527239841659077,0.8490925977610247,0.7209582395725653,75,64,66.95525727069351
circular,556,6,7,7,A,1.2602254336353467,0.8401677421158679,0.7058818348920755,75,64,65.65747126436781
circular,556,6,7,7,C,1.205039397954854,0.8181457451489901,0.6693624603053963,75,64,65.65747126436781
circular,557,6,7,8,A,1.2653562643084928,0.8435363208751219,0.7115535246355366,93,81,78.83798882681565
circular,557,6,7,8,C,1.2124994136553184,0.8222287819275108,0.6760601698299982,93,81,78.83798882681565
circular,558,6,8,0,A,1.2836323491137982,0.8307351972349859,0.690120967925051,113,100,101.41454545454546
circular,558,6,8,0,C,1.2250955210155625,0.8057399082370903,0.6492167997259147,113,100,101.41454545454546
circular,559,6,8,1,A,1.269491957202482,0.8453045154262152,0.7145397237999485,131,117,116.57551020408164
circular,559,6,8,1,C,1.2106418934961087,0.8298254363351488,0.6886102547888201,131,117,116.57551020408164
circular,560,6,8,2,A,1.3038258660167612,0.854581148722444,0.7303089397517719,146,131,133.76699029126215
circular,560,6,8,2,C,1.2356112207693504,0.8399831958143711,0.7055717692505241,146,131,133.76699029126215
circular,561,6,8,3,A,1.2865635028943803,0.8608308216552935,0.7410297035117277,146,131,133.76699029126215
circular,561,6,8,3,C,1.217423352338821,0.8499496463592341,0.7224144013461871,146,131,133.76699029126215
circular,562,6,8,4,A,1.3235304766292544,0.8657150423983296,0.7494625346347417,128,114,113.80645161290323
circular,562,6,8,4,C,1.2533526348649469,0.8556120611750317,0.7320719992281862,128,114,113.80645161290323
circular,563,6,8,5,A,1.3078018552102852,0.8501311147053014,0.7227229121900784,113,100,102.01379310344828
circular,563,6,8,5,C,1.243458542398794,0.8391358057866967,0.7041489005532887,113,100,102.01379310344828
circular,564,6,8,6,A,1.306210374160792,0.8627517296692471,0.7443405470472776,93,81,79.95675675675676
circular,564,6,8,6,C,1.2498268994392678,0.8512684866232567,0.7246580363178498,93,81,79.95675675675676
circular,565,6,8,7,A,1.2653562643084928,0.8435363208751219,0.7115535246355366,93,81,78.83798882681565
circular,565,6,8,7,C,1.2124994136553184,0.8222287819275108,0.6760601698299982,93,81,78.83798882681565
circular,566,6,8,8,A,1.2683887208892084,0.8475753667011041,0.7183840022385111,93,81,78.56056338028169
circular,566,6,8,8,C,1.217021549304827,0.8263095227179255,0.6827874273343257,93,81,78.56056338028169
circular,567,7,0,0,A,1.258683759842416,0.7876689885515503,0.6204224355258223,93,81,79.31044776119403
circular,567,7,0,0,C,1.1941952017923008,0.7478010292986318,0.5592063794200932,93,81,79.31044776119403
circular,568,7,0,1,A,1.2566551058494486,0.80637314983404,0.650237656773271,111,98,99.72527472527473
circular,568,7,0,1,C,1.1933246876037737,0.7761101365918712,0.602346944120653,111,98,99.72527472527473
circular,569,7,0,2,A,1.307961397518516,0.8205577813584916,0.6733150725479701,126,112,112.15384615384616
circular,569,7,0,2,C,1.2321881066457852,0.7907768108067375,0.6253279645096746,126,112,112.15384615384616
circular,570,7,0,3,A,1.2926813059146358,0.8295268570220223,0.6881148065208347,146,131,135.27835051546393
circular,570,7,0,3,C,1.2166773526462422,0.8045468284424471,0.6472955991568003,146,131,135.27835051546393
circular,571,7,0,4,A,1.3164136446969381,0.8313240775023902,0.6910997218352001,148,133,137.22448979591837
circular,571,7,0,4,C,1.2397145573333572,0.807569314489442,0.6521681977049473,148,133,137.22448979591837
circular,572,7,0,5,A,1.2862022209072657,0.8121583938729029,0.6596012567382132,133,119,118.58823529411765
circular,572,7,0,5,C,1.2168268458708043,0.7880238672203869,0.6209816153089739,133,119,118.58823529411765
circular,573,7,0,6,A,1.2790112441941415,0.8268776470155298,0.683726643133939,113,100,101.5251798561151
circular,573,7,0,6,C,1.2189274376762744,0.8017153068281591,0.6427474332025692,113,100,101.5251798561151
circular,574,7,0,7,A,1.2238145908125373,0.8020966751631573,0.6433590763077914,93,81,79.57396449704142
circular,574,7,0,7,C,1.1664053375563512,0.7661720425107573,0.5870195987251057,93,81,79.57396449704142
circular,575,7,0,8,A,1.2374711534028435,0.8087355459493691,0.6540531832820241,93,81,79.31044776119403
circular,575,7,0,8,C,1.1819055694699816,0.773132850082265,0.5977344038763259,93,81,79.31044776119403
circular,576,7,1,0,A,1.2566551058494486,0.80637314983404,0.650237656773271,111,98,99.72527472527473
circular,576,7,1,0,C,1.1933246876037737,0.7761101365918712,0.602346944120653,111,98,99.72527472527473
circular,577,7,1,1,A,1.2711027343132095,0.8249284395948312,0.6805069304523631,111,98,99.9605734767025
circular,577,7,1,1,C,1.2054604533552766,0.8039210013415986,0.6462889763980786,111,98,99.9605734767025
circular,578,7,1,2,A,1.3262551332408947,0.8395786761961355,0.7048923535232553,126,112,112.06666666666666
circular,578,7,1,2,C,1.2488836549078937,0.8191647572609867,0.6710308995384513,126,112,112.06666666666666
circular,579,7,1,3,A,1.3039247219367633,0.8467421426097937,0.7169722560714243,146,131,134.48
circular,579,7,1,3,C,1.2253591910913562,0.830532243353788,0.6897838072502757,146,131,134.48
circular,580,7,1,4,A,1.313738191223664,0.8493631613240371,0.7214177798143623,166,150,166.0
circular,580,7,1,4,C,1.2375080946428219,0.8350056427172541,0.6972344233696546,166,150,166.0
circular,581,7,1,5,A,1.2860932777929028,0.8309707141521339,0.6905123277785074,151,136,138.94230769230768
circular,581,7,1,5,C,1.2165135141637933,0.815784689744009,0.6655046600207289,151,136,138.94230769230768
circular,582,7,1,6,A,1.269980224383281,0.8408530602771543,0.7070338689774558,131,117,116.53225806451613
circular,582,7,1,6,C,1.2092169272138367,0.8248840685062048,0.6804337264753492,131,117,116.53225806451613
circular,583,7,1,7,A,1.2215397764130738,0.8153055620470968,0.6647231595049324,111,98,99.84057971014492
circular,583,7,1,7,C,1.1624327166180137,0.7879610521217774,0.6208826196608583,111,98,99.84057971014492
circular,584,7,1,8,A,1.228246076034283,0.8220660826680888,0.675792644273257,111,98,99.72527472527473
circular,584,7,1,8,C,1.171643283117959,0.7954106961264571,0.632678175512375,111,98,99.72527472527473
circular,585,7,2,0,A,1.307961397518516,0.8205577813584916,0.6733150725479701,126,112,112.15384615384616
circular,585,7,2,0,C,1.2321881066457852,0.7907768108067375,0.6253279645096746,126,112,112.15384615384616
circular,586,7,2,1,A,1.3262551332408947,0.8395786761961355,0.7048923535232553,126,112,112.06666666666666
circular,586,7,2,1,C,1.2488836549078937,0.8191647572609867,0.6710308995384513,126,112,112.06666666666666
circular,587,7,2,2,A,1.3739333030775485,0.8571833880692163,0.7347633607818207,108,95,97.08239700374531
circular,587,7,2,2,C,1.287218706857647,0.837128279965541,0.7007837571180651,108,95,97.08239700374531
circular,588,7,2,3,A,1.3463296502998674,0.8652992631609828,0.7487428148269398,128,114,114.18942731277534
circular,588,7,2,3,C,1.2595565710939967,0.8493920179986956,0.7214668002398964,128,114,114.18942731277534
circular,589,7,2,4,A,1.3505049989569033,0.8684881431248639,0.754271654748474,148,133,137.66321243523316
circular,589,7,2,4,C,1.2663235094644298,0.8544593830629902,0.7301008373043858,148,133,137.66321243523316
circular,590,7,2,5,A,1.3273563672879078,0.8490139572918574,0.7208246996763797,148,133,136.04390243902438
circular,590,7,2,5,C,1.2476229571530735,0.8337655913468272,0.6951650613139244,148,133,136.04390243902438
circular,591,7,2,6,A,1.3096020594218556,0.8534745442680334,0.7284187977135272,128,114,113.83265306122449
circular,591,7,2,6,C,1.238230066588267,0.8380166599925433,0.7022719224250579,128,114,113.83265306122449
circular,592,7,2,7,A,1.2713041620898045,0.8286456558150053,0.6866536229010801,108,95,97.32234432234432
circular,592,7,2,7,C,1.1992604616762272,0.8016060069262855,0.642572190340304,108,95,97.32234432234432
circular,593,7,2,8,A,1.2732830095303,0.8318537797726867,0.6919807109221056,126,112,112.15384615384616
circular,593,7,2,8,C,1.2052164622584876,0.8059899089421498,0.649619733316575,126,112,112.15384615384616
circular,594,7,3,0,A,1.2926813059146358,0.8295268570220223,0.6881148065208347,146,131,135.27835051546393
circular,594,7,3,0,C,1.2166773526462422,0.8045468284424471,0.6472955991568003,146,131,135.27835051546393
circular,595,7,3,1,A,1.3039247219367633,0.8467421426097937,0.7169722560714243,146,131,134.48
circular,595,7,3,1,C,1.2253591910913562,0.830532243353788,0.6897838072502757,146,131,134.48
circular,596,7,3,2,A,1.3463296502998674,0.8652992631609828,0.7487428148269398,128,114,114.18942731277534
circular,596,7,3,2,C,1.2595565710939967,0.8493920179986956,0.7214668002398964,128,114,114.18942731277534
circular,597,7,3,3,A,1.3260764573822883,0.8744116446870339,0.7645957243642837,108,95,97.08239700374531
circular,597,7,3,3,C,1.24009246200429,0.8625916409313735,0.7440643390046796,108,95,97.08239700374531
circular,598,7,3,4,A,1.3428396602358763,0.8801513573260548,0.7746664118028965,128,114,114.03004291845494
circular,598,7,3,4,C,1.2596570843328154,0.8700383535319729,0.7569667366166263,128,114,114.03004291845494
circular,599,7,3,5,A,1.32447184428347,0.8600973405829512,0.7397674352778651,128,114,113.83265306122449
circular,599,7,3,5,C,1.2448449973009874,0.8486027351970321,0.7201266021838842,128,114,113.83265306122449
circular,600,7,3,6,A,1.3044010492690963,0.860291408087424,0.7401013068290427,128,114,113.83265306122449
circular,600,7,3,6,C,1.2320521713278807,0.8485618746901,0.720057255177577,128,114,113.83265306122449
circular,601,7,3,7,A,1.274100723582215,0.8377246617652183,0.7017826089296494,108,95,97.32234432234432
circular,601,7,3,7,C,1.2019677690663408,0.8155007247415945,0.665041432054066,108,95,97.32234432234432
circular,602,7,3,8,A,1.2611379081323633,0.840055439911207,0.7056931421244116,126,112,112.15384615384616
circular,602,7,3,8,C,1.1927563599933264,0.818651764669121,0.670190711795866,126,112,112.15384615384616
circular,603,7,4,0,A,1.3164136446969381,0.8313240775023902,0.6910997218352001,148,133,137.22448979591837
circular,603,7,4,0,C,1.2397145573333572,0.807569314489442,0.6521681977049473,148,133,137.22448979591837
circular,604,7,4,1,A,1.313738191223664,0.8493631613240371,0.7214177798143623,166,150,166.0
circular,604,7,4,1,C,1.2375080946428219,0.8350056427172541,0.6972344233696546,166,150,166.0
circular,605,7,4,2,A,1.3505049989569033,0.8684881431248639,0.754271654748474,148,133,137.66321243523316
circular,605,7,4,2,C,1.2663235094644298,0.8544593830629902,0.7301008373043858,148,133,137.66321243523316
circular,606,7,4,3,A,1.3428396602358763,0.8801513573260548,0.7746664118028965,128,114,114.03004291845494
circular,606,7,4,3,C,1.2596570843328154,0.8700383535319729,0.7569667366166263,128,114,114.03004291845494
circular,607,7,4,4,A,1.3816269234038336,0.8871097362591895,0.7869636841658488,110,97,99.0
circular,607,7,4,4,C,1.296742927504066,0.877574196466514,0.7701364703038478,110,97,99.0
circular,608,7,4,5,A,1.3679553741894397,0.8667566133932066,0.7512670268608607,110,97,99.51567944250871
circular,608,7,4,5,C,1.2862919446375705,0.8558426351367592,0.7324666161178319,110,97,99.51567944250871
circular,609,7,4,6,A,1.347547968393212,0.8676294762352506,0.7527809080322552,110,97,99.51567944250871
circular,609,7,4,6,C,1.2739346096136122,0.856781549861912,0.73407462418378,110,97,99.51567944250871
circular,610,7,4,7,A,1.3102153760576358,0.8445904254630185,0.7133329867838026,110,97,99.0
circular,610,7,4,7,C,1.2387755787399242,0.8241532550867402,0.6792285878700695,110,97,99.0
circular,611,7,4,8,A,1.2919714514413914,0.8445118007366241,0.7132001815834156,128,114,113.96610169491525
circular,611,7,4,8,C,1.2241741045577048,0.8247244234257237,0.6801703745948924,128,114,113.96610169491525
circular,612,7,5,0,A,1.2862022209072657,0.8121583938729029,0.6596012567382132,133,119,118.58823529411765
circular,612,7,5,0,C,1.2168268458708043,0.7880238672203869,0.6209816153089739,133,119,118.58823529411765
circular,613,7,5,1,A,1.2860932777929028,0.8309707141521339,0.6905123277785074,151,136,138.94230769230768
circular,613,7,5,1,C,1.2165135141637933,0.815784689744009,0.6655046600207289,151,136,138.94230769230768
circular,614,7,5,2,A,1.3273563672879078,0.8490139572918574,0.7208246996763797,148,133,136.04390243902438
circular,614,7,5,2,C,1.2476229571530735,0.8337655913468272,0.6951650613139244,148,133,136.04390243902438
circular,615,7,5,3,A,1.32447184428347,0.8600973405829512,0.7397674352778651,128,114,113.83265306122449
circular,615,7,5,3,C,1.2448449973009874,0.8486027351970321,0.7201266021838842,128,114,113.83265306122449
circular,616,7,5,4,A,1.3679553741894397,0.8667566133932066,0.7512670268608607,110,97,99.51567944250871
circular,616,7,5,4,C,1.2862919446375705,0.8558426351367592,0.7324666161178319,110,97,99.51567944250871
circular,617,7,5,5,A,1.3475817045690874,0.8458376400073673,0.7154413132532327,95,83,81.55040871934605
circular,617,7,5,5,C,1.271335552230368,0.8342198317275118,0.6959227276474781,95,83,81.55040871934605
circular,618,7,5,6,A,1.3252354141644778,0.8493199548999413,0.7213443857912383,95,83,81.55040871934605
circular,618,7,5,6,C,1.2578563073139855,0.8376545976040474,0.7016652248871985,95,83,81.55040871934605
circular,619,7,5,7,A,1.2776106675822996,0.8250822394991573,0.6807607019369447,95,83,80.45352112676056
circular,619,7,5,7,C,1.2133510697883612,0.8039234603155394,0.6462929300457106,95,83,80.45352112676056
circular,620,7,5,8,A,1.2679809756779463,0.8278268946638708,0.6852973675288275,113,100,101.5251798561151
circular,620,7,5,8,C,1.206777873053062,0.8073992390394488,0.651893531201481,113,100,101.5251798561151
circular,621,7,6,0,A,1.2790112441941415,0.8268776470155298,0.683726643133939,113,100,101.5251798561151
circular,621,7,6,0,C,1.2189274376762744,0.8017153068281591,0.6427474332025692,113,100,101.5251798561151
circular,622,7,6,1,A,1.269980224383281,0.8408530602771543,0.7070338689774558,131,117,116.53225806451613
circular,622,7,6,1,C,1.2092169272138367,0.8248840685062048,0.6804337264753492,131,117,116.53225806451613
circular,623,7,6,2,A,1.3096020594218556,0.8534745442680334,0.7284187977135272,128,114,113.83265306122449
circular,623,7,6,2,C,1.238230066588267,0.8380166599925433,0.7022719224250579,128,114,113.83265306122449
circular,624,7,6,3,A,1.3044010492690963,0.860291408087424,0.7401013068290427,128,114,113.83265306122449
circular,624,7,6,3,C,1.2320521713278807,0.8485618746901,0.720057255177577,128,114,113.83265306122449
circular,625,7,6,4,A,1.347547968393212,0.8676294762352506,0.7527809080322552,110,97,99.51567944250871
circular,625,7,6,4,C,1.2739346096136122,0.856781549861912,0.73407462418378,110,97,99.51567944250871
circular,626,7,6,5,A,1.3252354141644778,0.8493199548999413,0.7213443857912383,95,83,81.55040871934605
circular,626,7,6,5,C,1.2578563073139855,0.8376545976040474,0.7016652248871985,95,83,81.55040871934605
circular,627,7,6,6,A,1.3112217485102398,0.8611015237279523,0.7414958341666013,75,64,66.95525727069351
circular,627,7,6,6,C,1.2527239841659077,0.8490925977610247,0.7209582395725653,75,64,66.95525727069351
circular,628,7,6,7,A,1.2602254336353467,0.8401677421158679,0.7058818348920755,75,64,65.65747126436781
circular,628,7,6,7,C,1.205039397954854,0.8181457451489901,0.6693624603053963,75,64,65.65747126436781
circular,629,7,6,8,A,1.2653562643084928,0.8435363208751219,0.7115535246355366,93,81,78.83798882681565
circular,629,7,6,8,C,1.2124994136553184,0.8222287819275108,0.6760601698299982,93,81,78.83798882681565
circular,630,7,7,0,A,1.2238145908125373,0.8020966751631573,0.6433590763077914,93,81,79.57396449704142
circular,630,7,7,0,C,1.1664053375563512,0.7661720425107573,0.5870195987251057,93,81,79.57396449704142
circular,631,7,7,1,A,1.2215397764130738,0.8153055620470968,0.6647231595049324,111,98,99.84057971014492
circular,631,7,7,1,C,1.1624327166180137,0.7879610521217774,0.6208826196608583,111,98,99.84057971014492
circular,632,7,7,2,A,1.2713041620898045,0.8286456558150053,0.6866536229010801,108,95,97.32234432234432
circular,632,7,7,2,C,1.1992604616762272,0.8016060069262855,0.642572190340304,108,95,97.32234432234432
circular,633,7,7,3,A,1.274100723582215,0.8377246617652183,0.7017826089296494,108,95,97.32234432234432
circular,633,7,7,3,C,1.2019677690663408,0.8155007247415945,0.665041432054066,108,95,97.32234432234432
circular,634,7,7,4,A,1.3102153760576358,0.8445904254630185,0.7133329867838026,110,97,99.0
circular,634,7,7,4,C,1.2387755787399242,0.8241532550867402,0.6792285878700695,110,97,99.0
circular,635,7,7,5,A,1.2776106675822996,0.8250822394991573,0.6807607019369447,95,83,80.45352112676056
circular,635,7,7,5,C,1.2133510697883612,0.8039234603155394,0.6462929300457106,95,83,80.45352112676056
circular,636,7,7,6,A,1.2602254336353467,0.8401677421158679,0.7058818348920755,75,64,65.65747126436781
circular,636,7,7,6,C,1.205039397954854,0.8181457451489901,0.6693624603053963,75,64,65.65747126436781
circular,637,7,7,7,A,1.1938759795986955,0.8164229964313852,0.6665465091020015,55,45,55.0
circular,637,7,7,7,C,1.1412873170020494,0.783689170842705,0.6141687164961264,55,45,55.0
circular,638,7,7,8,A,1.2098009595752288,0.822218846703681,0.6760438318747312,73,62,64.3444976076555
circular,638,7,7,8,C,1.1600146765358097,0.7906454408037795,0.6251202130638028,73,62,64.3444976076555
circular,639,7,8,0,A,1.2374711534028435,0.8087355459493691,0.6540531832820241,93,81,79.31044776119403
circular,639,7,8,0,C,1.1819055694699816,0.773132850082265,0.5977344038763259,93,81,79.31044776119403
circular,640,7,8,1,A,1.228246076034283,0.8220660826680888,0.675792644273257,111,98,99.72527472527473
circular,640,7,8,1,C,1.171643283117959,0.7954106961264571,0.632678175512375,111,98,99.72527472527473
circular,641,7,8,2,A,1.2732830095303,0.8318537797726867,0.6919807109221056,126,112,112.15384615384616
circular,641,7,8,2,C,1.2052164622584876,0.8059899089421498,0.649619733316575,126,112,112.15384615384616
circular,642,7,8,3,A,1.2611379081323633,0.840055439911207,0.7056931421244116,126,112,112.15384615384616
circular,642,7,8,3,C,1.1927563599933264,0.818651764669121,0.670190711795866,126,112,112.15384615384616
circular,643,7,8,4,A,1.2919714514413914,0.8445118007366241,0.7132001815834156,128,114,113.96610169491525
circular,643,7,8,4,C,1.2241741045577048,0.8247244234257237,0.6801703745948924,128,114,113.96610169491525
circular,644,7,8,5,A,1.2679809756779463,0.8278268946638708,0.6852973675288275,113,100,101.5251798561151
circular,644,7,8,5,C,1.206777873053062,0.8073992390394488,0.651893531201481,113,100,101.5251798561151
circular,645,7,8,6,A,1.2653562643084928,0.8435363208751219,0.7115535246355366,93,81,78.83798882681565
circular,645,7,8,6,C,1.2124994136553184,0.8222287819275108,0.6760601698299982,93,81,78.83798882681565
circular,646,7,8,7,A,1.2098009595752288,0.822218846703681,0.6760438318747312,73,62,64.3444976076555
circular,646,7,8,7,C,1.1600146765358097,0.7906454408037795,0.6251202130638028,73,62,64.3444976076555
circular,647,7,8,8,A,1.2234110330563575,0.8294348081639735,0.6879621009940076,73,62,64.02168674698795
circular,647,7,8,8,C,1.1756538125198832,0.7979650149326092,0.6367481650563992,73,62,64.02168674698795
circular,648,8,0,0,A,1.2694878193539358,0.793326401159333,0.6293667787764189,74,63,64.64039408866995
circular,648,8,0,0,C,1.205164668702123,0.7524470554210433,0.5661765712117985,74,63,64.64039408866995
circular,649,8,0,1,A,1.256983036927603,0.8125995853650373,0.6603180861354305,92,80,78.18604651162791
circular,649,8,0,1,C,1.195792271945267,0.7823228746556288,0.6120290802094467,92,80,78.18604651162791
circular,650,8,0,2,A,1.3038477808479707,0.8236179935392777,0.6783465992816656,107,94,96.36059479553903
circular,650,8,0,2,C,1.231358442963288,0.7944690175057848,0.631181019776607,107,94,96.36059479553903
circular,651,8,0,3,A,1.2794710942514056,0.834323100317603,0.6960950357235771,127,113,113.19213973799127
circular,651,8,0,3,C,1.2069398713035613,0.8099103308399171,0.655954744001224,127,113,113.19213973799127
circular,652,8,0,4,A,1.3029907065745734,0.8336138822295568,0.6949121046458334,129,115,115.01731601731602
circular,652,8,0,4,C,1.2291303759890977,0.8101107765111627,0.656279470219519,129,115,115.01731601731602
circular,653,8,0,5,A,1.2795020528528283,0.8158194973015812,0.6655614521774047,133,119,118.67659574468085
circular,653,8,0,5,C,1.212696416953891,0.7919844483466478,0.6272393664229441,133,119,118.67659574468085
circular,654,8,0,6,A,1.2836323491137982,0.8307351972349859,0.690120967925051,113,100,101.41454545454546
circular,654,8,0,6,C,1.2250955210155625,0.8057399082370903,0.6492167997259147,113,100,101.41454545454546
circular,655,8,0,7,A,1.2374711534028435,0.8087355459493691,0.6540531832820241,93,81,79.31044776119403
circular,655,8,0,7,C,1.1819055694699816,0.773132850082265,0.5977344038763259,93,81,79.31044776119403
circular,656,8,0,8,A,1.2507342708029752,0.8162184546897662,0.6662125657761498,74,63,64.64039408866995
circular,656,8,0,8,C,1.1953845401652075,0.779503568353708,0.607625813076164,74,63,64.64039408866995
circular,657,8,1,0,A,1.256983036927603,0.8125995853650373,0.6603180861354305,92,80,78.18604651162791
circular,657,8,1,0,C,1.195792271945267,0.7823228746556288,0.6120290802094467,92,80,78.18604651162791
circular,658,8,1,1,A,1.2661392136235257,0.8316698210904797,0.6916746913126706,92,80,78.73142857142857
circular,658,8,1,1,C,1.2032196322979951,0.8111444845715173,0.6579553748507925,92,80,78.73142857142857
circular,659,8,1,2,A,1.3193971125094934,0.8438659260675877,0.7121097011779074,107,94,96.61454545454545
circular,659,8,1,2,C,1.2454773420802994,0.8244173625493152,0.679663987672769,107,94,96.61454545454545
circular,660,8,1,3,A,1.287982658966339,0.851472770357355,0.7250058786600291,127,113,113.0595744680851
circular,660,8,1,3,C,1.2126986560300144,0.8362378286911988,0.6992937061341707,127,113,113.0595744680851
circular,661,8,1,4,A,1.2982835533187038,0.8520771612455211,0.7260354887162258,147,132,135.44776119402985
circular,661,8,1,4,C,1.2249473845478478,0.8384305618507462,0.7029658070453578,147,132,135.44776119402985
circular,662,8,1,5,A,1.2766477283720339,0.834648395343343,0.6966379438492174,151,136,139.3219512195122
circular,662,8,1,5,C,1.2097359070749318,0.8200445168671897,0.6724730096439426,151,136,139.3219512195122
circular,663,8,1,6,A,1.269491957202482,0.8453045154262152,0.7145397237999485,131,117,116.57551020408164
circular,663,8,1,6,C,1.2106418934961087,0.8298254363351488,0.6886102547888201,131,117,116.57551020408164
circular,664,8,1,7,A,1.228246076034283,0.8220660826680888,0.675792644273257,111,98,99.72527472527473
circular,664,8,1,7,C,1.171643283117959,0.7954106961264571,0.632678175512375,111,98,99.72527472527473
circular,665,8,1,8,A,1.228521793232344,0.82947644678456,0.688031175770339,92,80,78.18604651162791
circular,665,8,1,8,C,1.1738252620843472,0.8027482040038164,0.6444046790313529,92,80,78.18604651162791
circular,666,8,2,0,A,1.3038477808479707,0.8236179935392777,0.6783465992816656,107,94,96.36059479553903
circular,666,8,2,0,C,1.231358442963288,0.7944690175057848,0.631181019776607,107,94,96.36059479553903
circular,667,8,2,1,A,1.3193971125094934,0.8438659260675877,0.7121097011779074,107,94,96.61454545454545
circular,667,8,2,1,C,1.2454773420802994,0.8244173625493152,0.679663987672769,107,94,96.61454545454545
circular,668,8,2,2,A,1.3657351468593266,0.8594817800378984,0.7387089302171145,107,94,96.2406015037594
circular,668,8,2,2,C,1.283257136777478,0.840712459094372,0.706797438876506,107,94,96.2406015037594
circular,669,8,2,3,A,1.3291739035406254,0.867143239264847,0.7519373974027318,127,113,113.27433628318585
circular,669,8,2,3,C,1.2460374112779316,0.8524416060384218,0.7266566917053638,127,113,113.27433628318585
circular,670,8,2,4,A,1.3308915142302142,0.8676621714168756,0.7528376437078477,147,132,136.6875
circular,670,8,2,4,C,1.2502509344166395,0.8546196483739615,0.7303747433868336,147,132,136.6875
circular,671,8,2,5,A,1.313738191223664,0.8493631613240371,0.7214177798143623,166,150,166.0
circular,671,8,2,5,C,1.2375080946428219,0.8350056427172541,0.6972344233696546,166,150,166.0
circular,672,8,2,6,A,1.3038258660167612,0.854581148722444,0.7303089397517719,146,131,133.76699029126215
circular,672,8,2,6,C,1.2356112207693504,0.8399831958143711,0.7055717692505241,146,131,133.76699029126215
circular,673,8,2,7,A,1.2732830095303,0.8318537797726867,0.6919807109221056,126,112,112.15384615384616
circular,673,8,2,7,C,1.2052164622584876,0.8059899089421498,0.649619733316575,126,112,112.15384615384616
circular,674,8,2,8,A,1.2672866799133333,0.8356560161233689,0.6983209772831802,107,94,96.36059479553903
circular,674,8,2,8,C,1.2024169843650285,0.8103235223642312,0.6566242108967747,107,94,96.36059479553903
circular,675,8,3,0,A,1.2794710942514056,0.834323100317603,0.6960950357235771,127,113,113.19213973799127
circular,675,8,3,0,C,1.2069398713035613,0.8099103308399171,0.655954744001224,127,113,113.19213973799127
circular,676,8,3,1,A,1.287982658966339,0.851472770357355,0.7250058786600291,127,113,113.0595744680851
circular,676,8,3,1,C,1.2126986560300144,0.8362378286911988,0.6992937061341707,127,113,113.0595744680851
circular,677,8,3,2,A,1.3291739035406254,0.867143239264847,0.7519373974027318,127,113,113.27433628318585
circular,677,8,3,2,C,1.2460374112779316,0.8524416060384218,0.7266566917053638,127,113,113.27433628318585
circular,678,8,3,3,A,1.3031457593948532,0.8758438259074537,0.7671024073802061,107,94,96.2406015037594
circular,678,8,3,3,C,1.2203793006932304,0.8653702937435169,0.7488657452937407,107,94,96.2406015037594
circular,679,8,3,4,A,1.3180813623160499,0.8793568664859571,0.7732684986360014,127,113,113.12068965517241
circular,679,8,3,4,C,1.2383439667303315,0.870384248589169,0.7575687401921323,127,113,113.12068965517241
circular,680,8,3,5,A,1.3035619058569614,0.8602550018596894,0.7400386682246142,146,131,133.76699029126215
circular,680,8,3,5,C,1.2273683779236455,0.8497055080325435,0.7219994503808429,146,131,133.76699029126215
circular,681,8,3,6,A,1.2865635028943803,0.8608308216552935,0.7410297035117277,146,131,133.76699029126215
circular,681,8,3,6,C,1.217423352338821,0.8499496463592341,0.7224144013461871,146,131,133.76699029126215
circular,682,8,3,7,A,1.2611379081323633,0.840055439911207,0.7056931421244116,126,112,112.15384615384616
circular,682,8,3,7,C,1.1927563599933264,0.818651764669121,0.670190711795866,126,112,112.15384615384616
circular,683,8,3,8,A,1.2447062672687463,0.8444976442321801,0.7131762711137019,107,94,96.36059479553903
circular,683,8,3,8,C,1.1795741019014168,0.8236262374793341,0.6783601790643644,107,94,96.36059479553903
circular,684,8,4,0,A,1.3029907065745734,0.8336138822295568,0.6949121046458334,129,115,115.01731601731602
circular,684,8,4,0,C,1.2291303759890977,0.8101107765111627,0.656279470219519,129,115,115.01731601731602
circular,685,8,4,1,A,1.2982835533187038,0.8520771612455211,0.7260354887162258,147,132,135.44776119402985
circular,685,8,4,1,C,1.2249473845478478,0.8384305618507462,0.7029658070453578,147,132,135.44776119402985
circular,686,8,4,2,A,1.3308915142302142,0.8676621714168756,0.7528376437078477,147,132,136.6875
circular,686,8,4,2,C,1.2502509344166395,0.8546196483739615,0.7303747433868336,147,132,136.6875
circular,687,8,4,3,A,1.3180813623160499,0.8793568664859571,0.7732684986360014,127,113,113.12068965517241
circular,687,8,4,3,C,1.2383439667303315,0.870384248589169,0.7575687401921323,127,113,113.12068965517241
circular,688,8,4,4,A,1.3513023480964759,0.8834754622891227,0.780528892466979,109,96,98.16058394160584
circular,688,8,4,4,C,1.2701560291045138,0.8749243457408354,0.765492610770029,109,96,98.16058394160584
circular,689,8,4,5,A,1.340497939708838,0.8645845779715704,0.7475064924662785,128,114,113.80645161290323
circular,689,8,4,5,C,1.262702604147901,0.8545395307950555,0.7302378096914336,128,114,113.80645161290323
circular,690,8,4,6,A,1.3235304766292544,0.8657150423983296,0.7494625346347417,128,114,113.80645161290323
circular,690,8,4,6,C,1.2533526348649469,0.8556120611750317,0.7320719992281862,128,114,113.80645161290323
circular,691,8,4,7,A,1.2919714514413914,0.8445118007366241,0.7132001815834156,128,114,113.96610169491525
circular,691,8,4,7,C,1.2241741045577048,0.8247244234257237,0.6801703745948924,128,114,113.96610169491525
circular,692,8,4,8,A,1.2742471395593684,0.8465916809115482,0.7167174741886407,109,96,98.04059040590406
circular,692,8,4,8,C,1.2092118407347052,0.8270884167747146,0.684075249162904,109,96,98.04059040590406
circular,693,8,5,0,A,1.2795020528528283,0.8158194973015812,0.6655614521774047,133,119,118.67659574468085
circular,693,8,5,0,C,1.212696416953891,0.7919844483466478,0.6272393664229441,133,119,118.67659574468085
circular,694,8,5,1,A,1.2766477283720339,0.834648395343343,0.6966379438492174,151,136,139.3219512195122
circular,694,8,5,1,C,1.2097359070749318,0.8200445168671897,0.6724730096439426,151,136,139.3219512195122
circular,695,8,5,2,A,1.313738191223664,0.8493631613240371,0.7214177798143623,166,150,166.0
circular,695,8,5,2,C,1.2375080946428219,0.8350056427172541,0.6972344233696546,166,150,166.0
circular,696,8,5,3,A,1.3035619058569614,0.8602550018596894,0.7400386682246142,146,131,133.76699029126215
circular,696,8,5,3,C,1.2273683779236455,0.8497055080325435,0.7219994503808429,146,131,133.76699029126215
circular,697,8,5,4,A,1.340497939708838,0.8645845779715704,0.7475064924662785,128,114,113.80645161290323
circular,697,8,5,4,C,1.262702604147901,0.8545395307950555,0.7302378096914336,128,114,113.80645161290323
circular,698,8,5,5,A,1.3242373951174684,0.846040560833364,0.7157846305752331,113,100,102.01379310344828
circular,698,8,5,5,C,1.2517019620314291,0.8351987445539899,0.6975569429045608,113,100,102.01379310344828
circular,699,8,5,6,A,1.3078018552102852,0.8501311147053014,0.7227229121900784,113,100,102.01379310344828
circular,699,8,5,6,C,1.243458542398794,0.8391358057866967,0.7041489005532887,113,100,102.01379310344828
circular,700,8,5,7,A,1.2679809756779463,0.8278268946638708,0.6852973675288275,113,100,101.5251798561151
circular,700,8,5,7,C,1.206777873053062,0.8073992390394488,0.651893531201481,113,100,101.5251798561151
circular,701,8,5,8,A,1.2575913176972118,0.8315396627881544,0.6914582107898375,113,100,101.41454545454546
circular,701,8,5,8,C,1.198797750420676,0.8114057416071353,0.6583792775130252,113,100,101.41454545454546
circular,702,8,6,0,A,1.2836323491137982,0.8307351972349859,0.690120967925051,113,100,101.41454545454546
circular,702,8,6,0,C,1.2250955210155625,0.8057399082370903,0.6492167997259147,113,100,101.41454545454546
circular,703,8,6,1,A,1.269491957202482,0.8453045154262152,0.7145397237999485,131,117,116.57551020408164
circular,703,8,6,1,C,1.2106418934961087,0.8298254363351488,0.6886102547888201,131,117,116.57551020408164
circular,704,8,6,2,A,1.3038258660167612,0.854581148722444,0.7303089397517719,146,131,133.76699029126215
circular,704,8,6,2,C,1.2356112207693504,0.8399831958143711,0.7055717692505241,146,131,133.76699029126215
circular,705,8,6,3,A,1.2865635028943803,0.8608308216552935,0.7410297035117277,146,131,133.76699029126215
circular,705,8,6,3,C,1.217423352338821,0.8499496463592341,0.7224144013461871,146,131,133.76699029126215
circular,706,8,6,4,A,1.3235304766292544,0.8657150423983296,0.7494625346347417,128,114,113.80645161290323
circular,706,8,6,4,C,1.2533526348649469,0.8556120611750317,0.7320719992281862,128,114,113.80645161290323
circular,707,8,6,5,A,1.3078018552102852,0.8501311147053014,0.7227229121900784,113,100,102.01379310344828
circular,707,8,6,5,C,1.243458542398794,0.8391358057866967,0.7041489005532887,113,100,102.01379310344828
circular,708,8,6,6,A,1.306210374160792,0.8627517296692471,0.7443405470472776,93,81,79.95675675675676
circular,708,8,6,6,C,1.2498268994392678,0.8512684866232567,0.7246580363178498,93,81,79.95675675675676
circular,709,8,6,7,A,1.2653562643084928,0.8435363208751219,0.7115535246355366,93,81,78.83798882681565
circular,709,8,6,7,C,1.2124994136553184,0.8222287819275108,0.6760601698299982,93,81,78.83798882681565
circular,710,8,6,8,A,1.2683887208892084,0.8475753667011041,0.7183840022385111,93,81,78.56056338028169
circular,710,8,6,8,C,1.217021549304827,0.8263095227179255,0.6827874273343257,93,81,78.56056338028169
circular,711,8,7,0,A,1.2374711534028435,0.8087355459493691,0.6540531832820241,93,81,79.31044776119403
circular,711,8,7,0,C,1.1819055694699816,0.773132850082265,0.5977344038763259,93,81,79.31044776119403
circular,712,8,7,1,A,1.228246076034283,0.8220660826680888,0.675792644273257,111,98,99.72527472527473
circular,712,8,7,1,C,1.171643283117959,0.7954106961264571,0.632678175512375,111,98,99.72527472527473
circular,713,8,7,2,A,1.2732830095303,0.8318537797726867,0.6919807109221056,126,112,112.15384615384616
circular,713,8,7,2,C,1.2052164622584876,0.8059899089421498,0.649619733316575,126,112,112.15384615384616
circular,714,8,7,3,A,1.2611379081323633,0.840055439911207,0.7056931421244116,126,112,112.15384615384616
circular,714,8,7,3,C,1.1927563599933264,0.818651764669121,0.670190711795866,126,112,112.15384615384616
circular,715,8,7,4,A,1.2919714514413914,0.8445118007366241,0.7132001815834156,128,114,113.96610169491525
circular,715,8,7,4,C,1.2241741045577048,0.8247244234257237,0.6801703745948924,128,114,113.96610169491525
circular,716,8,7,5,A,1.2679809756779463,0.8278268946638708,0.6852973675288275,113,100,101.5251798561151
circular,716,8,7,5,C,1.206777873053062,0.8073992390394488,0.651893531201481,113,100,101.5251798561151
circular,717,8,7,6,A,1.2653562643084928,0.8435363208751219,0.7115535246355366,93,81,78.83798882681565
circular,717,8,7,6,C,1.2124994136553184,0.8222287819275108,0.6760601698299982,93,81,78.83798882681565
circular,718,8,7,7,A,1.2098009595752288,0.822218846703681,0.6760438318747312,73,62,64.3444976076555
circular,718,8,7,7,C,1.1600146765358097,0.7906454408037795,0.6251202130638028,73,62,64.3444976076555
circular,719,8,7,8,A,1.2234110330563575,0.8294348081639735,0.6879621009940076,73,62,64.02168674698795
circular,719,8,7,8,C,1.1756538125198832,0.7979650149326092,0.6367481650563992,73,62,64.02168674698795
circular,720,8,8,0,A,1.2507342708029752,0.8162184546897662,0.6662125657761498,74,63,64.64039408866995
circular,720,8,8,0,C,1.1953845401652075,0.779503568353708,0.607625813076164,74,63,64.64039408866995
circular,721,8,8,1,A,1.228521793232344,0.82947644678456,0.688031175770339,92,80,78.18604651162791
circular,721,8,8,1,C,1.1738252620843472,0.8027482040038164,0.6444046790313529,92,80,78.18604651162791
circular,722,8,8,2,A,1.2672866799133333,0.8356560161233689,0.6983209772831802,107,94,96.36059479553903
circular,722,8,8,2,C,1.2024169843650285,0.8103235223642312,0.6566242108967747,107,94,96.36059479553903
circular,723,8,8,3,A,1.2447062672687463,0.8444976442321801,0.7131762711137019,107,94,96.36059479553903
circular,723,8,8,3,C,1.1795741019014168,0.8236262374793341,0.6783601790643644,107,94,96.36059479553903
circular,724,8,8,4,A,1.2742471395593684,0.8465916809115482,0.7167174741886407,109,96,98.04059040590406
circular,724,8,8,4,C,1.2092118407347052,0.8270884167747146,0.684075249162904,109,96,98.04059040590406
circular,725,8,8,5,A,1.2575913176972118,0.8315396627881544,0.6914582107898375,113,100,101.41454545454546
circular,725,8,8,5,C,1.198797750420676,0.8114057416071353,0.6583792775130252,113,100,101.41454545454546
circular,726,8,8,6,A,1.2683887208892084,0.8475753667011041,0.7183840022385111,93,81,78.56056338028169
circular,726,8,8,6,C,1.217021549304827,0.8263095227179255,0.6827874273343257,93,81,78.56056338028169
circular,727,8,8,7,A,1.2234110330563575,0.8294348081639735,0.6879621009940076,73,62,64.02168674698795
circular,727,8,8,7,C,1.1756538125198832,0.7979650149326092,0.6367481650563992,73,62,64.02168674698795
circular,728,8,8,8,A,1.2430950857728682,0.8389405903032577,0.7038213140583786,54,44,54.0
circular,728,8,8,8,C,1.1957211575335365,0.8061911090880827,0.6499441043726728,54,44,54.0
